Product Name,Version,Release Status,Retirement Date,Last Updated On
"Spotfire Analyst","14.0.7","Retirement Announced","11-30-2027","06-23-2026",
"Spotfire Analyst","14.0.8","Retirement Announced","11-30-2027","06-23-2026",
"Spotfire Analyst","14.0.10","Retirement Announced","11-30-2027","06-23-2026",
"Spotfire Analyst","14.7.0","Retirement Announced","12-31-2026","06-23-2026",
"Spotfire Analyst","14.0.9","Retirement Announced","11-30-2027","06-23-2026",
"Spotfire Analyst","14.5.0","Retired","06-30-2026","06-23-2026",
"Spotfire Analytics","14.0.10","Retirement Announced","11-30-2027","04-20-2026",
"Spotfire Service for Python","1.17.11","Retirement Announced","11-30-2027","04-20-2026",
"Spotfire Server","14.0.12","Retirement Announced","11-30-2027","04-20-2026",
"Spotfire Service for R","1.17.11","Retirement Announced","11-30-2027","04-20-2026",
"Spotfire Server","14.0.11","Retirement Announced","11-30-2027","06-23-2026",
"Spotfire Server","14.0.10","Retirement Announced","11-30-2027","06-23-2026",
"Spotfire Server","14.7.0","Retirement Announced","12-31-2026","06-23-2026",
"Spotfire Service for Python","1.17.10","Retirement Announced","11-30-2027","06-23-2026",
"Spotfire Service for R","1.17.10","Retirement Announced","11-30-2027","04-20-2026",
"Spotfire Service for Python","1.24.0","Retirement Announced","12-31-2026","06-23-2026",
"Spotfire Service for R","1.24.0","Retirement Announced","12-31-2026","06-23-2026",
"Spotfire Enterprise Runtime for R - Server Edition","1.24.0","Retirement Announced","12-31-2026","06-23-2026",
"Spotfire Developer","14.7.0","Retirement Announced","12-31-2026","04-20-2026",
"Spotfire Qualification","14.7.0","Retirement Announced","12-31-2026","04-20-2026",
"Spotfire Connectors","14.7.0","Retirement Announced","12-31-2026","04-20-2026",
"Spotfire Cloud Enterprise","14.7.0","Retirement Announced","12-31-2026","04-20-2026",
"Spotfire Business Author","14.7.0","Retirement Announced","12-31-2026","04-20-2026",
"Spotfire Consumer","14.7.0","Retirement Announced","12-31-2026","04-20-2026",
"Spotfire Web Player","14.7.0","Retirement Announced","12-31-2026","04-20-2026",
"Spotfire Industry Pro Trial","14.7.0","Retirement Announced","12-31-2026","04-20-2026",
"Spotfire Industry Pro Trial","14.5.0","Retired","06-30-2026","04-20-2026",
"Spotfire Industry Pro Trial","14.0.9","Retirement Announced","11-30-2027","04-20-2026",
"Spotfire Industry Pro","14.7.0","Retirement Announced","12-31-2026","04-20-2026",
"Spotfire Industry Pro","14.5.0","Retired","06-30-2026","04-20-2026",
"Spotfire Industry Pro","14.0.9","Retirement Announced","11-30-2027","04-20-2026",
"Spotfire Analytics","14.7.0","Retirement Announced","12-31-2026","04-20-2026",
"Spotfire Analytics","14.0.9","Retirement Announced","11-30-2027","04-20-2026",
"Spotfire Developer","14.5.0","Retired","06-30-2026","04-20-2026",
"Spotfire Qualification","14.5.0","Retired","06-30-2026","04-20-2026",
"Spotfire Connectors","14.5.0","Retired","06-30-2026","04-20-2026",
"Spotfire Cloud Enterprise","14.5.0","Retired","06-30-2026","04-20-2026",
"Spotfire Business Author","14.5.0","Retired","06-30-2026","04-20-2026",
"Spotfire Consumer","14.5.0","Retired","06-30-2026","04-20-2026",
"Spotfire Web Player","14.5.0","Retired","06-30-2026","04-20-2026",
"TIBCO Flogo Enterprise","2.25.2","Retirement Announced","01-31-2027","01-09-2026",
"TIBCO Flogo Enterprise","2.25.4","Retirement Announced","01-31-2027","01-09-2026",
"TIBCO Flogo Enterprise","2.25.7","Retirement Announced","01-31-2027","01-09-2026",
"TIBCO Flogo Enterprise","2.25.5","Retirement Announced","01-31-2027","01-09-2026",
"TIBCO Flogo Enterprise","2.25.8","Retirement Announced","01-31-2027","01-09-2026",
"TIBCO Flogo Enterprise","2.25.9","Retirement Announced","01-31-2027","01-09-2026",
"TIBCO Flogo Enterprise","2.25.6","Retirement Announced","01-31-2027","01-09-2026",
"TIBCO Flogo Enterprise","2.25.3","Retirement Announced","01-31-2027","01-09-2026",
"TIBCO Flogo Enterprise","2.15.0","Retired","03-31-2026","12-30-2025",
"TIBCO Flogo Enterprise","2.14.0","Retired","03-31-2026","12-30-2025",
"TIBCO Flogo Enterprise","2.13.0","Retired","03-31-2026","12-30-2025",
"TIBCO Flogo Enterprise","2.25.1","Retirement Announced","01-31-2027","01-09-2026",
"TIBCO Streaming","10.6.6","Retired","06-30-2025","10-11-2024",
"TIBCO Flogo Enterprise","2.25.0","Retirement Announced","01-31-2027","01-09-2026",
"TIBCO Flogo Enterprise","2.20.0","Retired","03-31-2026","12-30-2025",
"TIBCO Flogo Enterprise","2.19.0","Retired","03-31-2026","12-30-2025",
"TIBCO Flogo Enterprise","2.16.0","Retired","03-31-2026","12-30-2025",
"TIBCO Flogo Enterprise","2.21.0","Retired","03-31-2026","12-30-2025",
"TIBCO Flogo Enterprise","2.17.0","Retired","03-31-2026","12-30-2025",
"TIBCO Flogo Enterprise","2.24.0","Retired","03-31-2026","12-30-2025",
"TIBCO Streaming","10.6.5","Retired","06-30-2025","09-12-2024",
"TIBCO Flogo Enterprise","2.23.0","Retired","03-31-2026","12-30-2025",
"TIBCO Flogo Enterprise","2.22.0","Retired","03-31-2026","12-30-2025",
"TIBCO Flogo Enterprise","2.18.0","Retired","03-31-2026","12-30-2025",
"TIBCO Flogo Enterprise","2.8.1","Retired","02-28-2023","12-30-2025",
"TIBCO Flogo Enterprise","2.8.0","Retired","02-28-2023","12-30-2025",
"TIBCO Flogo Enterprise","2.11.0","Retired","03-31-2026","12-30-2025",
"TIBCO Flogo Enterprise","2.10.0","Retired","03-31-2026","12-30-2025",
"TIBCO Flogo Enterprise","2.4.0","Retired","02-28-2022","11-15-2025",
"TIBCO Flogo Enterprise","2.12.0","Retired","03-31-2026","12-30-2025",
"TIBCO Flogo Enterprise","2.9.0","Retired","06-30-2023","12-30-2025",
"TIBCO Flogo Enterprise","2.7.0","Retired","08-31-2022","09-01-2022",
"TIBCO Flogo Enterprise","2.1.0","Retired","05-31-2021","11-15-2025",
"TIBCO OpenSpirit Scan for Studio","6.0.0","Retired","09-01-2025","08-02-2024",
"TIBCO BusinessConnect SOAP Protocol Distribution for TIBCO Silver Fabric","6.0.0","Retired","12-31-2017","11-15-2025",
"Spotfire Analytics","14.0.8","Retirement Announced","11-30-2027","03-23-2026",
"Spotfire Server","14.0.9","Retirement Announced","11-30-2027","06-23-2026",
"Spotfire Service for Python","1.17.9","Retirement Announced","11-30-2027","06-23-2026",
"Spotfire Enterprise Runtime for R - Server Edition","1.17.9","Retirement Announced","11-30-2027","06-23-2026",
"Spotfire Service for R","1.17.9","Retirement Announced","11-30-2027","12-10-2025",
"Spotfire Analytics","14.5.0","Retired","06-30-2026","03-23-2026",
"Spotfire Analytics","14.0.7","Retirement Announced","11-30-2027","03-23-2026",
"TIBCO Operational Intelligence Hawk RedTail","7.4.0","Retirement Announced","09-30-2026","11-15-2025",
"EBX","6.1.5","Retirement Announced","05-31-2027","05-27-2026",
"Spotfire Server","14.0.8","Retirement Announced","11-30-2027","12-10-2025",
"Spotfire Server","14.5.0","Retired","06-30-2026","11-15-2025",
"Spotfire Service for R","1.22.0","Retired","06-30-2026","11-15-2025",
"Spotfire Service for Python","1.22.0","Retired","06-30-2026","11-15-2025",
"Spotfire Enterprise Runtime for R - Server Edition","1.22.0","Retired","06-30-2026","11-15-2025",
"Spotfire Service for R","1.17.8","Retirement Announced","11-30-2027","12-10-2025",
"Spotfire Service for Python","1.17.8","Retirement Announced","11-30-2027","12-10-2025",
"Spotfire Enterprise Runtime for R - Server Edition","1.17.8","Retirement Announced","11-30-2027","12-10-2025",
"TIBCO BPM Enterprise","5.6.1","Retirement Announced","04-30-2027","04-21-2026",
"TIBCO BusinessConnect Container Edition - ebXML Protocol","1.2.0","Retirement Announced","09-30-2026","11-15-2025",
"TIBCO BusinessConnect Container Edition - EDI Protocol HIPAA Edition powered by Instream","1.2.0","GA","06-30-2028","05-05-2026",
"TIBCO BusinessConnect Container Edition - SOAP Protocol","1.2.0","Retirement Announced","09-30-2026","11-15-2025",
"TIBCO BusinessConnect Container Edition - Services Plug-in","1.6.0","GA","06-30-2028","05-05-2026",
"TIBCO BusinessConnect Container Edition ConfigStore Management Interface Protocol","1.1.0","GA","03-31-2028","05-05-2026",
"TIBCO BusinessConnect Container Edition","1.6.0","Retirement Announced","09-30-2026","11-15-2025",
"TIBCO BusinessConnect Container Edition - RosettaNet Protocol","1.6.0","GA","06-30-2028","05-05-2026",
"TIBCO BusinessConnect Container Edition - EDI Protocol powered by Instream","1.5.0","GA","06-30-2028","05-05-2026",
"TIBCO Data Virtualization","8.8.1","Retirement Announced","01-05-2028","06-23-2026",
"Spotfire Server","14.0.7","Retirement Announced","11-30-2027","12-10-2025",
"Spotfire Server","14.4.2","Retired","06-30-2026","11-15-2025",
"Spotfire Analyst","14.4.2","Retired","06-30-2026","11-15-2025",
"Spotfire Analyst","14.0.6","Retirement Announced","11-30-2027","12-10-2025",
"Spotfire Service for Python","1.21.2","Retired","06-30-2026","11-15-2025",
"Spotfire Enterprise Runtime for R - Server Edition","1.21.2","Retired","06-30-2026","11-15-2025",
"Spotfire Service for R","1.21.2","Retired","06-30-2026","11-15-2025",
"Spotfire Service for Python","1.17.7","Retirement Announced","11-30-2027","12-10-2025",
"Spotfire Service for R","1.17.7","Retirement Announced","11-30-2027","12-10-2025",
"Spotfire Enterprise Runtime for R - Server Edition","1.17.7","Retirement Announced","11-30-2027","12-10-2025",
"TIBCO Messaging - Schema Repository for Apache Kafka - Enterprise Edition","2.0.0","Retirement Announced","04-30-2027","04-03-2026",
"TIBCO Managed File Transfer Platform Server for zLinux","8.1.2","Retirement Announced","03-31-2027","03-06-2026",
"TIBCO ActiveSpaces","5.0.0","Retired","06-30-2026","11-15-2025",
"Spotfire Statistica","14.3.0","Retirement Announced","05-15-2027","05-15-2026",
"TIBCO Business Studio - BPM Edition","4.3.4","Retired","06-02-2026","11-19-2025",
"TIBCO BPM Enterprise","4.3.4","Retired","06-02-2026","11-19-2025",
"TIBCO Enterprise Message Service Distribution for TIBCO Silver Fabric","8.7.0","Retired","09-01-2025","11-15-2025",
"TIBCO Enterprise RTView","7.6.0","Retired","09-01-2025","12-21-2024",
"TIBCO eFTL","7.0.1","Retired","06-30-2026","07-15-2025",
"TIBCO BusinessWorks Container Edition","2.10.0","Retirement Announced","05-31-2027","11-19-2025",
"TIBCO ActiveMatrix BusinessWorks","6.11.0","Retirement Announced","05-31-2027","11-15-2025",
"TIBCO ActiveMatrix BusinessWorks","5.16.0","Retired","03-31-2026","11-15-2025",
"TIBCO FTL","7.0.1","Retired","06-30-2026","11-15-2025",
"TIBCO BPM Enterprise","5.6.0","Retirement Announced","04-30-2027","04-21-2026",
"Spotfire Server","14.4.1","Retired","06-30-2026","11-15-2025",
"Spotfire Analyst","14.4.1","Retired","06-30-2026","11-15-2025",
"Spotfire Enterprise Runtime for R - Server Edition","1.21.1","Retired","06-30-2026","11-15-2025",
"Spotfire Service for Python","1.21.1","Retired","06-30-2026","11-15-2025",
"Spotfire Service for R","1.21.1","Retired","06-30-2026","11-15-2025",
"Spotfire Enterprise Runtime for R - Server Edition","1.17.6","Retirement Announced","11-30-2027","12-10-2025",
"Spotfire Service for Python","1.17.6","Retirement Announced","11-30-2027","12-10-2025",
"Spotfire Service for R","1.17.6","Retirement Announced","11-30-2027","12-10-2025",
"Spotfire Server","14.0.6","Retirement Announced","11-30-2027","12-10-2025",
"Spotfire Analyst","14.0.5","Retirement Announced","11-30-2027","12-10-2025",
"TIBCO Operational Intelligence Hawk RedTail","7.3.0","Retired","07-31-2026","11-15-2025",
"TIBCO Hawk","6.3.1","Retirement Announced","09-30-2026","11-15-2025",
"TIBCO Hawk","6.2.5","Retired","12-31-2025","11-15-2025",
"TIBCO Messaging - Eclipse Mosquitto Distribution - Core - Enterprise Edition","1.3.0","Retired","04-30-2022","11-15-2025",
"TIBCO BusinessConnect Container Edition","1.5.0","Retirement Announced","09-30-2026","11-15-2025",
"TIBCO BusinessConnect Container Edition - ebXML Protocol","1.1.0","Retirement Announced","09-30-2026","11-15-2025",
"TIBCO BusinessConnect Container Edition - Services Plug-in","1.5.0","Retirement Announced","09-30-2026","11-15-2025",
"TIBCO BusinessConnect Container Edition - SOAP Protocol","1.1.0","Retirement Announced","09-30-2026","11-15-2025",
"TIBCO BusinessConnect Container Edition - RosettaNet Protocol","1.5.0","Retirement Announced","09-30-2026","11-15-2025",
"TIBCO BusinessConnect Container Edition - EDI Protocol powered by Instream","1.4.0","Retirement Announced","09-30-2026","11-15-2025",
"TIBCO BusinessConnect Container Edition - EDI Protocol HIPAA Edition powered by Instream","1.1.0","Retirement Announced","09-30-2026","11-15-2025",
"TIBCO BusinessConnect Container Edition ConfigStore Management Interface Protocol","1.0.0","Retirement Announced","09-30-2026","11-15-2025",
"TIBCO BusinessEvents Enterprise Edition","6.3.1","Retirement Announced","09-30-2026","02-04-2026",
"ibi WebFOCUS","9.0.6","Retired","12-04-2025","12-09-2024",
"Spotfire Service for R","1.17.5","Retirement Announced","11-30-2027","12-10-2025",
"Spotfire Enterprise Runtime for R - Server Edition","1.17.5","Retirement Announced","11-30-2027","12-10-2025",
"Spotfire Service for Python","1.17.5","Retirement Announced","11-30-2027","12-10-2025",
"Spotfire Enterprise Runtime for R - Server Edition","1.12.9","Retired","01-31-2026","11-01-2024",
"Spotfire Service for Python","1.12.9","Retired","01-31-2026","11-01-2024",
"Spotfire Analyst","14.0.4","Retirement Announced","11-30-2027","12-10-2025",
"Spotfire Analyst","12.0.11","Retired","01-31-2026","11-01-2024",
"Spotfire Server","14.0.5","Retirement Announced","11-30-2027","12-10-2025",
"Spotfire Server","12.0.12","Retired","01-31-2026","11-01-2024",
"TIBCO Managed File Transfer Platform Server for Windows","8.0.1","Retirement Announced","12-31-2026","12-11-2025",
"TIBCO iProcess Workspace (Browser)","11.8.1","Retirement Announced","09-30-2026","11-15-2025",
"TIBCO Patterns","5.7.1","Retirement Announced","06-30-2027","07-24-2026",
"TIBCO iProcess Engine (SQL)","11.8.1","Retirement Announced","09-30-2026","11-15-2025",
"TIBCO Managed File Transfer Command Center","8.4.0","Retirement Announced","12-31-2026","12-11-2025",
"TIBCO iProcess Web Services Client Plug-in","11.8.0","Retirement Announced","09-30-2026","11-15-2025",
"TIBCO iProcess Web Services Server Plug-in","11.8.0","Retirement Announced","09-30-2026","11-15-2025",
"TIBCO ActiveMatrix BusinessWorks Plug-in for Amazon SQS and SNS","6.5.0","Retired","10-31-2025","03-21-2026",
"TIBCO ActiveMatrix BusinessWorks Plug-in for Salesforce.com","6.9.1","Retired","10-31-2025","04-15-2026",
"TIBCO Nimbus Cloud Service","10.4.0","Retired","07-31-2025","11-15-2024",
"TIBCO ActiveMatrix BusinessWorks Plug-in for Files for Unix and Windows","8.2.0","Retired","10-31-2025","03-21-2026",
"TIBCO Administrator - Enterprise Edition Distribution for TIBCO Silver Fabric","5.11.2","Retired","09-01-2025","11-15-2025",
"TIBCO BusinessWorks Container Edition","2.9.2","Retirement Announced","11-30-2026","11-15-2025",
"TIBCO API Exchange Gateway Distribution for TIBCO Silver Fabric","2.4.0","Retired","09-01-2025","11-15-2025",
"Spotfire Qualification","14.4.0","Retired","06-30-2026","06-30-2025",
"Spotfire Connectors","14.4.0","Retired","06-30-2026","06-30-2025",
"Spotfire Cloud Enterprise","14.4.0","Retired","06-30-2026","06-30-2025",
"Spotfire Business Author","14.4.0","Retired","06-30-2026","06-30-2025",
"TIBCO ActiveSpaces","4.10.1","Retired","05-31-2026","11-15-2025",
"Spotfire Consumer","14.4.0","Retired","06-30-2026","06-30-2025",
"Spotfire Web Player","14.4.0","Retired","06-30-2026","06-30-2025",
"EBX","6.2.0","Retirement Announced","05-31-2027","05-27-2026",
"Spotfire Analyst","14.0.3","Retirement Announced","11-30-2027","12-10-2025",
"TIBCO AuditSafe","1.4.0","Retired","09-01-2025","01-14-2026",
"EBX","6.1.4","Retirement Announced","05-31-2027","05-27-2026",
"Spotfire Service for Python","1.17.4","Retirement Announced","11-30-2027","12-10-2025",
"TIBCO BusinessConnect Container Edition","1.4.0","Retirement Announced","09-30-2026","11-15-2025",
"Spotfire Service for Python","1.12.8","Retired","01-31-2026","11-01-2024",
"TIBCO BusinessConnect Container Edition - RosettaNet Protocol","1.4.0","Retirement Announced","09-30-2026","11-15-2025",
"Spotfire Server","14.4.0","Retired","06-30-2026","11-15-2025",
"Spotfire Server","14.0.4","Retirement Announced","11-30-2027","12-10-2025",
"Spotfire Server","12.0.11","Retired","01-31-2026","11-01-2024",
"TIBCO BusinessConnect Container Edition - Services Plug-in","1.4.0","Retirement Announced","09-30-2026","11-15-2025",
"TIBCO BusinessConnect Container Edition - EDI Protocol powered by Instream","1.3.0","Retirement Announced","09-30-2026","11-15-2025",
"Spotfire Statistics Services","12.0.8","Retired","10-31-2025","11-01-2024",
"Spotfire Enterprise Runtime for R - Server Edition","1.12.8","Retired","01-31-2026","11-01-2024",
"Spotfire Enterprise Runtime for R - Server Edition","1.21.0","Retired","06-30-2026","11-15-2025",
"Spotfire Developer","14.4.0","Retired","06-30-2026","06-30-2025",
"Spotfire Enterprise Runtime for R - Server Edition","1.17.4","Retirement Announced","11-30-2027","12-10-2025",
"Spotfire Service for Python","1.21.0","Retired","06-30-2026","11-15-2025",
"Spotfire Analyst","12.0.10","Retired","01-31-2026","11-01-2024",
"Spotfire Analyst","14.4.0","Retired","06-30-2026","11-15-2025",
"Spotfire Service for R","1.21.0","Retired","06-30-2026","11-15-2025",
"TIBCO Managed File Transfer Platform Server for UNIX","8.0.2","Retirement Announced","04-30-2027","06-12-2026",
"Spotfire Service for R","1.17.4","Retirement Announced","11-30-2027","12-10-2025",
"TIBCO eFTL","7.0.0","Retired","06-30-2026","07-15-2025",
"TIBCO FTL","7.0.0","Retired","06-30-2026","11-15-2025",
"TIBCO ActiveSpaces","4.10.0","Retired","05-31-2026","11-15-2025",
"TIBCO BusinessConnect Palette","6.5.0","GA","03-31-2028","05-06-2026",
"TIBCO Business Studio - BPM Edition","4.3.3","Retired","06-02-2026","11-19-2025",
"TIBCO ActiveMatrix BusinessWorks Distribution for TIBCO Silver Fabric","6.9.0","Retired","09-01-2025","11-15-2025",
"TIBCO BPM Enterprise","4.3.3","Retired","06-02-2026","11-19-2025",
"TIBCO Hawk Microagent for TIBCO BusinessWorks Container Edition","2.1.0","Retirement Announced","09-30-2026","02-25-2026",
"Spotfire Server","12.0.4","Retired","01-31-2026","05-08-2025",
"Spotfire Analyst","12.0.3","Retired","01-31-2026","05-08-2025",
"Spotfire Enterprise Runtime for R","6.0.2","Retired","06-30-2026","06-30-2025",
"TIBCO ActiveMatrix BusinessWorks Plug-in for Facebook","1.4.0","Retirement Announced","09-30-2026","04-13-2026",
"TIBCO MDM","10.0.0","Retirement Announced","01-31-2027","02-09-2026",
"Spotfire Server","12.0.3","Retired","01-31-2026","05-08-2025",
"Spotfire Server","12.0.2","Retired","01-31-2026","05-08-2025",
"Spotfire Analyst","12.0.2","Retired","01-31-2026","05-08-2025",
"TIBCO BusinessWorks Container Edition","2.8.0","Retired","05-31-2026","11-15-2025",
"Spotfire Enterprise Runtime for R - Server Edition","1.12.2","Retired","01-31-2026","05-08-2025",
"TIBCO ActiveMatrix BusinessWorks Plug-in for ActiveSpaces","6.3.2","Retired","06-30-2025","11-15-2025",
"Spotfire Service for Python","1.12.2","Retired","01-31-2026","05-08-2025",
"TIBCO ActiveMatrix BusinessWorks Distribution for TIBCO Silver Fabric","5.15.0","Retired","09-01-2025","11-15-2025",
"TIBCO BusinessConnect Palette","6.4.0","Retired","06-30-2026","04-29-2024",
"TIBCO Managed File Transfer Command Center","8.4.2","Retirement Announced","12-31-2026","12-11-2025",
"TIBCO MDM","9.3.1","Retired","05-31-2026","11-15-2025",
"TIBCO Managed File Transfer Platform Server for zLinux","8.0.1","Retirement Announced","03-31-2027","06-12-2026",
"ibi Data Migrator","9.0.1","Retired","12-04-2025","12-09-2024",
"TIBCO ActiveMatrix BusinessWorks Plug-in for Twitter","6.1.2","Retirement Announced","09-30-2026","04-13-2026",
"Spotfire Analyst","12.0.4","Retired","01-31-2026","05-08-2025",
"Spotfire Enterprise Runtime for R","6.0.3","Retired","06-30-2026","06-30-2025",
"Spotfire Data Science Team Studio","7.0.1","Retired","07-30-2026","11-15-2025",
"TIBCO BusinessWorks Container Edition","2.8.2","Retired","05-31-2026","11-15-2025",
"TIBCO ActiveMatrix BusinessWorks","6.9.1","Retired","05-31-2026","11-15-2025",
"TIBCO Silver Fabric Enabler for TIBCO Hawk","1.3.0","Retired","09-01-2025","11-15-2025",
"TIBCO Hawk Distribution for TIBCO Silver Fabric","6.2.2","Retired","09-01-2025","11-15-2025",
"TIBCO FTL","6.10.0","Retired","12-31-2025","11-15-2025",
"TIBCO eFTL","6.10.0","Retired","12-31-2025","05-07-2025",
"TIBCO BusinessConnect","7.4.0","GA","03-31-2028","07-13-2026",
"Spotfire Consumer","12.0.0","Retired","01-31-2026","05-08-2025",
"Spotfire Web Player","12.0.0","Retired","01-31-2026","05-08-2025",
"TIBCO BPM Enterprise","5.4.0","Retired","03-25-2026","11-19-2025",
"Spotfire Statistics Services","12.0.0","Retired","10-31-2025","11-01-2024",
"TIBCO Business Studio - BPM Edition","5.4.0","Retired","03-25-2026","11-19-2025",
"Spotfire Server","12.0.0","Retired","01-31-2026","05-08-2025",
"TIBCO Managed File Transfer Internet Server","8.5.0","Retirement Announced","12-31-2026","12-11-2025",
"TIBCO Silver Fabric Enabler for ActiveMatrix BusinessWorks","3.6.0","Retired","09-01-2025","11-15-2025",
"TIBCO Flogo","2.6.1","Retired","06-30-2022","07-01-2022",
"Spotfire Service for R","1.17.3","Retirement Announced","11-30-2027","12-10-2025",
"Spotfire Service for Python","1.17.3","Retirement Announced","11-30-2027","12-10-2025",
"Spotfire Enterprise Runtime for R - Server Edition","1.17.3","Retirement Announced","11-30-2027","12-10-2025",
"ibi Data Migrator","9.0.2","Retired","12-04-2025","12-09-2024",
"TIBCO Flogo","2.6.0","Retired","06-30-2022","07-01-2022",
"Spotfire Data Science - Workbench","14.2.0","Retired","08-01-2026","11-15-2025",
"TIBCO Managed File Transfer Command Center","8.5.2","Retirement Announced","12-31-2026","12-11-2025",
"TIBCO Managed File Transfer Command Center","8.4.4","Retirement Announced","12-31-2026","12-11-2025",
"TIBCO BPM Enterprise","5.5.0","Retired","06-02-2026","11-19-2025",
"TIBCO Business Studio - BPM Edition","5.5.0","Retired","06-02-2026","11-19-2025",
"Spotfire Statistics Services","12.0.7","Retired","10-31-2025","11-01-2024",
"TIBCO ActiveMatrix BusinessWorks Plug-in for MongoDB","6.3.1","Retired","10-31-2025","11-15-2025",
"TIBCO ActiveMatrix Service Grid Distribution for TIBCO Silver Fabric","3.4.0","Retired","09-01-2025","11-15-2025",
"TIBCO eFTL","6.10.2","Retired","12-31-2025","05-07-2025",
"TIBCO Enterprise Message Service","10.3.0","Retired","03-31-2026","11-15-2025",
"TIBCO ActiveSpaces","4.9.1","Retired","09-30-2025","11-15-2025",
"TIBCO Silver Fabric Enabler for ActiveMatrix Service Grid","1.3.2","Retired","09-01-2025","11-15-2025",
"Spotfire Service for R","1.17.2","Retirement Announced","11-30-2027","12-10-2025",
"TIBCO Silver Fabric Enabler for ActiveMatrix BPM","1.4.2","Retired","09-01-2025","11-15-2025",
"Spotfire Service for Python","1.17.2","Retirement Announced","11-30-2027","12-10-2025",
"Spotfire Service for Python","1.12.7","Retired","01-31-2026","11-01-2024",
"TIBCO ActiveMatrix BusinessWorks Plug-in for TIBCO Cloud AuditSafe","6.1.0","GA","06-30-2027","05-05-2026",
"TIBCO Messaging Castle - Powered by Apache Kafka","3.6.1","Retired","11-30-2025","02-26-2026",
"DataSynapse GridServer","6.3.1","Retirement Announced","12-31-2026","07-14-2026",
"Spotfire Enterprise Runtime for R - Server Edition","1.12.6","Retired","01-31-2026","11-01-2024",
"Spotfire Server","14.0.1","Retirement Announced","11-30-2027","12-10-2025",
"Spotfire Analyst","14.0.1","Retirement Announced","11-30-2027","12-10-2025",
"TIBCO ActiveMatrix BusinessWorks Plug-in for TIBCO Cloud AuditSafe","6.0.0","Retired","12-31-2022","01-01-2023",
"TIBCO Managed File Transfer Command Center","8.5.1","Retirement Announced","12-31-2026","12-11-2025",
"TIBCO Managed File Transfer Command Center","8.4.3","Retirement Announced","12-31-2026","12-11-2025",
"TIBCO Managed File Transfer Internet Server","8.5.1","Retirement Announced","12-31-2026","12-11-2025",
"TIBCO Managed File Transfer Internet Server","8.4.3","Retirement Announced","12-31-2026","12-11-2025",
"TIBCO Enterprise Message Service Distribution for TIBCO Silver Fabric","8.4.1","Retired","09-01-2025","11-15-2025",
"TIBCO ActiveMatrix BusinessWorks","6.10.0","Retirement Announced","11-30-2026","11-15-2025",
"TIBCO BusinessWorks Container Edition","2.9.0","Retirement Announced","11-30-2026","11-15-2025",
"Spotfire Service for R","1.17.0","Retirement Announced","11-30-2027","12-10-2025",
"Spotfire Enterprise Runtime for R - Server Edition","1.17.0","Retirement Announced","11-30-2027","12-10-2025",
"TIBCO BusinessConnect Container Edition - Services Plug-in","1.3.0","Retirement Announced","09-30-2026","10-17-2025",
"TIBCO BusinessConnect Container Edition - SOAP Protocol","1.0.0","Retirement Announced","09-30-2026","11-15-2025",
"TIBCO BusinessConnect Container Edition - ebXML Protocol","1.0.0","Retirement Announced","09-30-2026","11-15-2025",
"TIBCO BusinessConnect Container Edition","1.3.0","Retirement Announced","09-30-2026","10-17-2025",
"TIBCO BusinessConnect Container Edition - RosettaNet Protocol","1.3.0","Retirement Announced","09-30-2026","10-17-2025",
"TIBCO ActiveMatrix BusinessWorks Distribution for TIBCO Silver Fabric","5.13.1","Retired","09-01-2025","11-15-2025",
"TIBCO Rendezvous","8.7.0","Retired","03-31-2026","11-15-2025",
"Spotfire Server","12.0.7","Retired","01-31-2026","05-08-2025",
"TIBCO Data Virtualization","8.8.0","Retirement Announced","01-05-2028","06-04-2026",
"Spotfire Analyst","12.0.7","Retired","01-31-2026","05-08-2025",
"Spotfire Server","12.0.8","Retired","01-31-2026","05-08-2025",
"TIBCO Hawk Distribution for TIBCO Silver Fabric","6.2.3","Retired","09-01-2025","11-15-2025",
"Spotfire Server","12.0.6","Retired","01-31-2026","05-08-2025",
"TIBCO Operational Intelligence Hawk RedTail","7.2.2","Retired","12-31-2025","11-15-2025",
"Spotfire Service for Python","1.12.5","Retired","01-31-2026","05-08-2025",
"EBX","6.1.1","Retirement Announced","05-31-2027","05-27-2026",
"TIBCO Administrator - Enterprise Edition Distribution for TIBCO Silver Fabric","5.12.2","Retired","09-01-2025","11-15-2025",
"TIBCO AuditSafe","1.2.0","Retired","12-31-2025","06-18-2024",
"TIBCO ActiveMatrix BusinessWorks for z/Linux","5.14.0","Retired","03-31-2025","11-15-2025",
"TIBCO Administrator - Enterprise Edition Distribution for TIBCO Silver Fabric","5.11.0","Retired","09-01-2025","01-07-2025",
"TIBCO BusinessConnect Container Edition - Services Plug-in","1.2.0","Retired","12-31-2025","12-06-2023",
"TIBCO ActiveMatrix BusinessWorks Distribution for TIBCO Silver Fabric","5.14.0","Retired","09-01-2025","11-15-2025",
"TIBCO BusinessConnect Container Edition - EDI Protocol powered by Instream","1.1.0","Retirement Announced","09-30-2026","12-06-2023",
"TIBCO ActiveMatrix BusinessWorks","5.14.0","Retired","03-31-2026","11-15-2025",
"TIBCO BusinessWorks Container Edition","2.8.3","Retired","05-31-2026","11-15-2025",
"TIBCO Managed File Transfer Platform Server for Windows","8.0.0","Retirement Announced","12-31-2026","12-11-2025",
"Spotfire Service for Python","1.12.1","Retired","01-31-2026","05-08-2025",
"Spotfire Statistics Services","12.0.1","Retired","10-31-2025","11-01-2024",
"TIBCO iProcess Workspace (Windows)","11.9.0","Retirement Announced","06-30-2027","01-15-2026",
"TIBCO iProcess Engine (DB2)","11.9.0","Retirement Announced","06-30-2027","01-15-2026",
"TIBCO iProcess Technology Plug-ins","11.9.0","Retirement Announced","06-30-2027","01-15-2026",
"TIBCO iProcess Engine (SQL)","11.9.0","Retirement Announced","06-30-2027","01-15-2026",
"TIBCO iProcess Engine (Oracle)","11.9.0","Retirement Announced","06-30-2027","01-15-2026",
"Spotfire Enterprise Runtime for R","6.0.1","Retired","06-30-2026","06-30-2025",
"ibi Data Migrator","9.0.3","Retired","12-04-2025","12-09-2024",
"TIBCO Flogo","2.0.0","Retired","04-30-2021",,
"TIBCO Enterprise Administrator Distribution for TIBCO Silver Fabric","2.3.0","Retired","09-01-2025","11-15-2025",
"TIBCO ActiveMatrix Decisions Distribution for TIBCO Silver Fabric","1.3.0","Retired","09-01-2025","11-15-2025",
"TIBCO Flogo","2.8.1","Retired","02-28-2023","03-01-2023",
"TIBCO ActiveSpaces Enterprise Edition Distribution for TIBCO Silver Fabric","2.4.1","Retired","09-01-2025","11-15-2025",
"TIBCO BusinessConnect EDI Protocol Distribution for TIBCO Silver Fabric","6.8.0","Retired","09-01-2025","11-15-2025",
"TIBCO Enterprise Message Service Distribution for TIBCO Silver Fabric","8.5.1","Retired","09-01-2025","11-15-2025",
"TIBCO Administrator - Enterprise Edition Distribution for TIBCO Silver Fabric","5.11.1","Retired","09-01-2025","01-07-2025",
"TIBCO ActiveMatrix BusinessWorks Plug-in for ActiveSpaces","8.0.0","Retired","06-30-2025","11-15-2025",
"TIBCO Silver Fabric Enabler for Apache Tomcat","6.0.0","Retired","09-01-2025","11-15-2025",
"TIBCO Administrator - Enterprise Edition Distribution for TIBCO Silver Fabric","5.10.2","Retired","09-01-2025","11-15-2025",
"TIBCO BusinessConnect Distribution for TIBCO Silver Fabric","6.4.0","Retired","09-01-2025","11-15-2025",
"TIBCO BusinessConnect EDI Protocol HIPAA Edition Distribution for TIBCO Silver Fabric","6.7.0","Retired","09-01-2025","01-08-2025",
"TIBCO BusinessConnect SOAP Protocol Distribution for TIBCO Silver Fabric","6.2.0","Retired","09-01-2025","11-15-2025",
"TIBCO Flogo","2.8.0","Retired","02-28-2023","03-01-2023",
"TIBCO BusinessConnect SOAP Protocol","7.1.0","GA","09-30-2027","07-26-2022",
"TIBCO BusinessConnect Services Plug-in","6.3.0","GA","09-30-2027","07-26-2022",
"TIBCO BusinessConnect EDI Protocol Powered by Instream","6.10.0","GA","09-30-2027","07-26-2022",
"TIBCO ActiveMatrix BusinessWorks Plug-in for Salesforce.com","6.7.0","Retired","10-31-2025","04-15-2026",
"TIBCO ActiveMatrix BusinessWorks Plug-in for ActiveSpaces","7.1.0","Retired","10-04-2023","10-05-2023",
"TIBCO Managed File Transfer Platform Server for IBM i","8.0.0","Retired","03-31-2026","06-16-2026",
"TIBCO BusinessEvents Distribution for TIBCO Silver Fabric","5.6.0","Retired","12-31-2022","10-31-2022",
"TIBCO Silver Fabric Enabler for TIBCO Enterprise Message Service","2.3.0","Retired","09-01-2025","11-15-2025",
"TIBCO Silver Fabric Enabler for ActiveMatrix Service Grid","1.3.1","Retired","09-01-2025","01-06-2025",
"TIBCO Enterprise Message Service Distribution for TIBCO Silver Fabric","8.4.0","Retired","09-01-2025","11-15-2025",
"TIBCO ActiveMatrix BusinessWorks Plug-in for MongoDB","1.1.0","Retired","10-31-2025","04-03-2026",
"TIBCO MDM Studio","5.1.0","Retired","11-30-2025","11-15-2025",
"Spotfire Enterprise Runtime for R","6.0.0","Retired","06-30-2026","06-30-2025",
"TIBCO ActiveMatrix BusinessWorks Plug-in for ActiveSpaces","7.0.0","Retired","10-04-2023","10-05-2023",
"TIBCO ActiveMatrix BusinessWorks Plug-in for Salesforce.com","6.9.0","Retired","10-31-2025","04-15-2026",
"TIBCO ActiveSpaces Enterprise Edition Distribution for TIBCO Silver Fabric","2.3.0","Retired","09-01-2025","11-15-2025",
"Spotfire Statistica","12.5 SP1","Retired","07-30-2017","05-18-2022",
"TIBCO ActiveMatrix BusinessWorks Distribution for TIBCO Silver Fabric","6.4.0","Retired","09-01-2025","11-15-2025",
"TIBCO Silver Fabric Enabler for ActiveMatrix BusinessWorks","3.5.0","Retired","09-01-2025","11-15-2025",
"TIBCO BusinessEvents Distribution for TIBCO Silver Fabric","5.4.1","Retired","12-31-2020","10-31-2022",
"TIBCO Silver Fabric Enabler for TIBCO BusinessEvents","3.3.0","Retired","09-01-2025","01-06-2025",
"TIBCO Flogo","2.4.0","Retired","02-28-2022",,
"TIBCO Managed File Transfer Platform Server for UNIX","8.0.0","Retirement Announced","04-30-2027","06-12-2026",
"Spotfire Statistica","9","Retired","05-15-2012",,
"Spotfire Statistica","10","Retired","11-12-2013",,
"Spotfire Statistica","12 SP3","Retired","01-16-2017",,
"Spotfire Statistica","12 SP1","Retired","12-12-2015",,
"Spotfire Statistica","12.5","Retired","04-30-2017",,
"TIBCO ActiveSpaces Enterprise Edition Distribution for TIBCO Silver Fabric","2.2.1","Retired","09-01-2025","11-15-2025",
"TIBCO RTView for ActiveMatrix BusinessWorks","6.5.0","Retired","09-01-2025","08-23-2025",
"DataSynapse High-Performance Computing Cloud Adapter","1.1.0","Retirement Announced","03-31-2027","04-21-2026",
"TIBCO ActiveMatrix BusinessWorks Plug-in for MongoDB","6.3.0","Retired","10-31-2025","11-15-2025",
"DataSynapse GridServer","7.0.0","Retirement Announced","12-31-2027","07-14-2026",
"TIBCO Silver Fabric Enabler for ActiveMatrix BusinessWorks","3.4.0","Retired","09-01-2025","01-06-2025",
"TIBCO ActiveMatrix BusinessWorks Distribution for TIBCO Silver Fabric","5.13.2","Retired","09-01-2025","11-15-2025",
"DataSynapse High-Performance Computing Cloud Adapter","1.3.0","Retirement Announced","03-31-2027","04-21-2026",
"TIBCO Managed File Transfer Platform Server for IBM i","8.0.1","Retired","03-31-2026","06-16-2026",
"TIBCO Managed File Transfer Platform Server for IBM i","7.1.1","Retired","03-31-2026","06-16-2026",
"TIBCO iProcess Technology Plug-ins","11.8.0","Retirement Announced","09-30-2026","11-15-2025",
"TIBCO iProcess Engine (DB2)","11.8.0","Retirement Announced","09-30-2026","11-15-2025",
"TIBCO Silver Fabric Enabler for TIBCO Enterprise Message Service","2.2.0","Retired","09-01-2025","01-06-2025",
"TIBCO iProcess Workspace Plug-ins","11.8.0","Retirement Announced","09-30-2026","11-15-2025",
"TIBCO iProcess Engine (Oracle)","11.8.0","Retirement Announced","09-30-2026","11-15-2025",
"TIBCO ActiveMatrix BusinessWorks Plug-in for Confidentiality","6.1.0","Retired","10-31-2025","03-21-2026",
"TIBCO BusinessWorks Container Edition","2.1.1","Retired","11-30-2019",,
"TIBCO BusinessConnect EDI Protocol Distribution for TIBCO Silver Fabric","6.7.0","Retired","09-01-2025","11-15-2025",
"TIBCO Adapter for Database Distribution for TIBCO Silver Fabric","7.2.0","Retired","09-01-2025","11-15-2025",
"TIBCO BusinessConnect EDI Protocol HIPAA Edition Distribution for TIBCO Silver Fabric","6.6.0","Retired","09-01-2025","11-15-2025",
"TIBCO StreamBase Add-in for Microsoft Excel","2.6.0","Retired","02-28-2025","11-21-2024",
"TIBCO ActiveMatrix BusinessWorks Distribution for TIBCO Silver Fabric","6.3.1","Retired","09-01-2025","11-15-2025",
"TIBCO ActiveMatrix Binding Type for REST Distribution for TIBCO Silver Fabric","3.3.0","Retired","09-01-2025","11-15-2025",
"TIBCO StreamBase Add-in for Microsoft Excel","2.5.1","Retired","02-28-2025","11-21-2024",
"TIBCO ActiveMatrix BusinessWorks Distribution for TIBCO Silver Fabric","6.3.2","Retired","09-01-2025","11-15-2025",
"TIBCO RTView for ActiveMatrix BusinessWorks","6.4.1","Retired","09-01-2025","08-23-2025",
"TIBCO KTP","3.5.14","Retired","08-31-2019","01-06-2025",
"TIBCO PortalPack for Siebel","1.0.1","Retired","03-31-2010",,
"TIBCO EMS Client for z/OS (MVS)","5.2.0","Retired","03-31-2017",,
"Spotfire Miner","3.02.r1","Retired","01-31-2026","02-03-2025",
"Spotfire Miner","3.0.r1","Retired","01-31-2026","02-03-2025",
"Spotfire Miner","3.0.b2","Retired","01-31-2026","02-03-2025",
"Spotfire Miner","3.0.b1","Retired","01-31-2026","02-03-2025",
"Spotfire Miner","3.0.1","Retired","01-31-2026","02-03-2025",
"Spotfire Miner","2.0.2","Retired","01-31-2026","02-03-2025",
"Spotfire Miner","2","Retired","01-31-2026","02-03-2025",
"TIBCO Cloud Spotfire","1.0.0","Retired","11-30-2025","12-02-2025",
"Spotfire S+ Analytic Server","2.1","Retired","01-31-2026","02-03-2025",
"Spotfire S+ Analytic Server","2","Retired","01-31-2026","02-03-2025",
"TIBCO Silver Fabric Enabler for ActiveMatrix BPM","3.0.0","Retired","09-01-2025","01-06-2025",
"TIBCO Silver Fabric Enabler for ActiveMatrix BPM","2.2.0","Retired","09-01-2025","01-06-2025",
"TIBCO Managed File Transfer Internet Server with RocketStream Accelerator","1.7","Retired","06-30-2012",,
"TIBCO Managed File Transfer Internet Server with RocketStream Accelerator","1.6","Retired","06-30-2012",,
"TIBCO Managed File Transfer Internet Server with RocketStream Accelerator","1.5","Retired","06-30-2012",,
"TIBCO Administrator - Enterprise Edition Distribution for TIBCO Silver Fabric","1.0.0","Retired","09-01-2025","01-07-2025",
"Spotfire S+Wavelets","PRO","Retired","01-31-2026","02-03-2025",
"Spotfire S+Wavelets","1.2","Retired","01-31-2026","02-03-2025",
"Spotfire S+SpatialStats","1.5.6","Retired","01-31-2026","02-03-2025",
"Spotfire S+ArrayAnalyzer","1.1.4","Retired","01-31-2026","02-03-2025",
"Spotfire S+ArrayAnalyzer","1.1","Retired","01-31-2026","02-03-2025",
"Spotfire S+ StatServer","6.1r3","Retired","01-31-2026","02-03-2025",
"TIBCO BusinessPartner","2.6.0","Retired","04-30-2013",,
"TIBCO BusinessPartner","2.5.1","Retired","04-30-2013",,
"Spotfire Operations Analytics","1.0.1","Retired","01-31-2026","02-03-2025",
"TIBCO BusinessPartner","2.5.0","Retired","04-30-2013",,
"TIBCO BusinessPartner","2.1.2","Retired","04-30-2013",,
"TIBCO BusinessPartner","2.1.0","Retired","04-30-2013",,
"TIBCO BusinessPartner","2.0.0","Retired","04-30-2013",,
"TIBCO BusinessPartner","1.2.0","Retired","04-30-2013",,
"TIBCO BusinessPartner","1.0.b","Retired","04-30-2013",,
"TIBCO BusinessPartner","1.0.0","Retired","04-30-2013",,
"TIBCO IntegrationManager","2.1.1","Retired","04-30-2007",,
"TIBCO IntegrationManager","2.1.0","Retired","04-30-2007",,
"TIBCO IntegrationManager","2.0.1","Retired","04-30-2007",,
"TIBCO IntegrationManager","2.0.0","Retired","04-30-2007",,
"TIBCO IntegrationManager","1.3.0","Retired","04-30-2007",,
"TIBCO IntegrationManager","1.2.4","Retired","04-30-2007",,
"TIBCO IntegrationManager","1.2.3","Retired","04-30-2007",,
"TIBCO IntegrationManager","1.2.2","Retired","04-30-2007",,
"TIBCO IntegrationManager","1.2.1","Retired","04-30-2007",,
"TIBCO IntegrationManager","2.2.0","Retired","04-30-2007",,
"TIBCO IntegrationManager","2.1.2","Retired","04-30-2007",,
"TIBCO ActiveMatrix Adapter for Amdocs CRM","5.3.0","Retired","01-31-2011",,
"TIBCO ActiveMatrix Adapter for Amdocs CRM","5.2.1","Retired","01-31-2016",,
"TIBCO ActiveMatrix Adapter for Amdocs CRM","5.2.0","Retired","01-31-2016",,
"TIBCO ActiveMatrix Adapter for Amdocs CRM","5.1.0","Retired","01-31-2011",,
"TIBCO ActiveMatrix Adapter for Amdocs CRM","5.0.1","Retired","01-31-2011",,
"TIBCO Rendezvous DataSecurity","TBD","Retired","02-28-2009",,
"TIBCO Rendezvous DataSecurity","2.1.0","Retired","02-28-2009",,
"TIBCO Rendezvous DataSecurity","2.0.0","Retired","02-28-2009",,
"TIBCO Rendezvous DataSecurity","1.5.0","Retired","02-28-2009",,
"TransAccess Exec Hub","2.4.1","Retired","04-15-2013",,
"TIBCO ETK","4.4.0","Retired","04-30-2008",,
"TIBCO ETK","4.3.3","Retired","04-30-2008",,
"TIBCO ETK","4.3.2","Retired","04-30-2008",,
"TIBCO ETK","4.3.1","Retired","04-30-2008",,
"TIBCO ETK","4.3.0","Retired","04-30-2008",,
"TIBCO ETK","4.2.0","Retired","04-30-2008",,
"TIBCO MessageBroker","3.2.1.3","Retired","06-30-2011",,
"TIBCO MessageBroker","3.2.1","Retired","06-30-2011",,
"TIBCO MessageBroker","3.2.0.6","Retired","06-30-2011",,
"TIBCO MessageBroker","3.2.0.5","Retired","06-30-2011",,
"TIBCO MessageBroker","3.2.0.4","Retired","06-30-2011",,
"TIBCO Adapter for COM","5.0.0","Retired","09-30-2011",,
"TIBCO MessageBroker","3.2.0.3","Retired","06-30-2011",,
"TIBCO MessageBroker","3.2.0.2","Retired","06-30-2011",,
"TIBCO MessageBroker","3.2.0","Retired","06-30-2011",,
"TIBCO MessageBroker","3.1.7","Retired","06-30-2011",,
"TIBCO MessageBroker","3.1.6","Retired","06-30-2011",,
"TIBCO MessageBroker","3.1.5.1","Retired","06-30-2011",,
"TIBCO MessageBroker","3.1.5","Retired","06-30-2011",,
"TIBCO MessageBroker","3.1.0","Retired","06-30-2011",,
"TIBCO MessageBroker","3.0.0","Retired","06-30-2011",,
"TIBCO MessageBroker","2.5.4","Retired","06-30-2011",,
"TIBCO MessageBroker","2.5.3","Retired","06-30-2011",,
"TIBCO MessageBroker","2.5.2","Retired","06-30-2011",,
"TIBCO MessageBroker","4.0.0","Retired","06-30-2011",,
"TIBCO MessageBroker","2.5.1","Retired","06-30-2011",,
"TIBCO MessageBroker","3.5.0","Retired","06-30-2011",,
"TIBCO MessageBroker","2.5.0","Retired","06-30-2011",,
"TIBCO MessageBroker","3.2.2","Retired","06-30-2011",,
"TIBCO MessageBroker","3.2.1.6","Retired","06-30-2011",,
"TIBCO MessageBroker","3.2.1.5","Retired","06-30-2011",,
"TIBCO MessageBroker","3.2.1.4","Retired","06-30-2011",,
"TIBCO MessageBroker","2.0.0","Retired","06-30-2011",,
"TIBCO MessageBroker","1.10.0","Retired","06-30-2011",,
"TIBCO MessageBroker","1.0.0","Retired","06-30-2011",,
"TIBCO ActiveMatrix BusinessWorks Plug-in for Database","6.3.0","Retired","03-31-2017",,
"TIBCO ActiveMatrix BusinessWorks Plug-in for Database","6.0.0","Retired","03-31-2017",,
"TIBCO ActiveMatrix BusinessWorks Plug-in for Database","5.5.1","Retired","03-31-2017",,
"TIBCO ActiveMatrix BusinessWorks Plug-in for Database","5.5.0","Retired","03-31-2017",,
"TIBCO EMS Client for z/OS (MVS)","4.3.0","Retired","03-31-2017",,
"Spotfire S+Finmetrics","1.1b","Retired","01-31-2026","02-03-2025",
"Spotfire S+Finmetrics","1.0.2","Retired","01-31-2026","02-03-2025",
"TIBCO Rendezvous","5.9.1","Retired","10-31-2016",,
"Spotfire Miner","1.0.1","Retired","01-31-2026","02-03-2025",
"TIBCO Rendezvous","5.6.1","Retired","10-31-2016",,
"Spotfire Analytics Server","8.0.0","Retired","01-31-2026","01-31-2025",
"TIBCO Managed File Transfer Internet Server","6.0.0","Retired","03-31-2008",,
"TIBCO Managed File Transfer Platform Server for zOS","6.5.0","Retired","03-27-2011",,
"TIBCO Managed File Transfer Platform Server for zOS","6.4.0","Retired","10-06-2010",,
"TIBCO Managed File Transfer Platform Server for zOS","6.1.0","Retired","06-30-2009",,
"TIBCO Managed File Transfer Platform Server for zOS","5.4.0","Retired","06-30-2004",,
"TIBCO Managed File Transfer Platform Server for zLinux","6.5.1","Retired","08-27-2011",,
"TIBCO Managed File Transfer Platform Server for Windows","6.5.2","Retired","12-24-2011",,
"TIBCO Managed File Transfer Platform Server for zLinux","6.5.0","Retired","03-27-2011",,
"TIBCO Managed File Transfer Platform Server for Windows","6.5.1","Retired","08-27-2011",,
"TIBCO Managed File Transfer Platform Server for zLinux","6.4.0","Retired","10-06-2010",,
"TIBCO Managed File Transfer Platform Server for Windows","6.5.0","Retired","03-27-2011",,
"TIBCO Managed File Transfer Platform Server for zLinux","6.2.0","Retired","08-28-2009",,
"TIBCO Managed File Transfer Platform Server for zLinux","6.1.0","Retired","06-30-2009",,
"TIBCO Managed File Transfer Platform Server for Windows","6.2.0","Retired","08-28-2009",,
"TIBCO Managed File Transfer Platform Server for IBM i","6.5.1","Retired","10-16-2011",,
"TIBCO Managed File Transfer Platform Server for Windows","6.1.0","Retired","06-30-2009",,
"TIBCO Managed File Transfer Platform Server for IBM i","6.5.0","Retired","04-28-2011",,
"TIBCO Managed File Transfer Platform Server for Windows","6.0.0","Retired","10-06-2008",,
"TIBCO Managed File Transfer Platform Server for IBM i","6.4.0","Retired","10-06-2010",,
"Spotfire S+SeqTrial","1","Retired","01-31-2026","02-03-2025",
"TIBCO Managed File Transfer Platform Server for Windows","5.5.1","Retired","08-31-2007",,
"TIBCO Managed File Transfer Platform Server for IBM i","6.2.0","Retired","08-28-2009",,
"Spotfire NuOpt for S+","2000","Retired","01-31-2026","02-03-2025",
"TIBCO Managed File Transfer Platform Server for Windows","5.5.0","Retired","08-22-2006",,
"TIBCO Managed File Transfer Platform Server for IBM i","6.1.0","Retired","06-30-2009",,
"Spotfire NuOpt for S+","6","Retired","01-31-2026","02-03-2025",
"TIBCO Managed File Transfer Platform Server for Windows","5.4.3","Retired","11-23-2005",,
"TIBCO Managed File Transfer Platform Server for IBM i","5.5.1","Retired","08-31-2007",,
"Spotfire NuOpt for S+","1.6","Retired","01-31-2026","02-03-2025",
"TIBCO Managed File Transfer Platform Server for Windows","5.4.0","Retired","07-30-2004",,
"TIBCO Managed File Transfer Platform Server for IBM i","5.5.0","Retired","08-22-2006",,
"Spotfire NuOpt for S+","1.5","Retired","01-31-2026","02-03-2025",
"TIBCO Managed File Transfer Platform Server for IBM i","5.4.4","Retired","10-06-2008",,
"Spotfire NuOpt for S+","1.4","Retired","01-31-2026","02-03-2025",
"TIBCO Managed File Transfer Platform Server for IBM i","5.4.2","Retired","08-22-2007",,
"TIBCO Managed File Transfer Platform Server for UNIX","6.5.1","Retired","08-27-2011",,
"TIBCO Managed File Transfer Platform Server for IBM i","5.4.0","Retired","07-30-2004",,
"TIBCO Managed File Transfer Platform Server for UNIX","6.5.0","Retired","03-27-2011",,
"TIBCO Managed File Transfer Platform Server for UNIX","6.4.0","Retired","10-06-2010",,
"TIBCO Managed File Transfer Platform Server for UNIX","6.2.0","Retired","08-28-2009",,
"TIBCO Managed File Transfer Platform Server for UNIX","6.1.0","Retired","06-30-2009",,
"TIBCO Managed File Transfer Platform Server for UNIX","6.0.0","Retired","10-06-2008",,
"TIBCO Managed File Transfer Platform Server for UNIX","5.5.1","Retired","08-31-2007",,
"TIBCO Managed File Transfer Platform Server for UNIX","5.5.0","Retired","08-22-2006",,
"TIBCO Managed File Transfer Platform Server for UNIX","5.4.3","Retired","11-23-2005",,
"TIBCO Managed File Transfer Platform Server for UNIX","5.4.0","Retired","07-30-2004",,
"TIBCO Silver Fabric","3.0.0","Retired","10-31-2015",,
"TIBCO Silver Fabric","2.6.0","Retired","10-31-2015",,
"TIBCO Silver Fabric","2.0.0","Retired","10-31-2015",,
"TIBCO Silver Fabric","1.3.0","Retired","10-31-2015",,
"TIBCO KTP","3.5.17","Retired","08-31-2019","01-06-2025",
"TIBCO Silver Fabric","1.2.0","Retired","10-31-2015",,
"TIBCO KTP","3.5.12","Retired","08-31-2019","01-06-2025",
"TIBCO Silver Fabric","1.1.0","Retired","10-31-2015",,
"TIBCO KTP","3.5","Retired","08-31-2019","01-06-2025",
"TIBCO ActiveFulfillment","5.9.2","Retired","10-31-2016",,
"TIBCO SmartPGM FX","All","Retired","01-31-2012",,
"TIBCO SmartPGM FX","4.0.x","Retired","01-31-2012",,
"TIBCO SmartPGM FX","3.2.x","Retired","01-31-2012",,
"TIBCO SmartPGM FX","3.1.x","Retired","01-31-2012",,
"TIBCO SmartPGM FX","3.1.9","Retired","01-31-2012",,
"TIBCO SmartPGM FX","3.1.8","Retired","01-31-2012",,
"TIBCO SmartPGM FX","3.1.7","Retired","01-31-2012",,
"TIBCO SmartPGM FX","3.1.6","Retired","01-31-2012",,
"TIBCO SmartPGM FX","3.1.5","Retired","01-31-2012",,
"TIBCO SmartPGM FX","3.1.4","Retired","01-31-2012",,
"TIBCO SmartPGM FX","3.1.31-pre1","Retired","01-31-2012",,
"TIBCO SmartPGM FX","3.1.31","Retired","01-31-2012",,
"TIBCO SmartPGM FX","3.1.3","Retired","01-31-2012",,
"TIBCO SmartPGM FX","3.1.29","Retired","01-31-2012",,
"TIBCO SmartPGM FX","3.1.28","Retired","01-31-2012",,
"TIBCO SmartPGM FX","3.1.27","Retired","01-31-2012",,
"TIBCO SmartPGM FX","3.1.26","Retired","01-31-2012",,
"TIBCO SmartPGM FX","3.1.25","Retired","01-31-2012",,
"TIBCO SmartPGM FX","3.1.24","Retired","01-31-2012",,
"TIBCO SmartPGM FX","3.1.23","Retired","01-31-2012",,
"TIBCO SmartPGM FX","3.1.22","Retired","01-31-2012",,
"TIBCO SmartPGM FX","2.0.1","Retired","01-31-2012",,
"TIBCO SmartPGM FX","3.1.21","Retired","01-31-2012",,
"TIBCO SmartPGM FX","2.0.0","Retired","01-31-2012",,
"TIBCO StreamBase Add-in for Microsoft Excel","2.3","Retired","02-28-2025","11-21-2024",
"TIBCO SmartPGM FX","3.1.20","Retired","01-31-2012",,
"TIBCO SmartSockets LiveWeb","All","Retired","01-31-2012",,
"TIBCO SmartPGM FX","3.1.2","Retired","01-31-2012",,
"TIBCO SmartSockets LiveWeb","1.0.0","Retired","01-31-2012",,
"TIBCO SmartPGM FX","3.1.19","Retired","01-31-2012",,
"TIBCO KTP","3.5.13","Retired","08-31-2019","01-06-2025",
"TIBCO SmartPGM FX","3.1.18","Retired","01-31-2012",,
"TIBCO SmartSockets RTgateway","All","Retired","01-31-2012",,
"TIBCO Service Performance Manager","2.1.0","Retired","12-31-2016",,
"TIBCO SmartPGM FX","3.1.17","Retired","01-31-2012",,
"TIBCO SmartSockets RTgateway","1.0.1","Retired","01-31-2012",,
"TIBCO SmartPGM FX","3.1.16","Retired","01-31-2012",,
"TIBCO SmartMQ","All","Retired","01-31-2012",,
"TIBCO SmartPGM FX","3.1.15","Retired","01-31-2012",,
"TIBCO SmartMQ","2.x","Retired","01-31-2012",,
"TIBCO SmartPGM FX","3.1.14","Retired","01-31-2012",,
"TIBCO SmartMQ","2.1.1","Retired","01-31-2012",,
"TIBCO SmartPGM FX","3.1.1","Retired","01-31-2012",,
"TIBCO SmartPGM FX","3.1.0","Retired","01-31-2012",,
"TIBCO SmartPGM FX","3.0.x","Retired","01-31-2012",,
"TIBCO SmartSockets Product Family","4.0.x","Retired","09-30-2011",,
"TIBCO SmartPGM FX","3.0.2","Retired","01-31-2012",,
"TIBCO SmartSockets Product Family","4.0.1","Retired","09-30-2011",,
"TIBCO SmartPGM FX","3.0.1","Retired","01-31-2012",,
"TIBCO SmartSockets Product Family","3.0.0","Retired","09-30-2011",,
"TIBCO SmartPGM FX","3.0.0","Retired","01-31-2012",,
"TIBCO SmartSockets Product Family","2.1.0","Retired","09-30-2011",,
"TIBCO SmartPGM FX","2.0.5","Retired","01-31-2012",,
"TIBCO ActiveMatrix BusinessWorks Plug-in for Database","6.2.0","Retired","03-31-2017",,
"Spotfire Miner","8.0.3","Retired","01-31-2026","02-03-2025",
"Spotfire Miner","8","Retired","01-31-2026","02-03-2025",
"Spotfire Miner","7","Retired","01-31-2026","02-03-2025",
"Spotfire Miner","3","Retired","01-31-2026","02-03-2025",
"Spotfire Clinical Graphics","1.1","Retired","01-31-2026","02-03-2025",
"Spotfire Clinical Graphics","1","Retired","01-31-2026","02-03-2025",
"Spotfire S+SeqTrial","2.0.2","Retired","01-31-2026","02-03-2025",
"Spotfire S+SeqTrial","2","Retired","01-31-2026","02-03-2025",
"Spotfire NuOpt for S+","1.9.1.3","Retired","01-31-2026","02-03-2025",
"Spotfire NuOpt for S+","1.6.2.0b","Retired","01-31-2026","02-03-2025",
"Spotfire NuOpt for S+","6.1","Retired","01-31-2026","02-03-2025",
"Spotfire S+Finmetrics","3.0.3","Retired","01-31-2026","02-03-2025",
"Spotfire S+Finmetrics","3.0.2","Retired","01-31-2026","02-03-2025",
"Spotfire S+Finmetrics","3.0.0","Retired","01-31-2026","02-03-2025",
"Spotfire S+Finmetrics","2","Retired","01-31-2026","02-03-2025",
"Spotfire S+ Server","7","Retired","01-31-2026","02-03-2025",
"Spotfire S+ Server","6.2","Retired","01-31-2026","02-03-2025",
"Spotfire S+","7.0.2","Retired","01-31-2026","02-03-2025",
"Spotfire S+","2000","Retired","01-31-2026","02-03-2025",
"Spotfire S+","8","Retired","01-31-2026","02-03-2025",
"Spotfire S+","7","Retired","01-31-2026","02-03-2025",
"TIBCO Nimbus","6.3.0","Retired","09-01-2008",,
"TIBCO Nimbus","6.2.0","Retired","06-01-2008",,
"TIBCO Nimbus","6.1.0","Retired","04-01-2007",,
"TIBCO Nimbus","4.4.0","Retired","07-01-2004",,
"TIBCO Cloud Spotfire","2.0.0","Retired","11-30-2025","12-10-2025",
"TIBCO Cloud MDM","2.0.0","Retired","10-09-2023","08-22-2025",
"TIBCO Cloud MDM","1.0.0","Retired","10-09-2023","08-22-2025",
"Spotfire GeoAnalytics Builder Web Services","1.4.0","Retired","06-30-2026","02-28-2025",
"TIBCO Cloud Spotfire","N/A","Retired","11-30-2025","12-05-2025",
"TIBCO Cloud Spotfire","3.2.0","Retired","11-30-2025","12-10-2025",
"TIBCO Cloud Spotfire","3.1.0","Retired","11-30-2025","12-10-2025",
"TIBCO Service Performance Manager","2.2.0","Retired","06-30-2017",,
"TIBCO ActiveMatrix BusinessWorks Service Engine","5.6.1","Retired","01-31-2013","06-03-2022",
"TIBCO EMS Client for z/OS (CICS)","4.4.0","Retired","03-31-2017",,
"TIBCO EMS Client for i5/OS","4.4.1","Retired","03-31-2017",,
"TIBCO EMS Client for i5/OS","4.4.0","Retired","03-31-2017",,
"TIBCO ObjectBus","2.5","Retired","07-31-2006",,
"TIBCO ObjectBus","2.1","Retired","07-31-2006",,
"TransAccess RPC Tool","2.3.0","Retired","04-15-2013",,
"TIBCO Adapter for Quintessent","1.2.0","Retired","07-31-2006",,
"TransAccess Application Integrator/Workbench","2.1.0","Retired","04-15-2013",,
"TIBCO Adapter for Quintessent","1.1.0","Retired","07-31-2006",,
"TIBCO Adapter for Quintessent","1.0.0","Retired","07-31-2006",,
"TIBCO Adapter for Oracle AQ","1.1.0","Retired","07-31-2006",,
"TIBCO Adapter for Oracle AQ","1.0.0","Retired","07-31-2006",,
"TIBCO PortalPack for Interwoven","2.0.0","Retired","03-31-2010",,
"TIBCO PortalPack for Interwoven","1.0.0","Retired","03-31-2010",,
"TIBCO Adapter for i2 Demand Fulfillment","3.3.0","Retired","07-31-2006",,
"TIBCO ObjectBus","3.1.0","Retired","07-31-2006",,
"TIBCO Adapter for GEI GXS AI","4.1.1","Retired","07-31-2006",,
"TIBCO ObjectBus","3.0.0","Retired","07-31-2006",,
"TIBCO Adapter for GEI GXS AI","3.0.1","Retired","07-31-2006",,
"TIBCO XML Validate","All","Retired","03-31-2013",,
"TIBCO XML Transform","All","Retired","09-30-2011",,
"TIBCO XML Transform","1.1.0-Snapbridge","Retired","09-30-2011",,
"TIBCO Turbo XML","2.2.2","Retired","09-30-2011",,
"TIBCO Turbo XML","2.2.1","Retired","09-30-2011",,
"TIBCO Turbo XML","2.2.0","Retired","09-30-2011",,
"TIBCO Turbo XML","2.1.1","Retired","09-30-2011",,
"TIBCO Turbo XML","2.1.0","Retired","09-30-2011",,
"TIBCO Turbo XML","2.0.2","Retired","09-30-2011",,
"TIBCO Turbo XML","2.0.1","Retired","09-30-2011",,
"TIBCO Turbo XML","2.0.0","Retired","09-30-2011",,
"TIBCO Turbo XML","1.3.0","Retired","09-30-2011",,
"TIBCO Turbo XML","1.2.1","Retired","09-30-2011",,
"TIBCO Turbo XML","1.2.0","Retired","09-30-2011",,
"TIBCO Turbo XML","1.1.0","Retired","09-30-2011",,
"TIBCO Turbo XML","1.0.1","Retired","09-30-2011",,
"TIBCO Turbo XML","1.0.0","Retired","09-30-2011",,
"TIBCO BusinessWorks HL7 Plug-in","7.0.0","Retired","06-30-2018",,
"TIBCO BusinessFactor","3.0.0","Retired","03-31-2014",,
"TIBCO Slingshot Appliance","All","Retired","12-01-2011",,
"TIBCO Slingshot Appliance","1.8.0","Retired","12-01-2011",,
"TIBCO Slingshot Appliance","1.7.0","Retired","12-01-2011",,
"TIBCO Managed File Transfer Internet Server with RocketStream Accelerator","7.1.1","Retired","09-13-2013",,
"TIBCO Managed File Transfer Internet Server with RocketStream Accelerator","7.1.0","Retired","05-31-2013",,
"TIBCO Silver Fabric Enabler for ActiveMatrix BusinessWorks","1.0.0","Retired","09-01-2025","01-06-2025",
"TIBCO Kabira Objectswitch / KIS","1.1.2","Retired","08-31-2019","01-06-2025",
"TIBCO Kabira Objectswitch / KIS","5.6","Retired","08-31-2019","01-06-2025",
"TIBCO Kabira Objectswitch / KIS","4.2","Retired","08-31-2019","01-06-2025",
"TIBCO EMS Client for z/OS (MVS)","6.0.0","Retired","03-31-2017",,
"TIBCO EMS Client for z/OS (MVS)","5.1.5","Retired","03-31-2017",,
"TIBCO EMS Client for z/OS (MVS)","5.1.0","Retired","03-31-2017",,
"TIBCO EMS Client for z/OS (MVS)","5.0.0","Retired","03-31-2017",,
"TIBCO EMS Client for z/OS (MVS)","4.4.1","Retired","03-31-2017",,
"TIBCO EMS Client for z/OS (MVS)","4.4.0","Retired","03-31-2017",,
"TIBCO EMS Client for z/OS (MVS)","4.2.0","Retired","03-31-2017",,
"TIBCO Service Gateway for M204","All","Retired","10-31-2009",,
"TIBCO Service Gateway for Adabas","All","Retired","12-31-2010",,
"TIBCO Service Gateway for Adabas","4.1.0","Retired","12-31-2010",,
"TIBCO Enterprise RTView","6.2.1","Retired","09-01-2025","12-20-2024",
"TIBCO Enterprise RTView","6.0.0","Retired","09-01-2025","12-20-2024",
"TIBCO Enterprise RTView","5.9.1","Retired","09-01-2025","12-20-2024",
"TIBCO General Interface","3.9.1","Retired","10-31-2014",,
"TIBCO General Interface","3.9.0","Retired","10-31-2014",,
"TIBCO General Interface","3.8.0","Retired","10-31-2014",,
"TIBCO General Interface","3.6.0","Retired","10-31-2014",,
"TIBCO General Interface","3.5.1","Retired","10-31-2014",,
"TIBCO General Interface","3.5.0","Retired","10-31-2014",,
"TIBCO General Interface","3.4.1","Retired","10-31-2014",,
"TIBCO General Interface","3.4.0","Retired","10-31-2014",,
"TIBCO General Interface","3.3.0","Retired","10-31-2014",,
"TIBCO General Interface","3.2.0","Retired","10-31-2014",,
"TIBCO General Interface","3.1.1","Retired","10-31-2014",,
"TIBCO General Interface","3.1.0","Retired","10-31-2014",,
"TIBCO General Interface","3.0.0","Retired","10-31-2014",,
"TIBCO DataExchange","5.3.0","Retired","10-31-2011",,
"TIBCO BPM","1.0.0","Retired","06-30-2008",,
"TIBCO Silver Fabric Enabler for Spotfire Web Player","2.1.1","Retired","09-01-2025","01-06-2025",
"Spotfire Automation Services","5.5.2","Retired","12-12-2015",,
"Spotfire Automation Services","6.0.3","Retired","06-12-2016",,
"TIBCO Enterprise Administrator Distribution for TIBCO Silver Fabric","2.2.0","Retired","09-01-2025","11-15-2025",
"TIBCO ActiveMatrix BusinessWorks Distribution for TIBCO Silver Fabric","6.2.1","Retired","09-01-2025","01-07-2025",
"TIBCO Silver Fabric Enabler for TIBCO BusinessEvents","3.0.0","Retired","09-01-2025","01-06-2025",
"TIBCO BusinessEvents Distribution for TIBCO Silver Fabric","5.2.0","Retired","05-01-2019","10-31-2022",
"TIBCO Silver Fabric Enabler for ActiveMatrix BPM","1.3.0","Retired","09-01-2025","01-06-2025",
"TIBCO Enterprise Message Service Distribution for TIBCO Silver Fabric","8.2.1","Retired","09-01-2025","01-08-2025",
"TIBCO StreamBase Add-in for Microsoft Excel","2.4.0","Retired","02-28-2025","11-21-2024",
"TIBCO Silver Fabric Enabler for TIBCO Hawk","1.1.0","Retired","09-01-2025","11-15-2025",
"TIBCO Silver Fabric Enabler for ActiveSpaces Enterprise Edition","1.0.1","Retired","09-01-2025","01-06-2025",
"TIBCO Silver Fabric Enabler for TIBCO Enterprise Message Service","2.1.0","Retired","09-01-2025","01-06-2025",
"TIBCO Silver Fabric Enabler for Spotfire Web Player","2.1.0","Retired","09-01-2025","01-06-2025",
"TIBCO ActiveMatrix Policy Agent","3.1.2","Retired","01-25-2021",,
"TIBCO eFTL","1.1.1","Retired","04-30-2018",,
"TIBCO BusinessWorks ProcessMonitor","3.0.1","Retired","09-01-2025","04-03-2026",
"TIBCO RTView for TIBCO BusinessEvents","1.5.3","Retired","09-01-2025","11-15-2025",
"TIBCO ActiveMatrix BusinessWorks Plug-in for MongoDB","1.0.0","Retired","10-31-2025","04-03-2026",
"TIBCO ActiveMatrix BusinessWorks Distribution for TIBCO Silver Fabric","6.2.0","Retired","09-01-2025","11-15-2025",
"TIBCO ActiveMatrix BusinessWorks Distribution for TIBCO Silver Fabric","5.12.0","Retired","09-01-2025","11-15-2025",
"TIBCO Silver Fabric Enabler for TIBCO Hawk","1.0.0","Retired","09-01-2025","01-06-2025",
"TIBCO Silver Fabric","5.7.0","Retired","09-01-2025","01-08-2025",
"TIBCO Enterprise Message Service Distribution for TIBCO Silver Fabric","8.2.0","Retired","09-01-2025","11-15-2025",
"TIBCO BusinessConnect SSH Server Plug-in Distribution for TIBCO Silver Fabric","1.0.0","Retired","12-31-2019","11-15-2025",
"TIBCO Enterprise Administrator(TEA) SDK","2.1.0","Retired","11-19-2017","11-15-2025",
"TIBCO Enterprise Administrator Distribution for TIBCO Silver Fabric","2.0.0","Retired","09-01-2025","01-08-2025",
"TIBCO Hawk Distribution for TIBCO Silver Fabric","5.1.1","Retired","09-01-2025","11-15-2025",
"TIBCO Silver Fabric Enabler for TIBCO Administrator Enterprise Edition","2.8.0","Retired","09-01-2025","01-06-2025",
"TIBCO Silver Fabric Enabler for ActiveMatrix BusinessWorks","3.0.0","Retired","09-01-2025","01-06-2025",
"TIBCO Administrator - Enterprise Edition Distribution for TIBCO Silver Fabric","5.9.0","Retired","09-01-2025","11-15-2025",
"TIBCO Silver Fabric Enabler for TIBCO Enterprise Administrator","1.0.0","Retired","09-01-2025","11-15-2025",
"TIBCO BusinessEvents Distribution for TIBCO Silver Fabric","5.1.4","Retired","03-01-2018","01-08-2025",
"TIBCO Silver Fabric Enabler for Spotfire Web Player","1.6.1","Retired","09-01-2025","01-06-2025",
"TIBCO Enterprise Administrator(TEA) SDK","2.0.0","Retired","11-03-2017","11-15-2025",
"TIBCO Hawk for z/Linux","5.1.0","Retired","11-30-2017","11-15-2025",
"Spotfire Automation Services","6.0.2","Retired","06-12-2016",,
"TIBCO BusinessEvents Extreme","1.1.3","Retired","12-31-2020","11-15-2025",
"TIBCO RTView for TIBCO BusinessEvents","1.5.0","Retired","09-01-2025","08-23-2025",
"TIBCO Silver Fabric Enabler for TIBCO Enterprise Message Service","2.0.0","Retired","09-01-2025","01-06-2025",
"TIBCO Enterprise Message Service Distribution for TIBCO Silver Fabric","8.1.0","Retired","09-01-2025","11-15-2025",
"TIBCO Enterprise Administrator(TEA) SDK","1.3.0","Retired","09-03-2017",,
"TIBCO ActiveSpaces Enterprise Edition Distribution for TIBCO Silver Fabric","2.1.4","Retired","09-01-2025","01-07-2025",
"TIBCO Silver Fabric Enabler for ActiveMatrix BPM","1.2.0","Retired","09-01-2025","01-06-2025",
"TIBCO Silver Fabric Enabler for TIBCO API Exchange Gateway","1.1.0","Retired","09-01-2025","11-15-2025",
"TIBCO eFTL","1.1.0","Retired","04-30-2018","11-15-2025",
"TIBCO BusinessConnect EDI Protocol Distribution for TIBCO Silver Fabric","6.5.0","Retired","12-31-2016","11-15-2025",
"TIBCO BusinessWorks ProcessMonitor","3.0.0","Retired","09-01-2025","04-03-2026",
"TIBCO BusinessConnect Palette Distribution for TIBCO Silver Fabric","6.1.0","Retired","07-31-2017","11-15-2025",
"TIBCO BusinessConnect Service Plug-in Distribution for TIBCO Silver Fabric","6.1.0","Retired","12-31-2017","11-15-2025",
"TIBCO BusinessConnect Distribution for TIBCO Silver Fabric","6.1.0","Retired","06-30-2017","11-15-2025",
"TIBCO Formvine","3.2.2","Retired","08-24-2015",,
"TIBCO Nimbus","9.0.0","Retired","07-31-2016",,
"TIBCO Enterprise Message Service Distribution for TIBCO Silver Fabric","7.0.1","Retired","09-01-2025","11-15-2025",
"TIBCO BusinessWorks ProcessMonitor","2.1.0","Retired","09-01-2025","04-03-2026",
"TIBCO Formvine","3.2.0","Retired","08-24-2015",,
"TIBCO ActiveFulfillment","1.2.0","Retired","01-31-2015",,
"TIBCO ActiveCatalog","1.2.0","Retired","01-31-2015",,
"TIBCO KPSA - Mobile","3.6.0","Retired","01-31-2015","06-10-2022",
"TIBCO ActiveFulfillment","1.1.0","Retired","01-31-2015",,
"TIBCO ActiveCatalog","1.1.0","Retired","01-31-2015",,
"TIBCO ActiveCatalog","1.0.1","Retired","01-31-2015",,
"TIBCO ActiveFulfillment","1.0.0","Retired","01-31-2015",,
"TIBCO ActiveCatalog","1.0.0","Retired","01-31-2015",,
"TIBCO ActiveMatrix BusinessWorks","5.6.4","Retired","01-31-2013",,
"TIBCO KxDR - Mobile","3.1.0","Retired","12-31-2013",,
"Spotfire Automation Services","3.0.0","Retired","07-21-2013",,
"TIBCO Enterprise RTView","5.4.0","Retired","09-01-2025","12-20-2024",
"Spotfire Operations Analytics","1.1.0","Retired","01-31-2026","11-15-2025",
"TIBCO Enterprise RTView","5.3.0","Retired","09-01-2025","12-20-2024",
"TIBCO EMS Client for i5/OS","5.1.0","Retired","03-31-2017",,
"TIBCO Adapter for Kenan/BP","6.0.0","Retired","01-31-2016",,
"TIBCO Enterprise RTView","5.1.0","Retired","09-01-2025","12-20-2024",
"TIBCO Adapter for Kenan/BP","5.3.1","Retired","01-31-2016",,
"TIBCO ActiveMatrix BusinessWorks Service Engine","5.6.4","Retired","01-31-2013","06-03-2022",
"TIBCO ActiveMatrix BusinessWorks","5.6.3","Retired","01-31-2013",,
"TIBCO Adapter for Kenan/BP","4.2.0","Retired","07-31-2008",,
"TIBCO Adapter for Kenan/BP","4.1.0","Retired","07-31-2008",,
"TIBCO Adapter for Kenan/BP","4.0.0","Retired","07-31-2008",,
"Spotfire Clinical Graphics","1.1.1","Retired","01-31-2026","02-03-2025",
"TIBCO Adapter for Kenan/BP","1.0.0","Retired","07-31-2008",,
"TIBCO PortalPack for Verity","1.0.0","Retired","09-30-2010",,
"TIBCO PortalPack for Domino","1.0.1","Retired","03-31-2010",,
"Spotfire Miner","8.0.0","Retired","01-31-2026","02-03-2025",
"TIBCO PortalPack for Domino","1.0.0","Retired","03-31-2010",,
"TIBCO PortalPack for Microsoft Exchange","1.0.2","Retired","03-31-2010",,
"TIBCO PortalPack for Microsoft Exchange","1.0.1","Retired","03-31-2010",,
"TIBCO PortalPack for Microsoft Exchange","1.0.0","Retired","03-31-2010",,
"TIBCO Enterprise RTView","5.0.0","Retired","09-01-2025","12-20-2024",
"Spotfire Analytics Server","10.1.0","Retired","01-31-2026","01-31-2025",
"TIBCO Enterprise RTView","4.9.1","Retired","09-01-2025","12-20-2024",
"TIBCO Rendezvous TX","2.0.4","Retired","04-30-2009","06-03-2022",
"TIBCO Enterprise RTView","4.9.0","Retired","09-01-2025","12-20-2024",
"TIBCO ActiveMatrix BusinessWorks","5.6.1","Retired","01-31-2013",,
"TIBCO SearchPack","All","Retired","09-30-2010",,
"TIBCO BusinessWorks Workflow","5.2.0","Retired","01-15-2009",,
"TIBCO iProcess Insight","2.1.1","Retired","03-31-2014",,
"TIBCO Enterprise RTView","4.8.0","Retired","09-01-2025","12-20-2024",
"TIBCO ActiveMatrix BusinessWorks Service Engine","5.6.0","Retired","01-31-2013","06-03-2022",
"TIBCO ActiveMatrix BusinessWorks","5.6.0","Retired","01-31-2013","11-15-2025",
"TIBCO Adapter for BroadVision One-to-One","3.0.1","Retired","04-30-2009",,
"Spotfire DecisionSite","9.1.0","Retired","01-31-2026","01-31-2025",
"TIBCO iProcess Insight","2.1.0","Retired","03-31-2014",,
"TIBCO BusinessFactor","5.3.0","Retired","03-31-2014",,
"TIBCO Service Gateway for Adabas","5.0.0","Retired","12-31-2010",,
"TIBCO Jaspersoft iReport","5.2.0","Retired","10-25-2015",,
"TIBCO Jaspersoft iReport","5.1.0","Retired","06-28-2015",,
"TIBCO Enterprise RTView","4.6.0","Retired","09-01-2025","12-20-2024",
"TIBCO Jaspersoft iReport","5.0.1","Retired","04-29-2015",,
"TIBCO Jaspersoft iReport","5.0.0","Retired","04-29-2015",,
"Spotfire Analytics Server","9.0.0","Retired","01-31-2026","01-31-2025",
"Spotfire DecisionSite","9.0.0","Retired","01-31-2026","01-31-2025",
"TIBCO Adapter for Kenan/BP","5.3.0","Retired","01-31-2016",,
"TIBCO Silver Fabric Enabler for Spotfire Web Player","2.1.2","Retired","09-01-2025","01-06-2025",
"TIBCO Enterprise RTView","4.4.0","Retired","09-01-2025","12-20-2024",
"TIBCO iProcess Insight","2.0.1","Retired","03-31-2014",,
"TIBCO BusinessEvents Distribution for TIBCO Silver Fabric","5.2.2","Retired","12-31-2019","01-08-2025",
"TIBCO Enterprise RTView","4.3.0","Retired","09-01-2025","12-20-2024",
"TIBCO ActiveMatrix BusinessWorks","5.3.3","Retired","07-31-2010","09-02-2025",
"TIBCO Silver Fabric Enabler for Adapter for Database","3.0.0","Retired","09-01-2025","11-15-2025",
"TIBCO Silver Fabric Enabler for Microsoft IIS","5.6.1","Retired","09-01-2025","11-15-2025",
"TIBCO Enterprise RTView","4.2.0","Retired","09-01-2025","12-20-2024",
"TIBCO Enterprise RTView","4.1.0","Retired","09-01-2025","12-20-2024",
"TIBCO MDM Studio","5.0.0","Retired","11-30-2025","11-15-2025",
"TIBCO BusinessConnect Service Plug-in Distribution for TIBCO Silver Fabric","6.2.0","Retired","12-31-2018","11-15-2025",
"TIBCO Service Gateway for M204","4.1.1","Retired","10-31-2009",,
"TIBCO ActiveMatrix BusinessWorks","5.3.0","Retired","07-31-2010","09-02-2025",
"TIBCO ActiveMatrix Decisions","1.3.0","Retired","09-01-2025","01-27-2026",
"TIBCO Adapter for Kenan/BP","5.1.0","Retired","10-31-2012",,
"TIBCO ActiveMatrix BusinessWorks Plug-in for EDI Healthcare Edition","6.0.0","Retired","12-31-2022","01-01-2023",
"TIBCO Adapter for CICS","5.2.0","Retired","12-31-2012",,
"TIBCO BusinessWorks ProcessMonitor","3.1.0","Retired","09-01-2025","04-03-2026",
"TIBCO ActiveMatrix BusinessWorks Distribution for TIBCO Silver Fabric","6.2.2","Retired","09-01-2025","11-15-2025",
"TIBCO ActiveMatrix BusinessWorks Distribution for TIBCO Silver Fabric","5.13.0","Retired","09-01-2025","11-15-2025",
"TIBCO Adapter for SAP Distribution for TIBCO Silver Fabric","7.1.0","Retired","03-31-2018","01-07-2025",
"TIBCO Enterprise RTView","4.0.0","Retired","09-01-2025","12-20-2024",
"TIBCO Silver Fabric Enabler for TIBCO Administrator Enterprise Edition","2.9.0","Retired","09-01-2025","11-15-2025",
"TIBCO Silver Fabric Enabler for ActiveMatrix BusinessWorks","3.1.0","Retired","09-01-2025","01-06-2025",
"TIBCO ActiveMatrix BusinessWorks Plug-in for MongoDB","6.0.0","Retired","10-31-2025","04-03-2026",
"TIBCO Adapter for Files (Unix/Win) Distribution for TIBCO Silver Fabric","7.0.0","Retired","09-01-2025","11-15-2025",
"TIBCO Hawk Distribution for TIBCO Silver Fabric","5.2.0","Retired","09-01-2025","11-15-2025",
"TIBCO Adapter for COM","5.3.0","Retired","04-30-2016",,
"TIBCO Adapter for Teradata","5.2.1","Retired","03-31-2011",,
"TIBCO Fulfillment Provisioning","3.8.1","Retirement Announced","04-30-2027","05-12-2026",
"TIBCO Administrator - Enterprise Edition Distribution for TIBCO Silver Fabric","5.9.1","Retired","09-01-2025","11-15-2025",
"TIBCO DataExchange","5.2.1","Retired","10-31-2011",,
"TIBCO BusinessEvents Distribution for TIBCO Silver Fabric","5.2.1","Retired","05-01-2019","01-08-2025",
"TIBCO Adapter for Database Distribution for TIBCO Silver Fabric","7.1.0","Retired","09-01-2025","01-07-2025",
"TIBCO Adapter for CICS","5.1.0","Retired","12-31-2012",,
"TIBCO OpsFactor","1.1.0","Retired","10-31-2009",,
"TIBCO DataExchange","5.2.0","Retired","10-31-2011",,
"TIBCO BusinessConnect ChemXML Protocol","2.0.0","Retired","04-30-2013",,
"TIBCO BusinessPartner","3.6.0","Retired","04-30-2013",,
"TIBCO Enterprise RTView","3.0.1","Retired","09-01-2025","12-20-2024",
"TIBCO Turbo XML","2.4.2","Retired","09-30-2011",,
"TIBCO Adapter for Teradata","5.2.0","Retired","03-31-2011",,
"TIBCO Adapter for COM","5.2.0","Retired","09-30-2011",,
"TIBCO BusinessFactor","4.2.1","Retired","03-31-2014",,
"TIBCO Adapter for COM","5.1.0","Retired","09-30-2011",,
"TIBCO SearchPack","2.2.0","Retired","09-30-2010",,
"TIBCO PortalPack for Verity","2.2.0","Retired","09-30-2010",,
"TIBCO SmartPGM FX","4.1.0","Retired","01-31-2012",,
"TIBCO Turbo XML","2.4.1","Retired","09-30-2011",,
"TIBCO BusinessFactor","4.2.0","Retired","03-31-2014",,
"TIBCO SmartSockets RTgateway","2.0.0","Retired","01-31-2012",,
"TIBCO Adapter for Teradata","5.1.0","Retired","03-31-2011",,
"TIBCO BusinessFactor","4.1.0","Retired","03-31-2014",,
"TIBCO Adapter for CICS","4.2.1","Retired","06-30-2007",,
"TIBCO Adapter for COM","5.0.1","Retired","09-30-2011",,
"TIBCO Adapter for Teradata","5.0.1","Retired","03-31-2011",,
"TIBCO SmartPGM FX","4.0.1","Retired","01-31-2012",,
"TIBCO PortalPack for Siebel","3.0.0","Retired","03-31-2010",,
"TIBCO BusinessPartner","3.5.0","Retired","04-30-2013",,
"TIBCO BPM","2.0.0","Retired","06-30-2008",,
"TIBCO SmartPGM FX","3.2.10","Retired","01-31-2012",,
"TIBCO BusinessFactor","4.0.0","Retired","03-31-2014",,
"TIBCO Hawk SmartSockets Adapter","1.0.0","Retired","01-31-2012",,
"TIBCO PortalPack for Documentum","1.0.1","Retired","03-31-2010",,
"TIBCO XML Validate","2.3.0","Retired","03-31-2013",,
"TIBCO SmartSockets Product Family","4.0.3","Retired","09-30-2011",,
"TIBCO PortalPack for Interwoven","2.0.2","Retired","03-31-2010",,
"TIBCO SmartPGM FX","3.1.30","Retired","01-31-2012",,
"TIBCO PortalPack for eRoom","1.0.0","Retired","03-31-2010",,
"TIBCO SearchPack","2.1.0","Retired","09-30-2010",,
"TIBCO BusinessFactor","3.2.0","Retired","03-31-2014",,
"TIBCO PortalPack for Verity","2.1.0","Retired","09-30-2010",,
"TIBCO Adapter for COM","4.2.0","Retired","04-30-2007",,
"TIBCO SmartSockets SSL","2.1.1","Retired","10-31-2009",,
"TIBCO Turbo XML","2.3.1","Retired","09-30-2011",,
"TIBCO SmartSockets SSL","2.0.1","Retired","10-31-2009",,
"TIBCO SmartMQ","2.1.2","Retired","01-31-2012",,
"TIBCO Adapter for COM","4.0.1","Retired","04-30-2007",,
"TIBCO MessageBroker","4.1.0","Retired","06-30-2011",,
"TIBCO Rendezvous TX","2","Retired","04-30-2009","06-03-2022",
"TIBCO SearchPack","1.0.0","Retired","09-30-2010",,
"TIBCO PortalPack for Documentum","1.0.0","Retired","03-31-2010",,
"TIBCO PortalPack for Siebel","2.0.0","Retired","03-31-2010",,
"TIBCO PortalPack for Verity","2.0.0","Retired","09-30-2010",,
"TIBCO Rendezvous TX","1.3","Retired","04-30-2009","06-03-2022",
"TIBCO XML Validate","2.0.0","Retired","03-31-2013",,
"TIBCO Turbo XML","2.3.0","Retired","09-30-2011",,
"TIBCO PortalPack for Siebel","1.5.0","Retired","03-31-2010",,
"TIBCO PortalPack for Interwoven","2.0.1","Retired","03-31-2010",,
"TIBCO BusinessPartner","3.0.0","Retired","04-30-2013",,
"TIBCO PortalPack for Interwoven","1.0.1","Retired","03-31-2010",,
"TIBCO PortalPack for Verity","1.0.1","Retired","09-30-2010",,
"TIBCO BusinessConnect ChemXML Protocol","1.0.0","Retired","04-30-2013",,
"TIBCO Adapter for MetaSolv","4.1.0","Retired","04-30-2009",,
"TIBCO Adapter for GEI GXS AI","3.1.0","Retired","07-31-2006",,
"TIBCO Adapter for BroadVision One-to-One","3.1.1","Retired","04-30-2009",,
"TIBCO Silver Fabric Enabler for BusinessConnect","1.0.0","Retired","09-01-2025","11-15-2025",
"TIBCO Adapter for Vantive","3.0.0","Retired","07-31-2006",,
"TIBCO Silver Fabric Enabler for Spotfire Web Player","2.0.0","Retired","09-01-2025","01-06-2025",
"TIBCO Silver Fabric Enabler for ActiveMatrix Service Grid","1.3.0","Retired","09-01-2025","01-06-2025",
"TIBCO Adapter for COM","4.0.0","Retired","04-30-2007",,
"TIBCO Silver Fabric Enabler for Apache Tomcat","5.6.0","Retired","09-01-2025","01-06-2025",
"TIBCO Silver Fabric Enabler for BEA WebLogic","5.6.0","Retired","09-01-2025","11-15-2025",
"TIBCO Silver Fabric Enabler for IBM WebSphere","5.6.0","Retired","09-01-2025","01-06-2025",
"TIBCO Silver Fabric Enabler for RedHat JBoss","5.6.0","Retired","09-01-2025","01-06-2025",
"TIBCO Silver Fabric Enabler for Microsoft IIS","5.6.0","Retired","09-01-2025","01-06-2025",
"TIBCO Silver Fabric","5.6.0","Retired","09-01-2025","01-08-2025",
"TIBCO Adapter for i2 Demand Fulfillment","3.0.0","Retired","07-31-2006",,
"TIBCO Adapter for Quintessent","3.0.0","Retired","07-31-2006",,
"TIBCO BPM","1.1.0","Retired","06-30-2008",,
"TIBCO Silver Fabric Enabler for Adapter for SAP","2.0.0","Retired","09-01-2025","01-06-2025",
"TIBCO Adapter for SAP Distribution for TIBCO Silver Fabric","7.0.0","Retired","03-31-2018","01-07-2025",
"TIBCO Enterprise RTView","5.6.0","Retired","09-01-2025","12-20-2024",
"TIBCO ActiveMatrix Adapter Service Engine for Kenan BP","6.0.0","Retired","01-31-2016",,
"TIBCO ActiveMatrix BusinessWorks for z/Linux","5.11.0","Retired","05-31-2017","06-08-2022",
"TIBCO ActiveMatrix BusinessWorks","6.0.1","Retired","06-30-2015","09-02-2025",
"TIBCO iProcess Server Objects (Java)","11.4.1","Retirement Announced","09-30-2026","11-15-2025",
"TIBCO iProcess Server Objects (.NET)","11.4.1","Retirement Announced","09-30-2026","11-15-2025",
"Spotfire Automation Services","5.0.2","Retired","06-13-2015",,
"TIBCO Silver Fabric Enabler for ActiveMatrix BPM","1.1.0","Retired","09-01-2025","01-06-2025",
"Spotfire Automation Services","5.5.1","Retired","12-12-2015",,
"Spotfire Automation Services","6.0.1","Retired","06-12-2016",,
"TIBCO BusinessWorks ProcessMonitor","2.2.1","Retired","09-01-2025","04-03-2026",
"TIBCO Silver Fabric Enabler for Adapter for LDAP","2.0.0","Retired","09-01-2025","01-06-2025",
"TIBCO ActiveMatrix BusinessWorks Plug-in for EJB","5.3.0","Retired","02-28-2016",,
"Spotfire S+SeqTrial","2.0.6","Retired","01-31-2026","11-15-2025",
"TIBCO BusinessEvents Distribution for TIBCO Silver Fabric","5.1.2","Retired","03-01-2018","01-08-2025",
"TIBCO Adapter for Files (Unix/Win) Distribution for TIBCO Silver Fabric","6.2.1","Retired","09-01-2025","01-07-2025",
"TIBCO RTView - EMS Monitor System","6.3.0","Retired","09-01-2025","11-15-2025",
"TIBCO RTView for ActiveMatrix BusinessWorks","6.1.0","Retired","09-01-2025","08-23-2025",
"TIBCO Enterprise Administrator(TEA) SDK","1.1.0","Retired","02-26-2017",,
"TIBCO StreamBase Add-in for Microsoft Excel","2.2.0","Retired","02-28-2025","11-21-2024",
"TIBCO Adapter for COM","5.3.1","Retired","04-30-2016",,
"TIBCO Silver Fabric Enabler for Adapter for Files (Unix/Win)","2.5.0","Retired","09-01-2025","01-06-2025",
"TIBCO iProcess Analytics","5.1.1","Retired","09-30-2016",,
"TIBCO LogLogic Security Event Manager","3.6.0","Retired","11-30-2016",,
"TIBCO Enterprise Administrator (TEA)","1.0.0","Retired","11-15-2024","11-16-2024",
"TIBCO Enterprise Administrator(TEA) SDK","1.0.0","Retired","11-29-2016",,
"TIBCO Silver Fabric Enabler for Adapter for Database","2.5.0","Retired","09-01-2025","01-06-2025",
"TIBCO Silver Fabric Enabler for ActiveMatrix Service Grid","1.2.1","Retired","09-01-2025","01-06-2025",
"TIBCO Silver Fabric","5.5.1","Retired","09-01-2025","01-08-2025",
"TIBCO ActiveMatrix Service Grid Distribution for TIBCO Silver Fabric","3.3.0","Retired","09-01-2025","11-15-2025",
"TIBCO BusinessWorks ProcessMonitor","2.2.0","Retired","09-01-2025","04-03-2026",
"TIBCO Silver Fabric Enabler for ActiveMatrix BusinessWorks","2.5.1","Retired","09-01-2025","01-06-2025",
"TIBCO StreamBase Add-in for Microsoft Excel","2.1.0","Retired","02-28-2025","11-21-2024",
"TIBCO Nimbus","9.1.2","Retired","07-30-2017",,
"TIBCO KTP","3.5.16","Retired","08-31-2019","01-06-2025",
"TIBCO Silver Fabric Enabler for TIBCO Enterprise Message Service","1.1.0","Retired","09-01-2025","01-06-2025",
"TIBCO Nimbus","9.1.1","Retired","07-30-2017",,
"Spotfire Automation Services","5.5.0","Retired","12-12-2015",,
"TIBCO BusinessWorks ProcessMonitor","2.1.2","Retired","09-01-2025","04-03-2026",
"TIBCO Silver Fabric Enabler for RedHat JBoss","5.5.0","Retired","09-01-2025","01-06-2025",
"TIBCO Silver Fabric Enabler for Microsoft IIS","5.5.0","Retired","09-01-2025","01-06-2025",
"TIBCO Silver Fabric Enabler for IBM WebSphere","5.5.0","Retired","09-01-2025","01-06-2025",
"TIBCO Silver Fabric Enabler for BEA WebLogic","5.5.0","Retired","09-01-2025","01-06-2025",
"TIBCO Silver Fabric Enabler for Apache Tomcat","5.5.0","Retired","09-01-2025","01-06-2025",
"TIBCO FTL","3.1.0","Retired","06-30-2016",,
"TIBCO BusinessEvents Distribution for TIBCO Silver Fabric","5.1.1","Retired","01-31-2017","01-08-2025",
"TIBCO Silver Fabric Enabler for TIBCO BusinessEvents","2.0.0","Retired","09-01-2025","01-06-2025",
"TIBCO ActiveMatrix BusinessWorks Distribution for TIBCO Silver Fabric","5.11.0","Retired","09-01-2025","11-15-2025",
"Spotfire Automation Services","5.0.1","Retired","06-13-2015",,
"TIBCO Adapter for Database Distribution for TIBCO Silver Fabric","6.3.0","Retired","09-01-2025","01-07-2025",
"TIBCO Silver Fabric Enabler for ActiveMatrix Service Grid","1.2.0","Retired","09-01-2025","01-06-2025",
"TIBCO Silver Fabric Enabler for IBM WebSphere","5.0.1","Retired","09-01-2025","01-06-2025",
"TIBCO Silver Fabric Enabler for Spotfire Web Player","1.0.1","Retired","09-01-2025","01-06-2025",
"TIBCO LogLogic Security Event Manager","3.5.2","Retired","11-30-2016",,
"TIBCO LogLogic Security Event Manager Enterprise Virtual Appliance","3.5.2","Retired","11-30-2016",,
"TIBCO Nimbus","9.0.1","Retired","07-31-2016",,
"TIBCO BusinessWorks ProcessMonitor","2.0.0","Retired","09-01-2025","04-03-2026",
"TIBCO ActiveMatrix BusinessWorks Service Engine Distribution for TIBCO Silver Fabric","5.10.0","Retired","09-01-2025","11-15-2025",
"TIBCO Adapter for SAP Distribution for TIBCO Silver Fabric","6.2.1","Retired","12-31-2016","01-07-2025",
"TIBCO Adapter for LDAP Distribution for TIBCO Silver Fabric","6.1.1","Retired","09-01-2025","11-15-2025",
"TIBCO ActiveMatrix Service Grid Distribution for TIBCO Silver Fabric","3.2.0","Retired","09-01-2025","11-15-2025",
"TIBCO Silver Fabric Enabler for Adapter for SAP","1.0.0","Retired","09-01-2025","01-06-2025",
"TIBCO Silver Fabric Enabler for Adapter for LDAP","1.0.0","Retired","09-01-2025","01-06-2025",
"TIBCO Silver Fabric Enabler for ActiveMatrix Service Grid","1.1.0","Retired","09-01-2025","01-06-2025",
"TIBCO Silver Fabric Enabler for ActiveMatrix BusinessWorks","2.0.0","Retired","09-01-2025","01-06-2025",
"TIBCO BusinessEvents Distribution for TIBCO Silver Fabric","4.0.2","Retired","06-01-2018","10-31-2022",
"TIBCO KTP","3.5.15","Retired","08-31-2019","01-06-2025",
"TIBCO BusinessEvents Distribution for TIBCO Silver Fabric","5.0.1","Retired","01-31-2017","01-08-2025",
"TIBCO RTView for ActiveMatrix BusinessWorks","5.9.0","Retired","09-01-2025","08-23-2025",
"TIBCO Adapter for Database Distribution for TIBCO Silver Fabric","6.2.0","Retired","09-01-2025","11-15-2025",
"TIBCO Silver Fabric Enabler for TIBCO BusinessEvents","1.0.0","Retired","09-01-2025","01-06-2025",
"TIBCO Silver Fabric Enabler for Adapter for Database","1.0.0","Retired","09-01-2025","01-06-2025",
"TIBCO ActiveMatrix Service Bus","3.2.0","Retired","12-31-2018","11-15-2025",
"TIBCO Nimbus","8.1.5","Retired","07-31-2016",,
"TIBCO Silver Fabric Enabler for Adapter for Files (Unix/Win)","1.2.0","Retired","09-01-2025","01-06-2025",
"TIBCO Adapter for Files (Unix/Win) Distribution for TIBCO Silver Fabric","6.1.0","Retired","09-01-2025","01-07-2025",
"TIBCO FTL","2.0.1","Retired","06-30-2016",,
"Spotfire Automation Services","3.1.1","Retired","07-21-2013",,
"Spotfire Web Player","3.1.1","Retired","07-21-2013",,
"Spotfire Automation Services","3.2.2","Retired","07-21-2013",,
"Spotfire Web Player","3.2.2","Retired","07-21-2013",,
"TIBCO ActiveMatrix BusinessWorks Service Engine","5.9.3","Retired","10-31-2016","06-03-2022",
"TIBCO Silver Fabric Enabler for TIBCO Enterprise Message Service","1.0.0","Retired","09-01-2025","01-06-2025",
"TIBCO Enterprise Message Service Distribution for TIBCO Silver Fabric","6.1.0","Retired","09-01-2025","11-15-2025",
"Spotfire Analytics Server","10.1.2","Retired","01-31-2026","11-15-2025",
"TIBCO Silver Fabric Enabler for ActiveMatrix BusinessWorks","1.1.0","Retired","09-01-2025","01-06-2025",
"TIBCO ActiveMatrix BusinessWorks Distribution for TIBCO Silver Fabric","5.9.2","Retired","09-01-2025","01-07-2025",
"TIBCO RTView - EMS Monitor System","6.0.0","Retired","09-01-2025","08-23-2025",
"TIBCO Managed File Transfer Platform Server Agent","7.1.0","Retired","09-01-2025","06-12-2026",
"TIBCO Nimbus","8.1.3","Retired","07-31-2016",,
"TIBCO Silver Fabric","4.1.0","Retired","10-31-2015",,
"TIBCO Nimbus","8.1.2","Retired","07-31-2016",,
"TIBCO Managed File Transfer Internet Server","7.1.1","Retired","09-13-2013",,
"TIBCO Managed File Transfer Command Center","7.1.1","Retired","09-13-2013",,
"TIBCO EMS Client for z/OS (MVS)","6.1.0","Retired","03-31-2017",,
"TIBCO EMS Client for z/OS (CICS)","6.1.0","Retired","03-31-2017",,
"TIBCO Managed File Transfer Internet Server","7.1.0","Retired","05-31-2013",,
"TIBCO Managed File Transfer Command Center","7.1.0","Retired","05-31-2013",,
"TIBCO ActiveMatrix BusinessWorks","5.9.2","Retired","10-31-2016","05-08-2024",
"TIBCO Enterprise RTView","5.8.1","Retired","09-01-2025","12-20-2024",
"TIBCO RTView for ActiveMatrix BusinessWorks","5.8.0","Retired","09-01-2025","08-23-2025",
"TIBCO Managed File Transfer Internet Server","7.0.0","Retired","09-23-2012",,
"TIBCO KTP","3.5.10","Retired","08-31-2019","01-06-2025",
"TIBCO Managed File Transfer Platform Server for zLinux","7.0.0","Retired","10-20-2012",,
"TIBCO Managed File Transfer Command Center","7.0.0","Retired","09-23-2012",,
"TIBCO Managed File Transfer Platform Server for zOS","7.0.0","Retired","10-20-2012",,
"TIBCO Managed File Transfer Platform Server for IBM i","7.0.0","Retired","11-04-2012",,
"TIBCO Managed File Transfer Platform Server for UNIX","7.0.0","Retired","10-20-2012",,
"TIBCO Managed File Transfer Platform Server for Windows","7.0.0","Retired","10-20-2012",,
"Spotfire Automation Services","3.2.1","Retired","07-21-2013",,
"TIBCO ActiveMatrix Binding Type for LDAP","1.0.0","Retired","03-31-2018","03-10-2023",
"Spotfire Clinical Graphics","2.1.0","Retired","01-31-2026","02-03-2025",
"TIBCO RTView for ActiveMatrix BusinessWorks","5.6.0","Retired","09-01-2025","08-23-2025",
"TIBCO Enterprise RTView","5.7.0","Retired","09-01-2025","12-20-2024",
"Spotfire Business Author","11.8.0","Retired","07-31-2023","08-01-2023",
"Spotfire Consumer","11.8.0","Retired","07-31-2023","08-01-2023",
"Spotfire Web Player","11.8.0","Retired","07-31-2023","08-01-2023",
"TIBCO JasperReports","7.9.2","Retired","11-18-2023","11-28-2023",
"TIBCO JasperReports Server","7.9.2","Retired","11-18-2023","11-28-2023",
"Spotfire Enterprise Runtime for R - Server Edition","1.11.0","Retired","07-31-2023","08-01-2023",
"TIBCO Data Virtualization","8.5.2","Retired","11-30-2024","12-01-2023",
"Spotfire Statistics Services","11.8.0","Retired","07-31-2023","08-01-2023",
"TIBCO ActiveSpaces","2.4.2","Retired","06-30-2023","09-13-2023",
"Spotfire Server","11.8.0","Retired","07-31-2023","08-01-2023",
"Spotfire Analyst","11.8.0","Retired","07-31-2023","08-01-2023",
"Spotfire Desktop","11.8.0","Retired","07-31-2023","08-01-2023",
"Spotfire Service for Python","1.11.0","Retired","07-31-2023","08-01-2023",
"EBX","5.9.17","Retired","06-30-2024","07-01-2024",
"TIBCO Clarity - Enterprise Edition","3.2.1","Retired","12-31-2023","03-12-2024",
"Spotfire Developer","11.8.0","Retired","07-31-2023","08-01-2023",
"Spotfire Qualification","11.8.0","Retired","07-31-2023","08-01-2023",
"Spotfire Connectors","11.8.0","Retired","07-31-2023","08-01-2023",
"Spotfire Cloud Enterprise","11.8.0","Retired","07-31-2023","08-01-2023",
"TIBCO JasperReports Server","8.0.1","Retirement Announced","12-31-2026","05-06-2026",
"TIBCO Jaspersoft Studio","8.0.1","Retirement Announced","12-31-2026","05-06-2026",
"TIBCO Managed File Transfer Command Center","8.2.2","Retired","01-31-2023","02-01-2023",
"TIBCO Managed File Transfer Internet Server","8.2.2","Retired","01-31-2023","02-01-2023",
"TIBCO BusinessWorks Container Edition","2.7.1","Retired","12-31-2025","10-07-2024",
"TIBCO LogLogic Enterprise Virtual Appliance","6.4.0","Retired","12-23-2023","01-12-2024",
"TIBCO LogLogic Compliance Suite - Sarbanes-Oxley Edition","4.0.0","Retired","12-23-2023","01-12-2024",
"TIBCO AuditSafe","1.1.1","Retired","12-31-2024","12-06-2023",
"TIBCO LogLogic Compliance Suite - NERC Edition","4.0.0","Retired","12-23-2023","01-12-2024",
"TIBCO BusinessConnect Container Edition","1.1.1","Retired","12-31-2024","12-06-2023",
"TIBCO LogLogic Compliance Suite - PCI Edition","4.0.0","Retired","12-23-2023","01-12-2024",
"TIBCO Managed File Transfer Internet Server","8.3.1","Retired","04-30-2024","05-01-2024",
"TIBCO LogLogic Compliance Suite - ITIL Edition","4.0.0","Retired","12-23-2023","01-12-2024",
"TIBCO Managed File Transfer Command Center","8.3.1","Retired","04-30-2024","05-01-2024",
"TIBCO LogLogic Compliance Suite - ISO Edition","4.0.0","Retired","12-23-2023","01-12-2024",
"TIBCO LogLogic Compliance Suite - HIPAA Edition","4.0.0","Retired","12-23-2023","01-12-2024",
"TIBCO Messaging Manager","3.0.0","Retired","11-30-2023","12-01-2023",
"TIBCO LogLogic Compliance Suite - FISMA Edition","4.0.0","Retired","12-23-2023","01-12-2024",
"Spotfire Statistics Services","11.4.5","Retired","11-30-2024","11-07-2023",
"TIBCO ActiveMatrix BusinessWorks Plug-in for Siebel","7.2.0","Retired","10-31-2025","06-24-2024",
"Spotfire Statistics Services","10.10.8","Retired","07-31-2023","08-01-2023",
"Spotfire Desktop","11.4.2","Retired","11-30-2024","11-07-2023",
"Spotfire Desktop","10.10.5","Retired","07-31-2023","08-01-2023",
"TIBCO LogLogic Log Management Intelligence","6.4.0","Retired","12-23-2023","01-12-2024",
"Spotfire Server","11.4.5","Retired","11-30-2024","11-07-2023",
"Spotfire Server","10.10.10","Retired","07-31-2023","08-01-2023",
"Spotfire Enterprise Runtime for R - Server Edition","1.7.4","Retired","11-30-2024","11-07-2023",
"Spotfire Enterprise Runtime for R - Server Edition","1.3.6","Retired","07-31-2023","08-01-2023",
"Spotfire Service for Python","1.3.4","Retired","11-30-2024","11-08-2023",
"Spotfire Service for Python","1.0.6","Retired","07-31-2023","08-01-2023",
"Spotfire Analyst","11.4.2","Retired","11-30-2024","11-07-2023",
"Spotfire Analyst","10.10.5","Retired","07-31-2023","08-01-2023",
"Spotfire Server","11.7.0","Retired","03-31-2023","04-01-2023",
"Spotfire Desktop","11.7.0","Retired","03-31-2023","04-01-2023",
"TIBCO Data Virtualization","8.3.1","Retired","05-31-2023","10-25-2023",
"Spotfire Analyst","11.7.0","Retired","03-31-2023","04-01-2023",
"TIBCO Data Virtualization","8.5.1","Retired","11-30-2024","12-01-2023",
"Spotfire Developer","11.7.0","Retired","03-31-2023","04-01-2023",
"Spotfire Qualification","11.7.0","Retired","03-31-2023","04-01-2023",
"Spotfire Connectors","11.7.0","Retired","03-31-2023","04-01-2023",
"Spotfire Cloud Enterprise","11.7.0","Retired","03-31-2023","04-01-2023",
"Spotfire Business Author","11.7.0","Retired","03-31-2023","04-01-2023",
"TIBCO eFTL","6.7.3","Retired","06-30-2023","07-01-2023",
"Spotfire Consumer","11.7.0","Retired","03-31-2023","04-01-2023",
"TIBCO FTL","6.7.3","Retired","06-30-2023","11-16-2023",
"TIBCO Business Studio - BPM Edition","5.2.1","Retired","06-03-2025","06-03-2024",
"TIBCO BPM Enterprise","5.2.2","Retired","06-03-2025","06-03-2024",
"TIBCO BusinessEvents Enterprise Edition","6.1.2","Retired","01-31-2024","10-01-2024",
"TIBCO Messaging Quasar - Powered by Apache Pulsar","2.9.1-1","Retired","02-29-2024","03-01-2024",
"TIBCO BPM Enterprise","5.2.1","Retired","06-03-2025","06-03-2024",
"EBX","6.0.4","Retired","08-31-2025","09-05-2024",
"EBX","5.9.16","Retired","06-30-2024","07-01-2024",
"TIBCO Product and Service Catalog powered by TIBCO EBX","1.2.0","Retired","06-30-2025","07-19-2024",
"TIBCO Data Virtualization","8.4.1","Retired","11-30-2023","03-16-2023",
"Spotfire Service for Python","1.5.2","Retired","03-31-2023","04-01-2023",
"Spotfire Enterprise Runtime for R - Server Edition","1.9.2","Retired","03-31-2023","04-01-2023",
"Spotfire Statistics Services","11.6.2","Retired","03-31-2023","04-01-2023",
"Spotfire Enterprise Runtime for R - Server Edition","1.7.3","Retired","11-30-2024","11-07-2023",
"Spotfire Service for Python","1.3.3","Retired","11-30-2024","11-08-2023",
"Spotfire Statistics Services","11.4.4","Retired","11-30-2024","11-07-2023",
"Spotfire Enterprise Runtime for R - Server Edition","1.3.5","Retired","07-31-2023","08-01-2023",
"Spotfire Service for Python","1.0.5","Retired","07-31-2023","08-01-2023",
"Spotfire Statistics Services","10.10.7","Retired","07-31-2023","08-01-2023",
"Spotfire Analyst","11.4.1","Retired","11-30-2024","11-07-2023",
"Spotfire Analyst","10.10.4","Retired","07-31-2023","08-01-2023",
"Spotfire Server","11.6.3","Retired","03-31-2023","04-01-2023",
"Spotfire Desktop","11.4.1","Retired","11-30-2024","11-07-2023",
"Spotfire Server","11.4.4","Retired","11-30-2024","11-07-2023",
"Spotfire Desktop","10.10.4","Retired","07-31-2023","08-01-2023",
"Spotfire Server","10.10.9","Retired","07-31-2023","08-01-2023",
"Spotfire Service for Python","1.5.1","Retired","03-31-2023","04-01-2023",
"Spotfire Enterprise Runtime for R - Server Edition","1.9.1","Retired","03-31-2023","04-01-2023",
"TIBCO ActiveMatrix BusinessWorks Plug-in for PeopleSoft","7.1.0","Retired","10-31-2025","06-24-2024",
"Spotfire Statistics Services","11.6.1","Retired","03-31-2023","04-01-2023",
"Spotfire Enterprise Runtime for R - Server Edition","1.7.2","Retired","11-30-2024","11-07-2023",
"Spotfire Service for Python","1.3.2","Retired","11-30-2024","11-08-2023",
"Spotfire Statistics Services","11.4.3","Retired","11-30-2024","11-07-2023",
"Spotfire Enterprise Runtime for R - Server Edition","1.3.4","Retired","07-31-2023","08-01-2023",
"Spotfire Service for Python","1.0.4","Retired","07-31-2023","08-01-2023",
"Spotfire Statistics Services","10.10.6","Retired","07-31-2023","08-01-2023",
"Spotfire Server","11.6.2","Retired","03-31-2023","04-01-2023",
"Spotfire Server","11.4.3","Retired","11-30-2024","11-07-2023",
"Spotfire Server","10.10.8","Retired","07-31-2023","08-01-2023",
"Spotfire Statistics Services","11.4.2","Retired","11-30-2024","11-07-2023",
"Spotfire Service for Python","1.3.1","Retired","11-30-2024","11-08-2023",
"TIBCO Jaspersoft Advanced Data Services","8.3.0","Retired","05-31-2023","06-01-2023",
"Spotfire Enterprise Runtime for R - Server Edition","1.7.1","Retired","11-30-2024","11-07-2023",
"TIBCO Jaspersoft Advanced Data Services","8.2.0","Retired","02-28-2023","12-01-2022",
"Spotfire Statistics Services","10.10.5","Retired","07-31-2023","08-01-2023",
"TIBCO Spotfire Advanced Data Services","8.5.0","Retired","11-30-2024","12-01-2023",
"Spotfire Service for Python","1.0.3","Retired","07-31-2023","08-01-2023",
"TIBCO Spotfire Advanced Data Services","8.4.0","Retired","11-30-2023","12-01-2023",
"Spotfire Enterprise Runtime for R - Server Edition","1.3.3","Retired","07-31-2023","08-01-2023",
"TIBCO Spotfire Advanced Data Services","8.3.0","Retired","05-31-2023","06-01-2023",
"Spotfire Server","11.6.1","Retired","03-31-2023","04-01-2023",
"TIBCO Spotfire Advanced Data Services","8.2.0","Retired","02-28-2023","03-01-2023",
"Spotfire Server","11.4.2","Retired","11-30-2024","11-07-2023",
"TIBCO Spotfire Advanced Data Services","8.1.0","Retired","07-13-2021",,
"Spotfire Server","10.10.7","Retired","07-31-2023","08-01-2023",
"TIBCO ActiveSpaces","4.7.1","Retired","10-31-2023","06-13-2024",
"TIBCO ActiveMatrix BusinessWorks Plug-in for AMQP","6.2.1","Retired","10-31-2025","06-24-2024",
"TIBCO Cloud API Management - Local Edition","5.5.0","Retired","06-30-2024","08-12-2022",
"TIBCO Enterprise Message Service","10.1.0","Retired","11-30-2023","11-03-2022",
"TIBCO BPM Enterprise","5.2.0","Retired","06-03-2025","06-03-2024",
"TIBCO BusinessWorks Container Edition","2.7.0","Retired","12-31-2025","10-07-2024",
"TIBCO ActiveMatrix BusinessWorks Plug-in for OData","6.3.1","Retired","10-31-2025","06-24-2024",
"TIBCO ActiveMatrix BusinessWorks","6.8.0","Retired","12-31-2025","07-31-2024",
"TIBCO JasperReports Server","8.0.0","Retirement Announced","12-31-2026","05-06-2026",
"TIBCO Business Studio - BPM Edition","5.2.0","Retired","06-03-2025","06-03-2024",
"Spotfire Server","11.6.0","Retired","03-31-2023","04-01-2023",
"Spotfire Desktop","11.6.0","Retired","03-31-2023","04-01-2023",
"Spotfire Analyst","11.6.0","Retired","03-31-2023","04-01-2023",
"TIBCO Jaspersoft Studio","8.0.0","Retirement Announced","12-31-2026","05-06-2026",
"Spotfire Statistics Services","11.6.0","Retired","03-31-2023","04-01-2023",
"TIBCO Graph Database - Enterprise Edition","3.1.0","Retired","01-31-2024","06-21-2024",
"Spotfire Service for Python","1.5.0","Retired","03-31-2023","04-01-2023",
"TIBCO JasperReports","8.0.0","Retirement Announced","12-31-2026","05-06-2026",
"Spotfire Enterprise Runtime for R - Server Edition","1.9.0","Retired","03-31-2023","04-01-2023",
"Spotfire Developer","11.6.0","Retired","03-31-2023","04-01-2023",
"TIBCO ActiveMatrix BusinessWorks Plug-in for Apache Kafka","6.5.1","Retired","10-31-2025","06-24-2024",
"Spotfire Qualification","11.6.0","Retired","03-31-2023","04-01-2023",
"TIBCO ActiveMatrix BusinessWorks Plug-in for Microsoft SharePoint","6.2.2","Retired","10-31-2025","06-24-2024",
"Spotfire Connectors","11.6.0","Retired","03-31-2023","04-01-2023",
"TIBCO ActiveMatrix BusinessWorks Plug-in for Microsoft Dynamics CRM","6.9.2","Retired","10-31-2025","06-24-2024",
"Spotfire Cloud Enterprise","11.6.0","Retired","03-31-2023","04-01-2023",
"Spotfire Business Author","11.6.0","Retired","03-31-2023","04-01-2023",
"Spotfire Consumer","11.6.0","Retired","03-31-2023","04-01-2023",
"TIBCO Messaging Quasar - Powered by Apache Pulsar","2.8.1-1","Retired","11-30-2023","12-01-2023",
"Spotfire Web Player","11.6.0","Retired","03-31-2023","04-01-2023",
"TIBCO Data Virtualization","8.5.0","Retired","11-30-2024","12-01-2023",
"EBX","6.0.3","Retired","08-31-2025","09-05-2024",
"TIBCO eFTL","6.7.2","Retired","06-30-2023","07-01-2023",
"TIBCO FTL","6.7.2","Retired","06-30-2023","07-01-2023",
"TIBCO Jaspersoft Studio for ActiveMatrix BPM","7.9.0","Retired","12-31-2025","07-15-2024",
"TIBCO ActiveMatrix BusinessWorks Plug-in for Database","7.3.0","Retired","12-31-2023","01-01-2024",
"TIBCO Messaging Quasar - Powered by Apache Pulsar","2.8.0-1","Retired","11-30-2023","12-01-2023",
"TIBCO Data Streams","10.6.2","Retired","06-30-2025","11-03-2023",
"TIBCO ActiveMatrix BusinessWorks Plug-in for SAP Solutions","7.3.0","Retired","12-31-2023","03-06-2024",
"TIBCO Messaging Quasar - Powered by Apache Pulsar","2.7.3-1","Retired","02-28-2023","03-01-2023",
"TIBCO LiveView Web","1.6.2","Retired","06-30-2025","10-22-2024",
"TIBCO ActiveSpaces","4.7.0","Retired","10-31-2023","06-13-2024",
"TIBCO eFTL","6.7.1","Retired","06-30-2023","07-01-2023",
"TIBCO FTL","6.7.1","Retired","06-30-2023","07-01-2023",
"Spotfire Web Player","11.5.0","Retired","12-31-2022","01-01-2023",
"Spotfire Consumer","11.5.0","Retired","12-31-2022","01-01-2023",
"Spotfire Business Author","11.5.0","Retired","12-31-2022","01-01-2023",
"Spotfire Connectors","11.5.0","Retired","12-31-2022","01-01-2023",
"TIBCO Messaging Castle - Powered by Apache Kafka","3.0.0","Retired","11-30-2023","12-01-2023",
"Spotfire Qualification","11.5.0","Retired","12-31-2022","01-01-2023",
"Spotfire Developer","11.5.0","Retired","12-31-2022","01-01-2023",
"EBX","6.0.2","Retired","08-31-2025","09-05-2024",
"Spotfire Statistics Services","11.5.0","Retired","12-31-2022","01-01-2023",
"EBX","5.9.15","Retired","06-30-2024","07-01-2024",
"Spotfire Service for Python","1.4.0","Retired","12-31-2022","01-01-2023",
"Spotfire Desktop","11.5.0","Retired","12-31-2022","01-01-2023",
"TIBCO JasperReports Server","7.9.1","Retired","11-18-2023","11-28-2023",
"Spotfire Server","11.5.0","Retired","12-31-2022","01-01-2023",
"TIBCO JasperReports Server","7.8.1","Retired","12-07-2022","12-08-2022",
"Spotfire Analyst","11.5.0","Retired","12-31-2022","01-01-2023",
"TIBCO JasperReports Server","7.5.2","Retired","08-21-2022","08-25-2022",
"Spotfire Enterprise Runtime for R - Server Edition","1.8.0","Retired","12-31-2022","01-01-2023",
"TIBCO JasperReports Server","7.2.2","Retired","12-19-2021",,
"TIBCO Streaming","10.6.2","Retired","06-30-2025","11-03-2023",
"TIBCO Messaging - Schema Repository for Apache Kafka - Enterprise Edition","1.4.0","Retired","03-31-2025","03-06-2024",
"TIBCO ActiveMatrix BusinessWorks Plug-in for SWIFT","6.7.0","Retired","10-31-2025","03-07-2024",
"Spotfire Cloud Enterprise","7.11.5","Retired","07-31-2021","11-08-2023",
"Spotfire Cloud Enterprise","7.11.4","Retired","07-31-2021","11-08-2023",
"Spotfire Cloud Enterprise","7.11.3","Retired","07-31-2021","11-08-2023",
"Spotfire Cloud Enterprise","7.11.2","Retired","07-31-2021","11-08-2023",
"TIBCO ActiveMatrix BusinessWorks Plug-in for Oracle Tuxedo","8.1.0","Retired","10-31-2025","06-24-2024",
"Spotfire Cloud Enterprise","10.3.12","Retired","06-30-2022","11-08-2023",
"Spotfire Cloud Enterprise","10.3.11","Retired","06-30-2022","11-08-2023",
"Spotfire Cloud Enterprise","10.3.10","Retired","06-30-2022","11-08-2023",
"Spotfire Cloud Enterprise","10.3.9","Retired","06-30-2022","11-08-2023",
"Spotfire Cloud Enterprise","10.3.13","Retired","06-30-2022","11-08-2023",
"Spotfire Cloud Enterprise","10.3.8","Retired","06-30-2022","11-08-2023",
"Spotfire Cloud Enterprise","10.3.7","Retired","06-30-2022","11-08-2023",
"TIBCO BPM Enterprise","5.1.0","Retired","12-31-2023","01-01-2024",
"Spotfire Cloud Enterprise","10.3.6","Retired","06-30-2022","11-08-2023",
"TIBCO Business Studio - BPM Edition","5.1.0","Retired","12-31-2023","06-03-2024",
"Spotfire Cloud Enterprise","10.3.5","Retired","06-30-2022","11-08-2023",
"Spotfire Cloud Enterprise","10.3.4","Retired","06-30-2022","11-08-2023",
"Spotfire Cloud Enterprise","10.3.3","Retired","06-30-2022","11-08-2023",
"Spotfire Cloud Enterprise","10.3.2","Retired","06-30-2022","11-08-2023",
"Spotfire Cloud Enterprise","10.3.1","Retired","06-30-2022","11-08-2023",
"Spotfire Cloud Enterprise","10.4.0","Retired","09-30-2020","11-08-2023",
"Spotfire Cloud Enterprise","10.10.6","Retired","07-31-2023","08-01-2023",
"TIBCO Operational Intelligence Hawk RedTail","7.1.0","Retired","08-18-2024","10-31-2022",
"Spotfire Cloud Enterprise","10.10.5","Retired","07-31-2023","08-01-2023",
"Spotfire Cloud Enterprise","7.11.11","Retired","07-31-2021","11-08-2023",
"Spotfire Cloud Enterprise","10.10.4","Retired","07-31-2023","08-01-2023",
"Spotfire Cloud Enterprise","7.11.10","Retired","07-31-2021","11-08-2023",
"Spotfire Cloud Enterprise","11.5.0","Retired","12-31-2022","01-01-2023",
"Spotfire Cloud Enterprise","7.11.9","Retired","07-31-2021","11-08-2023",
"Spotfire Business Author","7.11.2","Retired","07-31-2021","11-07-2023",
"Spotfire Cloud Enterprise","7.11.8","Retired","07-31-2021","11-08-2023",
"Spotfire Consumer","7.11.2","Retired","07-31-2021","11-07-2023",
"Spotfire Cloud Enterprise","7.11.7","Retired","07-31-2021","11-08-2023",
"Spotfire Web Player","7.11.2","Retired","07-31-2021","05-09-2023",
"Spotfire Cloud Enterprise","7.11.6","Retired","07-31-2021","11-08-2023",
"TIBCO BusinessWorks Container Edition","2.6.3","Retired","12-31-2024","10-07-2024",
"Spotfire Statistics Services","11.4.1","Retired","11-30-2024","11-07-2023",
"Spotfire Statistics Services","10.10.4","Retired","07-31-2023","08-01-2023",
"Spotfire Server","11.4.1","Retired","11-30-2024","11-07-2023",
"Spotfire Server","10.10.6","Retired","07-31-2023","08-01-2023",
"TIBCO ActiveMatrix BusinessWorks Plug-in for Facebook","1.3.0","Retired","10-31-2025","06-24-2024",
"Spotfire Statistics Services","10.10.3","Retired","07-31-2023","08-01-2023",
"Spotfire Enterprise Runtime for R - Server Edition","1.2.5","Retired","06-30-2022","07-01-2022",
"Spotfire Statistics Services","10.3.1","Retired","06-30-2022","07-01-2022",
"Spotfire Server","11.4.0","Retired","11-30-2024","11-07-2023",
"Spotfire Server","10.10.5","Retired","07-31-2023","08-01-2023",
"Spotfire Server","10.3.13","Retired","06-30-2022","07-01-2022",
"TIBCO API Exchange","2.4.1","Retired","12-31-2023","09-19-2024",
"Spotfire Desktop","11.4.0","Retired","11-30-2024","11-07-2023",
"TIBCO ActiveMatrix BusinessWorks Plug-in for Snowflake","6.1.0","Retired","10-31-2025","06-24-2024",
"Spotfire Analyst","11.4.0","Retired","11-30-2024","11-07-2023",
"TIBCO ActiveSpaces","4.6.2","Retired","12-31-2022","01-01-2023",
"TIBCO Messaging Quasar - Powered by Apache Pulsar","2.6.4-1","Retired","02-28-2022",,
"TIBCO ActiveMatrix BusinessWorks Plug-in for SWIFT","5.20.0","Retired","10-31-2025","03-07-2024",
"TIBCO Cloud API Management - Local Edition","5.4.1","Retired","12-31-2023","08-12-2022",
"Spotfire Service for Python","1.3.0","Retired","11-30-2024","11-08-2023",
"EBX","6.0.1","Retired","08-31-2025","09-05-2024",
"EBX","5.9.14","Retired","06-30-2024","07-01-2024",
"Spotfire Developer","11.4.0","Retired","11-30-2024","11-07-2023",
"Spotfire Data Science Team Studio","6.6.0","Retired","03-31-2024","04-01-2024",
"Spotfire Qualification","11.4.0","Retired","11-30-2024","11-07-2023",
"Spotfire Connectors","11.4.0","Retired","11-30-2024","11-07-2023",
"Spotfire Cloud Enterprise","11.4.0","Retired","11-30-2024","11-08-2023",
"Spotfire Business Author","11.4.0","Retired","11-30-2024","11-07-2023",
"Spotfire Consumer","11.4.0","Retired","11-30-2024","11-07-2023",
"TIBCO Messaging Quasar - Powered by Apache Pulsar","2.7.2-1","Retired","02-28-2023","03-01-2023",
"Spotfire Web Player","11.4.0","Retired","11-30-2024","11-07-2023",
"Spotfire Enterprise Runtime for R - Server Edition","1.7.0","Retired","11-30-2024","11-07-2023",
"Spotfire Statistics Services","11.4.0","Retired","11-30-2024","11-07-2023",
"Spotfire Enterprise Runtime for R - Server Edition","1.3.2","Retired","07-31-2023","08-01-2023",
"ibi WebFOCUS","7710","Retired","09-30-2023","10-01-2023",
"ibi WebFOCUS","8206","Retired","09-30-2023","10-01-2023",
"ibi WebFOCUS","7708","Retired","09-30-2023","10-01-2023",
"ibi WebFOCUS","8205","Retired","09-30-2023","10-01-2023",
"ibi WebFOCUS","7707","Retired","09-30-2023","10-01-2023",
"ibi WebFOCUS","8204","Retired","09-30-2023","10-01-2023",
"ibi WebFOCUS","7706","Retired","09-30-2023","10-01-2023",
"ibi WebFOCUS","8203","Retired","09-30-2023","10-01-2023",
"ibi WebFOCUS","7705","Retired","09-30-2023","10-01-2023",
"ibi WebFOCUS","8202","Retired","09-30-2023","10-01-2023",
"ibi WebFOCUS","8201","Retired","09-30-2023","10-01-2023",
"ibi WebFOCUS","8105","Retired","09-30-2023","10-01-2023",
"ibi WebFOCUS","769","Retired","09-30-2023","10-01-2023",
"ibi Data Migrator","8206","Retired","09-30-2023","10-01-2023",
"ibi Data Migrator","8205","Retired","09-30-2023","10-01-2023",
"ibi Data Migrator","8204","Retired","09-30-2023","10-01-2023",
"ibi Data Migrator","8203","Retired","09-30-2023","10-01-2023",
"ibi Data Migrator","8202","Retired","09-30-2023","10-01-2023",
"ibi Data Migrator","8201","Retired","09-30-2023","10-01-2023",
"ibi Data Migrator","8105","Retired","09-30-2023","10-01-2023",
"ibi Data Migrator","7710","Retired","09-30-2023","10-01-2023",
"ibi Data Migrator","7708","Retired","09-30-2023","10-01-2023",
"ibi Data Migrator","7707","Retired","09-30-2023","10-01-2023",
"ibi Data Migrator","7706","Retired","09-30-2023","10-01-2023",
"ibi Data Migrator","7705","Retired","09-30-2023","10-01-2023",
"TIBCO Messaging Castle - Powered by Apache Kafka","2.7.1-1","Retired","06-30-2023","07-01-2023",
"TIBCO ActiveMatrix BusinessWorks Plug-in for Facebook","6.4.0","Retired","10-31-2025","06-24-2024",
"TIBCO Messaging Quasar - Powered by Apache Pulsar","2.7.1-1","Retired","02-28-2023","03-01-2023",
"TIBCO ActiveMatrix BusinessWorks Plug-in for Amazon S3","6.5.0","Retired","10-31-2025","06-24-2024",
"TIBCO Messaging Quasar - Powered by Apache Pulsar","2.6.3-1","Retired","02-28-2022",,
"TIBCO Messaging Castle - Powered by Apache Kafka","2.8.0-1","Retired","11-30-2023","12-01-2023",
"TIBCO Messaging Castle - Powered by Apache Kafka","2.6.2","Retired","02-28-2022",,
"TIBCO eFTL","6.7.0","Retired","06-30-2023","07-01-2023",
"TIBCO FTL","6.7.0","Retired","06-30-2023","07-01-2023",
"TIBCO BusinessWorks Container Edition","2.6.2","Retired","12-31-2024","10-07-2024",
"Spotfire Qualification","11.2.0","Retired","04-30-2022",,
"Spotfire Qualification","11.1.0","Retired","03-31-2022",,
"Spotfire Qualification","11.0.0","Retired","01-31-2022",,
"Spotfire Qualification","10.10.0","Retired","07-31-2023","08-01-2023",
"Spotfire Qualification","10.9.0","Retired","07-31-2021",,
"Spotfire Qualification","10.8.0","Retired","04-30-2021",,
"Spotfire Qualification","10.7.0","Retired","03-31-2021",,
"Spotfire Qualification","10.6.0","Retired","01-31-2021",,
"Spotfire Qualification","10.5.0","Retired","10-31-2020",,
"Spotfire Qualification","10.4.0","Retired","09-30-2020",,
"ibi WebFOCUS","8207.27.0","Retired","09-04-2025","09-05-2024",
"TIBCO ActiveMatrix BusinessWorks Plug-in for OSISoft PI System","6.4.0","Retired","04-30-2024","05-01-2024",
"TIBCO Messaging - Schema Repository for Apache Kafka - Enterprise Edition","1.3.0","Retired","03-31-2025","03-06-2024",
"TIBCO Messaging Castle - Powered by Apache Kafka","2.7.0-1","Retired","06-30-2023","07-01-2023",
"Spotfire Qualification","11.3.0","Retired","06-30-2022","07-01-2022",
"Spotfire Desktop","11.3.0","Retired","06-30-2022","07-01-2022",
"Spotfire Analyst","11.3.0","Retired","06-30-2022","07-01-2022",
"Spotfire Server","11.3.0","Retired","06-30-2022","07-01-2022",
"Spotfire Web Player","11.3.0","Retired","06-30-2022","07-01-2022",
"Spotfire Consumer","11.3.0","Retired","06-30-2022","07-01-2022",
"Spotfire Business Author","11.3.0","Retired","06-30-2022","07-01-2022",
"Spotfire Cloud Enterprise","11.3.0","Retired","06-30-2022","07-01-2022",
"Spotfire Connectors","11.3.0","Retired","06-30-2022","07-01-2022",
"Spotfire Developer","11.3.0","Retired","06-30-2022","07-01-2022",
"Spotfire Enterprise Runtime for R - Server Edition","1.6.0","Retired","06-30-2022","07-01-2022",
"Spotfire Service for Python","1.2.0","Retired","06-30-2022","07-01-2022",
"Spotfire Statistics Services","11.3.0","Retired","06-30-2022","07-01-2022",
"Spotfire Developer","11.2.0","Retired","04-30-2022",,
"TIBCO ActiveMatrix BusinessWorks Plug-in for SAP Solutions","8.5.0","Retired","10-31-2025","06-24-2024",
"EBX","6.0.0","Retired","08-31-2025","09-05-2024",
"TIBCO eFTL","6.6.1","Retired","06-30-2023","07-01-2023",
"TIBCO FTL","6.6.1","Retired","06-30-2023","07-01-2023",
"TIBCO Data Streams","10.6.6","Retired","06-30-2025","10-23-2024",
"TIBCO Streaming","10.6.6","Retired","06-30-2025","10-11-2024",
"TIBCO API Exchange","2.4.0","Retired","12-31-2023","09-19-2024",
"TIBCO OpenSpirit Data Connector for KINGDOM","2.9.0","Retired","09-01-2025","08-02-2024",
"TIBCO Hawk","6.2.4","Retired","12-31-2025","06-07-2024",
"TIBCO OpenSpirit Data Connector for Studio","3.11.0","Retired","09-01-2025","08-02-2024",
"TIBCO OpenSpirit Data Connector for KINGDOM","2.8.0","Retired","09-01-2025","08-02-2024",
"TIBCO ActiveMatrix Service Grid","3.4.2","Retired","09-01-2025","08-02-2024",
"TIBCO Data Virtualization","8.4.3","Retired","11-30-2023","10-25-2023",
"TIBCO Messaging Castle - Powered by Apache Kafka","3.4.0","Retired","03-31-2025","12-01-2023",
"Spotfire Enterprise Runtime for R - Server Edition","1.7.9","Retired","11-30-2024","11-07-2023",
"Spotfire Service for Python","1.3.9","Retired","11-30-2024","11-08-2023",
"Spotfire Desktop","11.4.6","Retired","11-30-2024","11-07-2023",
"Spotfire Server","11.4.10","Retired","11-30-2024","11-07-2023",
"Spotfire Analyst","11.4.6","Retired","11-30-2024","11-07-2023",
"Spotfire Developer","12.3.0","Retired","04-30-2024","05-01-2024",
"Spotfire Qualification","12.3.0","Retired","04-30-2024","05-01-2024",
"Spotfire Connectors","12.3.0","Retired","04-30-2024","05-01-2024",
"Spotfire Cloud Enterprise","12.3.0","Retired","04-30-2024","05-01-2024",
"Spotfire Consumer","12.3.0","Retired","04-30-2024","05-01-2024",
"EBX","6.0.13","Retired","08-31-2025","09-05-2024",
"Spotfire Web Player","12.3.0","Retired","04-30-2024","05-01-2024",
"Spotfire Analyst","12.3.0","Retired","04-30-2024","05-01-2024",
"TIBCO BusinessConnect","7.3.1","Retired","06-30-2025","10-07-2024",
"Spotfire Server","12.3.0","Retired","04-30-2024","05-01-2024",
"Spotfire Desktop","12.3.0","Retired","04-30-2024","05-01-2024",
"EBX","6.0.12","Retired","08-31-2025","09-05-2024",
"Spotfire Service for Python","1.15.0","Retired","11-30-2024","11-08-2023",
"TIBCO Product and Service Catalog powered by TIBCO EBX","1.2.1","Retired","06-30-2025","07-19-2024",
"Spotfire Enterprise Runtime for R - Server Edition","1.15.0","Retired","11-30-2024","11-07-2023",
"TIBCO Data Streams","11.0.1","Retired","12-31-2024","10-23-2024",
"TIBCO Hawk","6.2.2","Retired","12-31-2025","06-01-2024",
"TIBCO Streaming","11.0.1","Retired","12-31-2024","02-16-2024",
"TIBCO OpenSpirit Adapter for Petrel","31.0.0","Retired","09-01-2025","08-02-2024",
"TIBCO RTView for ActiveMatrix BusinessWorks","7.1.1","Retired","09-01-2025","08-06-2024",
"Spotfire Analyst","12.2.0","Retired","03-31-2024","04-01-2024",
"TIBCO RTView for TIBCO BusinessEvents","7.1.1","Retired","09-01-2025","08-06-2024",
"TIBCO Jaspersoft Studio","8.0.3","Retirement Announced","12-31-2026","05-06-2026",
"TIBCO RTView - EMS Monitor System","7.1.1","Retired","09-01-2025","08-06-2024",
"TIBCO JasperReports","8.0.3","Retirement Announced","12-31-2026","05-06-2026",
"EBX","5.9.22","Retired","06-30-2024","12-07-2023",
"TIBCO Jaspersoft Studio","8.1.1","Retired","04-28-2024","04-29-2024",
"TIBCO JasperReports","8.1.1","Retired","04-28-2024","04-29-2024",
"TIBCO ActiveSpaces","4.8.1","Retired","09-30-2024","05-02-2024",
"Spotfire Statistics Services","12.2.0","Retired","04-30-2024","05-01-2024",
"Spotfire Server","12.2.0","Retired","03-31-2024","04-01-2024",
"Spotfire Service for Python","1.14.0","Retired","04-30-2024","05-01-2024",
"Spotfire Enterprise Runtime for R - Server Edition","1.14.0","Retired","04-30-2024","05-01-2024",
"Spotfire Developer","12.2.0","Retired","03-31-2024","04-01-2024",
"Spotfire Qualification","12.2.0","Retired","03-31-2024","04-01-2024",
"Spotfire Connectors","12.2.0","Retired","03-31-2024","04-01-2024",
"Spotfire Cloud Enterprise","12.2.0","Retired","03-31-2024","04-01-2024",
"Spotfire Business Author","12.3.0","Retired","04-30-2024","05-01-2024",
"Spotfire Consumer","12.2.0","Retired","03-31-2024","04-01-2024",
"Spotfire Web Player","12.2.0","Retired","03-31-2024","04-01-2024",
"TIBCO JasperReports Server","8.1.1","Retired","04-28-2024","04-29-2024",
"Spotfire Desktop","12.2.0","Retired","03-31-2024","04-01-2024",
"TIBCO JasperReports Server","8.0.3","Retirement Announced","12-31-2026","05-06-2026",
"Spotfire Server","12.1.1","Retired","01-31-2024","02-01-2024",
"Spotfire Server","11.4.9","Retired","11-30-2024","11-07-2023",
"Spotfire Desktop","12.1.1","Retired","01-31-2024","02-01-2024",
"Spotfire Desktop","11.4.5","Retired","11-30-2024","11-07-2023",
"Spotfire Analyst","12.1.1","Retired","01-31-2024","02-01-2024",
"Spotfire Analyst","11.4.5","Retired","11-30-2024","11-07-2023",
"TIBCO Enterprise Message Service","10.2.1","Retired","03-31-2025","03-11-2024",
"EBX","6.0.11","Retired","08-31-2025","09-05-2024",
"TIBCO Messaging Castle - Powered by Apache Kafka","2.8.2-1","Retired","11-30-2023","12-01-2023",
"TIBCO eFTL","6.9.1","Retired","10-31-2024","11-01-2024",
"TIBCO FTL","6.9.1","Retired","10-31-2024","11-01-2024",
"TIBCO Data Virtualization","8.5.5","Retired","11-30-2024","12-22-2023",
"Spotfire Statistics Services","11.4.10","Retired","11-30-2024","11-07-2023",
"Spotfire Enterprise Runtime for R - Server Edition","1.7.8","Retired","11-30-2024","11-07-2023",
"TIBCO Rendezvous","8.6.1","Retired","11-30-2024","11-16-2023",
"Spotfire Service for Python","1.3.8","Retired","11-30-2024","11-08-2023",
"TIBCO Messaging Quasar - Powered by Apache Pulsar","2.10.2-1","Retired","07-31-2024","08-01-2024",
"TIBCO ActiveMatrix BusinessWorks Plug-in for OData","6.4.0","Retired","10-31-2025","06-24-2024",
"TIBCO Data Virtualization","8.6.1","Retired","04-21-2024","04-22-2024",
"TIBCO Messaging Castle - Powered by Apache Kafka","3.3.1","Retired","11-30-2024","12-18-2023",
"TIBCO Messaging Castle - Powered by Apache Kafka","3.2.3","Retired","07-31-2024","12-18-2023",
"TIBCO Messaging Quasar - Powered by Apache Pulsar","2.10.1-2","Retired","07-31-2024","08-01-2024",
"TIBCO Messaging Castle - Powered by Apache Kafka","3.1.2","Retired","07-31-2024","12-18-2023",
"Spotfire Service for Python","1.10.0","Retired","03-31-2023","04-01-2023",
"Spotfire Enterprise Runtime for R - Server Edition","1.10.0","Retired","03-31-2023","04-01-2023",
"Spotfire Statistics Services","11.7.0","Retired","03-31-2023","04-01-2023",
"TIBCO Messaging Quasar - Powered by Apache Pulsar","2.9.3-1","Retired","02-29-2024","03-01-2024",
"Spotfire Web Player","11.7.0","Retired","03-31-2023","04-01-2023",
"Spotfire Developer","12.1.0","Retired","01-31-2024","02-01-2024",
"Spotfire Qualification","12.1.0","Retired","01-31-2024","02-01-2024",
"Spotfire Connectors","12.1.0","Retired","01-31-2024","02-01-2024",
"Spotfire Cloud Enterprise","12.1.0","Retired","01-31-2024","02-01-2024",
"Spotfire Business Author","12.1.0","Retired","01-31-2024","02-01-2024",
"Spotfire Consumer","12.1.0","Retired","01-31-2024","02-01-2024",
"Spotfire Web Player","12.1.0","Retired","01-31-2024","02-01-2024",
"Spotfire Server","12.1.0","Retired","01-31-2024","02-01-2024",
"Spotfire Desktop","12.1.0","Retired","01-31-2024","02-01-2024",
"Spotfire Analyst","12.1.0","Retired","01-31-2024","02-01-2024",
"Spotfire Service for Python","1.13.0","Retired","01-31-2024","02-01-2024",
"Spotfire Statistics Services","12.1.0","Retired","01-31-2024","02-01-2024",
"Spotfire Enterprise Runtime for R - Server Edition","1.13.0","Retired","01-31-2024","02-01-2024",
"EBX","5.9.21","Retired","06-30-2024","12-07-2023",
"TIBCO Enterprise Message Service","10.2.0","Retired","03-31-2025","07-17-2024",
"TIBCO ActiveMatrix BusinessWorks","6.8.1","Retired","12-31-2025","07-31-2024",
"EBX","5.9.19","Retired","06-30-2024","12-07-2023",
"TIBCO BusinessWorks Container Edition","2.7.2","Retired","12-31-2025","10-07-2024",
"Spotfire Statistics Services","10.10.10","Retired","07-31-2023","08-01-2023",
"Spotfire Enterprise Runtime for R - Server Edition","1.7.6","Retired","11-30-2024","11-07-2023",
"Spotfire Enterprise Runtime for R - Server Edition","1.3.8","Retired","07-31-2023","08-01-2023",
"Spotfire Service for Python","1.3.6","Retired","11-30-2024","11-08-2023",
"Spotfire Service for Python","1.0.8","Retired","07-31-2023","08-01-2023",
"TIBCO ActiveMatrix Service Grid","3.4.1","Retired","09-01-2025","08-02-2024",
"Spotfire Analyst","11.4.3","Retired","11-30-2024","11-07-2023",
"TIBCO JasperReports Server","8.0.2","Retirement Announced","12-31-2026","05-06-2026",
"Spotfire Analyst","10.10.6","Retired","07-31-2023","09-13-2022",
"TIBCO Data Streams","11.0.0","Retired","12-31-2024","10-23-2024",
"EBX","5.9.18","Retired","06-30-2024","07-01-2024",
"TIBCO eFTL","6.8.0","Retired","05-31-2024","06-01-2024",
"TIBCO Rendezvous","8.6.0","Retired","11-30-2024","11-08-2023",
"TIBCO FTL","6.8.0","Retired","05-31-2024","06-01-2024",
"Spotfire Server","11.4.7","Retired","11-30-2024","11-07-2023",
"TIBCO Jaspersoft Studio","8.0.2","Retirement Announced","12-31-2026","05-06-2026",
"Spotfire Server","10.10.12","Retired","07-31-2023","08-01-2023",
"TIBCO BusinessConnect","7.3.0","Retired","06-30-2025","10-07-2024",
"TIBCO Managed File Transfer Internet Server","8.3.2","Retired","04-30-2024","12-11-2023",
"TIBCO Managed File Transfer Command Center","8.3.2","Retired","04-30-2024","12-11-2023",
"TIBCO Streaming","11.0.0","Retired","12-31-2024","12-14-2023",
"Spotfire Desktop","11.4.3","Retired","11-30-2024","11-07-2023",
"EBX","6.0.5","Retired","08-31-2025","09-05-2024",
"Spotfire Desktop","10.10.6","Retired","07-31-2023","09-14-2022",
"Spotfire Statistics Services","11.4.7","Retired","11-30-2024","11-07-2023",
"TIBCO Messaging Castle - Powered by Apache Kafka","2.8.1-1","Retired","11-30-2023","12-01-2023",
"Spotfire Statistics Services","11.8.1","Retired","07-31-2023","08-01-2023",
"Spotfire Statistics Services","11.4.6","Retired","11-30-2024","11-07-2023",
"Spotfire Statistics Services","10.10.9","Retired","07-31-2023","08-01-2023",
"Spotfire Enterprise Runtime for R - Server Edition","1.11.1","Retired","07-31-2023","08-01-2023",
"Spotfire Enterprise Runtime for R - Server Edition","1.7.5","Retired","11-30-2024","11-07-2023",
"Spotfire Enterprise Runtime for R - Server Edition","1.3.7","Retired","07-31-2023","08-01-2023",
"TIBCO Enterprise Message Service","8.7.0","Retired","09-30-2025","09-13-2024",
"Spotfire Service for Python","1.11.1","Retired","07-31-2023","08-01-2023",
"Spotfire Service for Python","1.3.5","Retired","11-30-2024","11-08-2023",
"Spotfire Service for Python","1.0.7","Retired","07-31-2023","08-01-2023",
"TIBCO Messaging Castle - Powered by Apache Kafka","3.5.0","Retired","07-31-2025","12-01-2023",
"Spotfire Server","11.4.6","Retired","11-30-2024","11-07-2023",
"Spotfire Server","10.10.11","Retired","07-31-2023","08-01-2023",
"Spotfire Server","11.8.1","Retired","07-31-2023","08-01-2023",
"ibi WebFOCUS","8206.33","Retired","09-04-2025","09-05-2024",
"TIBCO Messaging Quasar - Powered by Apache Pulsar","3.0.0-1","Retired","05-31-2026","12-18-2023",
"TIBCO ActiveMatrix BusinessWorks Plug-in for Change Data Capture","6.0.0","Retired","10-31-2025","06-24-2024",
"Spotfire Developer","12.5.0","Retired","11-30-2024","11-07-2023",
"Spotfire Qualification","12.5.0","Retired","11-30-2024","11-07-2023",
"Spotfire Connectors","12.5.0","Retired","11-30-2024","11-07-2023",
"Spotfire Cloud Enterprise","12.5.0","Retired","11-30-2024","11-07-2023",
"Spotfire Business Author","12.5.0","Retired","11-30-2024","11-07-2023",
"Spotfire Consumer","12.5.0","Retired","11-30-2024","11-07-2023",
"EBX","6.0.15","Retired","08-31-2025","09-05-2024",
"Spotfire Web Player","12.5.0","Retired","11-30-2024","11-07-2023",
"Spotfire Service for R","1.16.0","Retired","11-30-2024","11-08-2023",
"Spotfire Server","11.4.11","Retired","11-30-2024","11-07-2023",
"Spotfire Service for Python","1.16.0","Retired","11-30-2024","11-08-2023",
"Spotfire Statistics Services","12.3.1","Retired","11-30-2024","11-07-2023",
"Spotfire Desktop","11.4.7","Retired","11-30-2024","11-07-2023",
"Spotfire Desktop","12.5.0","Retired","11-30-2024","11-07-2023",
"Spotfire Server","12.5.0","Retired","11-30-2024","11-07-2023",
"Spotfire Service for Python","1.3.10","Retired","11-30-2024","11-08-2023",
"Spotfire Analyst","12.5.0","Retired","11-30-2024","11-07-2023",
"Spotfire Analyst","11.4.7","Retired","11-30-2024","11-07-2023",
"Spotfire Enterprise Runtime for R - Server Edition","1.16.0","Retired","11-30-2024","11-08-2023",
"Spotfire Enterprise Runtime for R - Server Edition","1.7.10","Retired","11-30-2024","11-07-2023",
"EBX","5.9.24","Retired","06-25-2025","06-26-2024",
"ibi WebFOCUS","8207.28.14","Retired","09-04-2025","10-03-2024",
"Spotfire Statistics Services","11.4.12","Retired","11-30-2024","11-07-2023",
"TIBCO JasperReports Server","8.1.2","Retired","04-28-2024","04-29-2024",
"TIBCO Messaging Quasar - Powered by Apache Pulsar","2.11.1-1","Retired","01-31-2024","02-01-2024",
"EBX","6.0.14","Retired","08-31-2025","09-05-2024",
"EBX","5.9.23","Retired","06-30-2024","12-11-2023",
"TIBCO Data Streams","10.6.4","Retired","06-30-2025","11-21-2023",
"TIBCO JasperReports Server","8.2.0","Retired","01-25-2025","04-23-2024",
"TIBCO Jaspersoft Studio","8.2.0","Retired","01-25-2025","04-23-2024",
"TIBCO Jaspersoft Studio","8.0.4","GA","12-31-2026","05-06-2026",
"TIBCO JasperReports","8.0.4","GA","12-31-2026","05-06-2026",
"TIBCO JasperReports Server","8.0.4","Retirement Announced","12-31-2026","05-06-2026",
"Spotfire Desktop","12.4.0","Retired","07-31-2024","08-01-2024",
"Spotfire Server","12.4.0","Retired","07-31-2024","08-01-2024",
"TIBCO Rendezvous Network Service","2.0.0","Retired","11-30-2024","04-13-2024",
"Spotfire Analyst","12.4.0","Retired","07-31-2024","08-01-2024",
"TIBCO Streaming","10.6.4","Retired","06-30-2025","09-12-2024",
"TIBCO Data Virtualization","8.7.0","Retired","10-25-2024","01-09-2024",
"Spotfire Web Player","12.4.0","Retired","07-31-2024","08-01-2024",
"Spotfire Consumer","12.4.0","Retired","07-31-2024","08-01-2024",
"Spotfire Business Author","12.4.0","Retired","07-31-2024","08-01-2024",
"Spotfire Cloud Enterprise","12.4.0","Retired","07-31-2024","08-01-2024",
"Spotfire Connectors","12.4.0","Retired","07-31-2024","08-01-2024",
"Spotfire Qualification","12.4.0","Retired","07-31-2024","08-01-2024",
"Spotfire Developer","12.4.0","Retired","07-31-2024","08-01-2024",
"Spotfire Statistics Services","12.3.0","Retired","11-30-2024","11-07-2023",
"Spotfire Statistics Services","11.4.11","Retired","11-30-2024","11-07-2023",
"TIBCO ActiveMatrix BusinessWorks Plug-in for Confidentiality","6.0.0","Retired","10-31-2025","06-24-2024",
"TIBCO OpenSpirit Data Connector for Epos","2.7.0","Retired","09-01-2025","08-02-2024",
"TIBCO ActiveSpaces","4.2.0","Retired","10-31-2021","08-01-2023",
"TIBCO Jaspersoft Studio","7.3.1","Retired","01-31-2022","07-27-2022",
"TIBCO LogLogic Enterprise Virtual Appliance","6.3.0","Retired","12-23-2023","01-12-2024",
"Spotfire Server","7.11.5","Retired","07-31-2021",,
"TIBCO LogLogic Log Management Intelligence","6.3.0","Retired","12-23-2023","01-12-2024",
"TIBCO Data Virtualization","8.1.1","Retired","07-13-2021",,
"TIBCO Messaging Castle - Powered by Apache Kafka","3.2.0","Retired","07-31-2024","08-01-2024",
"Spotfire Business Author","12.2.0","Retired","03-31-2024","04-01-2024",
"TIBCO Messaging Castle - Powered by Apache Kafka","3.1.1","Retired","07-31-2024","08-01-2024",
"Spotfire Server","10.3.2","Retired","06-30-2022","07-01-2022",
"TIBCO Messaging Quasar - Powered by Apache Pulsar","2.11.0-1","Retired","01-31-2024","02-01-2024",
"TIBCO ActiveMatrix BusinessWorks Plug-in for Large XML","6.1.3","Retired","10-31-2025","06-24-2024",
"TIBCO OpenSpirit Data Connector for OpenWorks","2.6.1","Retired","09-01-2025","08-02-2024",
"TIBCO OpenSpirit Data Connector for Studio","3.9.0","Retired","09-01-2025","08-02-2024",
"TIBCO Messaging Castle - Powered by Apache Kafka","3.1.0","Retired","07-31-2024","08-01-2024",
"TIBCO API Exchange Gateway Distribution for TIBCO Silver Fabric","2.3.2","Retired","12-31-2022","09-19-2024",
"EBX","5.9.4","Retired","06-30-2024","07-01-2024",
"TIBCO Messaging Castle - Powered by Apache Kafka","3.0.1","Retired","11-30-2023","12-01-2023",
"TIBCO ActiveMatrix BusinessWorks Plug-in for SWIFT","5.21.0","Retired","10-31-2025","03-07-2024",
"TIBCO ActiveMatrix BusinessWorks Plug-in for OData Services for SAP S/4HANA","6.1.0","Retired","01-31-2022","02-27-2023",
"EBX","6.0.6","Retired","08-31-2025","09-05-2024",
"TIBCO Data Streams","10.4.4","Retired","12-31-2022","01-05-2023",
"Spotfire Server","10.10.13","Retired","07-31-2023","08-01-2023",
"Spotfire Connectors","10.4.0","Retired","09-30-2020",,
"TIBCO LiveView Desktop","2.6.3","Retired","12-17-2023","12-18-2023",
"Spotfire Cloud Enterprise","10.5.0","Retired","10-31-2020",,
"TIBCO BusinessWorks Container Edition","2.4.5","Retired","03-31-2022","08-03-2022",
"Spotfire Business Author","10.4.0","Retired","09-30-2020",,
"ibi WebFOCUS","8207.28.12","Retired","09-04-2025","09-05-2024",
"TIBCO JasperReports IO - Professional Edition","1.1.0","Retired","05-31-2022","05-31-2022",
"Spotfire Consumer","10.4.0","Retired","09-30-2020",,
"EBX","5.9.5","Retired","06-30-2024","07-01-2024",
"Spotfire Web Player","10.4.0","Retired","09-30-2020",,
"TIBCO Fulfillment Catalog","4.1.0","Retired","12-31-2024","12-21-2023",
"TIBCO eFTL","3.4.2","Retired","09-30-2021",,
"TIBCO Messaging Quasar - Powered by Apache Pulsar","2.10.0-1","Retired","07-31-2024","08-01-2024",
"TIBCO Messaging Quasar - Powered by Apache Pulsar","2.9.2-1","Retired","02-29-2024","03-01-2024",
"Spotfire Desktop","10.4.0","Retired","09-30-2020",,
"Spotfire Analyst","10.4.0","Retired","09-30-2020",,
"Spotfire Server","10.4.0","Retired","09-30-2020",,
"TIBCO FTL","5.4.2","Retired","09-30-2021","11-15-2025",
"TIBCO ActiveMatrix BusinessWorks Plug-in for SWIFT","5.18.0","Retired","04-30-2024","05-01-2024",
"TIBCO BusinessWorks Container Edition","2.4.4","Retired","03-31-2022","11-15-2025",
"TIBCO RTView for ActiveMatrix BusinessWorks","7.0.0","Retired","09-01-2025","08-06-2024",
"TIBCO ActiveMatrix BusinessWorks Plug-in for IBM MQ","8.6.0","Retired","10-31-2022","02-27-2023",
"TIBCO RTView for TIBCO BusinessEvents","7.0.0","Retired","09-01-2025","08-06-2024",
"TIBCO OpenSpirit Adapter for Petrel","30.0.0","Retired","09-01-2025","08-02-2024",
"TIBCO Nimbus Cloud Service","10.3.0","Retired","11-30-2024","10-19-2023",
"TIBCO RTView - EMS Monitor System","7.0.0","Retired","09-01-2025","08-06-2024",
"TIBCO ActiveMatrix BusinessWorks Plug-in for IBM i","7.2.0","Retired","10-31-2022","02-27-2023",
"TIBCO API Exchange","2.5.0","Retired","06-30-2025","09-19-2024",
"TIBCO JasperReports Server","7.2.0","Retired","12-19-2021",,
"TIBCO Enterprise Message Service for zLinux","8.5.0","Retired","03-31-2021",,
"Spotfire Developer","14.3.0","Retired","06-30-2025","06-29-2024",
"TIBCO Enterprise Message Service","8.5.0","Retired","05-31-2022","02-23-2023",
"Spotfire Qualification","14.3.0","Retired","06-30-2025","06-29-2024",
"Spotfire Connectors","14.3.0","Retired","06-30-2025","06-29-2024",
"Spotfire Desktop","10.3.1","Retired","06-30-2022","07-01-2022",
"Spotfire Cloud Enterprise","14.3.0","Retired","06-30-2025","06-29-2024",
"TIBCO Messaging - Bridge for Apache Kafka - Enterprise Edition","2.1.0","Retired","02-28-2021",,
"Spotfire Analyst","10.3.1","Retired","06-30-2022","07-01-2022",
"Spotfire Business Author","14.3.0","Retired","06-30-2025","06-29-2024",
"Spotfire Server","10.3.1","Retired","06-30-2022","07-01-2022",
"Spotfire Consumer","14.3.0","Retired","06-30-2025","06-29-2024",
"TIBCO Nimbus","10.3.0","Retired","11-30-2024","10-19-2023",
"Spotfire Server","7.11.4","Retired","07-31-2021",,
"Spotfire Web Player","14.3.0","Retired","06-30-2025","06-29-2024",
"Spotfire Service for Python","1.20.0","Retired","06-30-2025","06-29-2024",
"TIBCO Jaspersoft Studio","7.3.0","Retired","01-31-2022",,
"Spotfire Enterprise Runtime for R - Server Edition","1.20.0","Retired","06-30-2025","06-29-2024",
"TIBCO EMS Client for z/OS (MVS)","8.5.0","Retired","12-31-2023","04-29-2024",
"TIBCO OpenSpirit Scan for Studio","8.0.0","Retired","09-01-2025","08-02-2024",
"Spotfire Server","14.3.0","Retired","06-30-2025","06-29-2024",
"TIBCO EMS Client for z/OS (CICS)","8.5.0","Retired","12-31-2023","04-29-2024",
"Spotfire Analyst","14.3.0","Retired","06-30-2025","06-29-2024",
"TIBCO EMS Client for i5/OS","8.5.0","Retired","11-30-2023","04-29-2024",
"TIBCO OpenSpirit Adapter for Petrel","32.0.0","Retired","09-01-2025","08-02-2024",
"TIBCO Graph Database - Enterprise Edition","2.0.1","Retired","01-31-2024","06-21-2024",
"Spotfire Service for R","1.20.0","Retired","06-30-2025","06-29-2024",
"TIBCO ActiveMatrix BusinessWorks Plug-in for Amazon S3","6.3.1","Retired","10-31-2025","03-01-2024",
"TIBCO Cloud API Management - Local Edition","4.4.2","Retired","12-31-2021","08-10-2022",
"TIBCO BusinessConnect","7.1.0","Retired","12-31-2022","01-01-2023",
"TIBCO OpenSpirit Runtime","4.3.1","Retired","09-01-2025","08-02-2024",
"TIBCO JasperReports","7.3.0","Retired","01-31-2022","07-27-2022",
"TIBCO OpenSpirit Scan Utility","2018.0.1","Retired","09-01-2025","08-02-2024",
"TIBCO ActiveMatrix BusinessWorks Plug-in for sFTP","6.1.3","Retired","12-31-2023","01-01-2024",
"TIBCO OpenSpirit Data Connector for PPDM","2.2.1","Retired","09-01-2025","08-02-2024",
"TIBCO OpenSpirit Data Connector for Studio","3.12.1","Retired","09-01-2025","08-02-2024",
"TIBCO OpenSpirit Data Connector for OpenWorks","2.6.2","Retired","09-01-2025","08-02-2024",
"TIBCO ComputeDB","1.1.0","Retired","06-04-2024","06-05-2024",
"TIBCO BusinessConnect ebXML Protocol","6.2.0","Retired","12-31-2022","01-01-2023",
"TIBCO OpenSpirit Adapter for Petrel","28.0.0","Retired","09-01-2025","08-02-2024",
"TIBCO ActiveMatrix BusinessWorks Plug-in for Microsoft Dynamics CRM","6.8.0","Retired","10-31-2025","03-05-2024",
"Spotfire Qualification","10.3.0","Retired","06-30-2022","07-01-2022",
"TIBCO Enterprise RTView","7.5.0","Retired","09-01-2025","12-20-2024",
"Spotfire Statistics Services","10.0.1","Retired","07-31-2021","11-08-2023",
"Spotfire Developer","10.3.0","Retired","06-30-2022","07-01-2022",
"TIBCO ActiveMatrix BusinessWorks Plug-in for Facebook","6.3.0","Retired","06-30-2022","07-01-2022",
"TIBCO ActiveMatrix BusinessWorks Plug-in for Twitter","6.1.1","Retired","10-31-2025","06-24-2024",
"TIBCO Cloud API Management - Local Edition","5.1.0","Retired","11-30-2021",,
"Spotfire Connectors","10.3.0","Retired","06-30-2022","07-01-2022",
"Spotfire Service for Python","1.19.0","Retired","04-30-2025","04-30-2024",
"TIBCO Live Datamart","2.2.7","Retired","06-30-2023","12-14-2023",
"Spotfire Cloud Enterprise","10.3.0","Retired","06-30-2022","07-01-2022",
"Spotfire Developer","14.2.0","Retired","04-30-2025","04-30-2024",
"Spotfire Business Author","10.3.0","Retired","06-30-2022","07-01-2022",
"Spotfire Qualification","14.2.0","Retired","04-30-2025","04-30-2024",
"TIBCO Data Streams","10.4.3","Retired","12-31-2022","01-05-2023",
"Spotfire Consumer","10.3.0","Retired","06-30-2022","07-01-2022",
"Spotfire Connectors","14.2.0","Retired","04-30-2025","04-30-2024",
"TIBCO Streaming","10.4.3","Retired","12-31-2022","01-05-2023",
"Spotfire Web Player","10.3.0","Retired","06-30-2022","07-01-2022",
"Spotfire Cloud Enterprise","14.2.0","Retired","04-30-2025","04-30-2024",
"TIBCO Streaming","7.7.7","Retired","06-30-2023","07-01-2023",
"Spotfire Desktop","10.3.0","Retired","06-30-2022","07-01-2022",
"Spotfire Business Author","14.2.0","Retired","04-30-2025","04-30-2024",
"TIBCO LiveView Desktop","2.6.2","Retired","12-17-2023","12-18-2023",
"Spotfire Analyst","10.3.0","Retired","06-30-2022","07-01-2022",
"Spotfire Consumer","14.2.0","Retired","04-30-2025","04-30-2024",
"Spotfire Statistics Services","10.3.0","Retired","06-30-2022","11-08-2023",
"Spotfire Web Player","14.2.0","Retired","04-30-2025","04-30-2024",
"Spotfire Enterprise Runtime for R - Server Edition","1.2.0","Retired","06-30-2022","07-01-2022",
"Spotfire Service for R","1.19.0","Retired","04-30-2025","04-30-2024",
"TIBCO ActiveMatrix Service Grid","3.4.0","Retired","09-01-2025","08-02-2024",
"Spotfire Statistics Services","7.11.2","Retired","07-31-2021",,
"Spotfire Enterprise Runtime for R - Server Edition","1.19.0","Retired","04-30-2025","04-30-2024",
"TIBCO Jaspersoft Studio for ActiveMatrix BPM","7.1.0","Retired","12-31-2025","07-15-2024",
"Spotfire Server","10.3.0","Retired","06-30-2022","07-01-2022",
"Spotfire Server","14.2.0","Retired","04-30-2025","04-30-2024",
"Spotfire Server","10.2.1","Retired","06-30-2020",,
"Spotfire Analyst","14.2.0","Retired","04-30-2025","04-30-2024",
"Spotfire Server","7.11.3","Retired","07-31-2021",,
"TIBCO Business Studio - BPM Edition","4.3.0","Retired","12-31-2025","06-10-2024",
"TIBCO Streaming","10.6.5","Retired","06-30-2025","09-12-2024",
"TIBCO Data Streams","10.6.5","Retired","06-30-2025","10-23-2024",
"TIBCO BPM Enterprise","4.3.0","Retired","12-31-2025","12-12-2024",
"TIBCO BPM Enterprise Distribution for TIBCO Silver Fabric","4.3.0","Retired","09-01-2025","01-08-2025",
"TIBCO eFTL","6.1.0","Retired","10-31-2021",,
"TIBCO FTL","6.1.0","Retired","10-31-2021","11-15-2025",
"TIBCO Jaspersoft Studio","7.2.2","Retired","12-19-2021",,
"TIBCO ActiveSpaces Transactions","2.5.10","Retired","09-01-2025","10-22-2024",
"TIBCO ActiveSpaces","4.1.0","Retired","10-31-2021","11-15-2025",
"TIBCO Managed File Transfer Command Center","8.2.0","Retired","01-31-2023","02-01-2023",
"TIBCO Managed File Transfer Internet Server","8.2.0","Retired","01-31-2023","02-01-2023",
"TIBCO Jaspersoft ETL (all editions)","7.1.1","Retired","11-30-2021","07-21-2022",
"Spotfire Service for R","1.18.0","Retired","03-31-2025","03-28-2024",
"TIBCO Data Virtualization","8.1.0","Retired","07-13-2021",,
"TIBCO ActiveMatrix BusinessWorks Plug-in for CICS","2.4.0","Retired","10-31-2022","02-27-2023",
"TIBCO ActiveMatrix BusinessWorks Plug-in for Database","8.3.1","Retired","01-31-2022","02-27-2023",
"TIBCO OpenSpirit Adapter for Petrel","27.0.0","Retired","09-01-2025","08-02-2024",
"TIBCO iProcess Workspace Plug-ins","11.7.0","Retired","07-31-2025","05-08-2023",
"TIBCO OpenSpirit Scan for Studio","7.0.0","Retired","09-01-2025","08-02-2024",
"TIBCO iProcess Workspace (Windows)","11.7.0","Retired","07-31-2025","05-08-2023",
"TIBCO iProcess Engine (DB2)","11.7.0","Retired","07-31-2025","04-05-2024",
"TIBCO iProcess Engine (Oracle)","11.7.0","Retired","07-31-2025","04-05-2024",
"TIBCO RTView for TIBCO ActiveSpaces","7.1.2","Retired","09-01-2025","08-06-2024",
"DataSynapse GridServer","5.2.1","Retired","12-31-2024","07-26-2024",
"TIBCO iProcess Engine (SQL)","11.7.0","Retired","07-31-2025","04-05-2024",
"TIBCO Jaspersoft Advanced Data Services","8.5.6","Retired","11-30-2024","01-03-2024",
"TIBCO iProcess Technology Plug-ins","11.7.0","Retired","07-31-2025","04-05-2024",
"TIBCO Spotfire Advanced Data Services","8.5.6","Retired","11-30-2024","01-03-2024",
"TIBCO Streaming","10.4.0","Retired","12-31-2022","01-05-2023",
"TIBCO Data Streams","10.4.0","Retired","12-31-2022","01-05-2023",
"TIBCO ActiveSpaces","4.0.0","Retired","10-31-2020",,
"TIBCO OpenSpirit Data Connector for Epos","2.8.0","Retired","09-01-2025","08-02-2024",
"TIBCO Data Virtualization","8.5.6","Retired","11-30-2024","01-02-2024",
"Spotfire Statistica","13.2.1","Retired","03-08-2020",,
"Spotfire Developer","14.1.0","Retired","03-31-2025","03-28-2024",
"Spotfire Qualification","14.1.0","Retired","03-31-2025","03-28-2024",
"TIBCO LiveView Desktop","2.6.0","Retired","12-17-2023","12-18-2023",
"Spotfire Connectors","14.1.0","Retired","03-31-2025","03-28-2024",
"EBX","5.9.3","Retired","06-30-2024","07-01-2024",
"Spotfire Cloud Enterprise","14.1.0","Retired","03-31-2025","03-28-2024",
"TIBCO Cloud API Management - Local Edition","4.4.1","Retired","11-30-2021",,
"TIBCO Data Virtualization","8.0.0","Retired","05-01-2021",,
"Spotfire Business Author","14.1.0","Retired","03-31-2025","03-28-2024",
"Spotfire Consumer","14.1.0","Retired","03-31-2025","03-28-2024",
"Spotfire Web Player","14.1.0","Retired","03-31-2025","03-28-2024",
"Spotfire Analyst","14.1.0","Retired","03-31-2025","03-28-2024",
"TIBCO Substation ES","2.12.1","Retired","09-30-2022","10-01-2022",
"Spotfire Server","14.1.0","Retired","03-31-2025","03-28-2024",
"TIBCO Rendezvous for z/OS","8.4.6","Retired","11-30-2021",,
"EBX","5.9.25","Retired","06-25-2025","06-26-2024",
"Spotfire Enterprise Runtime for R - Server Edition","1.18.0","Retired","03-31-2025","03-28-2024",
"TIBCO Rendezvous for zLinux","8.4.6","Retired","12-31-2020",,
"Spotfire Service for Python","1.18.0","Retired","03-31-2025","03-28-2024",
"TIBCO Rendezvous","8.4.6","Retired","11-30-2021","08-03-2022",
"TIBCO Enterprise Message Service for zLinux","8.4.1","Retired","01-31-2021",,
"TIBCO ActiveSpaces","3.5.1","Retired","09-30-2021","11-15-2025",
"TIBCO Enterprise Message Service","8.4.1","Retired","01-31-2021","08-03-2022",
"TIBCO FTL","5.4.1","Retired","09-30-2021","05-23-2023",
"TIBCO Spotfire Advanced Data Services","8.7.0","Retired","10-25-2024","10-26-2024",
"TIBCO Rendezvous Network Server","1.1.3","Retired","09-30-2021",,
"TIBCO Spotfire Advanced Data Services","8.6.1","Retired","04-21-2024","04-22-2024",
"TIBCO LiveView Web","1.4.1","Retired","12-31-2024","12-12-2023",
"TIBCO Spotfire Advanced Data Services","8.6.0","Retired","04-21-2024","04-22-2024",
"TIBCO Clarity - Enterprise Edition","3.1.0","Retired","12-31-2023","03-12-2024",
"TIBCO Spotfire Advanced Data Services","8.5.4","Retired","11-30-2024","12-05-2023",
"TIBCO Spotfire Advanced Data Services","8.5.3","Retired","11-30-2024","12-05-2023",
"TIBCO Spotfire Advanced Data Services","8.5.5","Retired","11-30-2024","12-05-2023",
"TIBCO Foresight Translator","3.8.0","Retired","09-30-2021","02-27-2023",
"TIBCO Spotfire Advanced Data Services","8.5.2","Retired","11-30-2024","12-05-2023",
"TIBCO Spotfire Advanced Data Services","8.5.1","Retired","11-30-2024","12-05-2023",
"Spotfire Developer","10.0.0","Retired","03-31-2020",,
"TIBCO Live Datamart","2.2.5","Retired","06-30-2023","12-14-2023",
"Spotfire Desktop","10.0.0","Retired","03-31-2020",,
"TIBCO Product and Service Inventory","1.0.1","Retired","12-31-2023","01-01-2024",
"TIBCO BusinessWorks Container Edition","2.4.1","Retired","03-31-2022","11-15-2025",
"Spotfire Connectors","10.0.0","Retired","03-31-2020",,
"TIBCO Jaspersoft Advanced Data Services","8.6.1","Retired","04-21-2024","04-22-2024",
"Spotfire Qualification","10.0.0","Retired","03-31-2020",,
"TIBCO Jaspersoft Advanced Data Services","8.5.5","Retired","11-30-2024","12-01-2023",
"Spotfire Cloud Enterprise","10.0.0","Retired","03-31-2020",,
"Spotfire Business Author","10.0.0","Retired","03-31-2020",,
"TIBCO Jaspersoft Advanced Data Services","8.7.0","Retired","10-25-2024","10-26-2024",
"Spotfire Web Player","10.0.0","Retired","03-31-2020",,
"TIBCO Jaspersoft Advanced Data Services","8.6.0","Retired","04-21-2024","04-22-2024",
"Spotfire Consumer","10.0.0","Retired","03-31-2020",,
"TIBCO Jaspersoft Advanced Data Services","8.5.4","Retired","11-30-2024","12-01-2023",
"TIBCO Jaspersoft Advanced Data Services","8.5.3","Retired","11-30-2024","12-01-2023",
"TIBCO Jaspersoft Advanced Data Services","8.5.2","Retired","11-30-2024","12-01-2023",
"TIBCO ActiveMatrix BusinessWorks Plug-in for TIBCO Clarity","6.1.0","Retired","12-31-2023","06-24-2024",
"TIBCO Jaspersoft Advanced Data Services","8.5.1","Retired","11-30-2024","12-01-2023",
"Spotfire Enterprise Runtime for R","4.5.0","Retired","07-31-2021","10-31-2024",
"TIBCO Jaspersoft Advanced Data Services","8.5.0","Retired","11-30-2024","12-01-2023",
"Spotfire Statistics Services","7.11.1","Retired","07-31-2021",,
"TIBCO Foresight Translator Standard Edition for z/Linux","3.8.0","Retired","07-02-2020",,
"TIBCO Jaspersoft Advanced Data Services","8.4.3","Retired","11-30-2023","12-01-2023",
"TIBCO Streaming","7.7.5","Retired","06-30-2023","07-01-2023",
"TIBCO Jaspersoft Advanced Data Services","8.4.1","Retired","11-30-2023","12-01-2023",
"Spotfire Enterprise Runtime for R - Server Edition","1.1.0","Retired","03-31-2020",,
"TIBCO Jaspersoft Advanced Data Services","8.4.0","Retired","11-30-2023","12-01-2023",
"TIBCO ActiveMatrix BusinessWorks Plug-in for SWIFT","6.4.0","Retired","10-31-2025","03-07-2024",
"TIBCO RTView - EMS Monitor System","6.8.0","Retired","09-01-2025","08-06-2024",
"TIBCO JasperReports","7.2.0","Retired","12-19-2021",,
"TIBCO Jaspersoft Studio","7.2.0","Retired","12-19-2021","07-27-2022",
"TIBCO ActiveMatrix BusinessWorks Plug-in for OData Services for SAP S/4HANA","6.0.0","Retired","01-31-2022","02-27-2023",
"TIBCO ActiveMatrix BusinessWorks","5.13.1","Retired","01-31-2024","02-01-2024",
"TIBCO Cloud API Management - Local Edition","2.2.7","Retired","03-31-2019",,
"TIBCO Cloud Events","N/A","Retired","05-31-2024","06-01-2024",
"Spotfire Connectors","7.14.0","Retired","12-31-2019",,
"Spotfire Server","11.4.13","Retired","11-30-2024","11-07-2023",
"TIBCO ActiveSpaces Transactions","2.5.9","Retired","09-01-2025","10-22-2024",
"Spotfire Connectors","7.13.0","Retired","09-30-2019",,
"TIBCO Hawk Microagent for TIBCO Activematrix BusinessWorks","6.5.0","Retired","10-31-2022","11-01-2022",
"Spotfire Connectors","7.11.0","Retired","07-31-2021",,
"Spotfire Analyst","11.4.9","Retired","11-30-2024","11-07-2023",
"TIBCO BusinessEvents Extreme","1.3.5","Retired","09-01-2025","10-22-2024",
"Spotfire Analyst","11.4.10","Retired","11-30-2024","12-13-2023",
"TIBCO Data Virtualization","7.0.8","Retired","11-30-2020",,
"TIBCO Fulfillment Order Management","4.0.2","Retired","03-31-2024","04-01-2024",
"Spotfire Server","11.4.14","Retired","11-30-2024","10-31-2024",
"Spotfire Analyst","11.4.8","Retired","11-30-2024","11-07-2023",
"TIBCO ActiveMatrix BusinessWorks Plug-in for Database","8.2.0","Retired","01-31-2022","11-15-2025",
"TIBCO Hawk","6.2.3","Retired","12-31-2025","06-21-2024",
"Spotfire Server","11.4.12","Retired","11-30-2024","11-07-2023",
"TIBCO LogLogic Enterprise Virtual Appliance","6.2.1","Retired","10-15-2023","10-16-2023",
"TIBCO LogLogic Log Management Intelligence","6.2.1","Retired","10-15-2023","10-16-2023",
"TIBCO OpenSpirit Data Connector for Studio","3.12.0","Retired","09-01-2025","08-02-2024",
"TIBCO Hawk","6.1.0","Retired","09-30-2022","03-23-2023",
"Spotfire Service for Python","1.3.11","Retired","11-30-2024","12-15-2023",
"Spotfire Enterprise Runtime for R - Server Edition","1.7.11","Retired","11-30-2024","12-15-2023",
"TIBCO Foresight HIPAA Validator Desktop","8.8.0","Retired","09-30-2021",,
"Spotfire Statistics Services","11.4.13","Retired","11-30-2024","12-15-2023",
"TIBCO Spotfire Data Science","6.4.0","Retired","03-26-2021",,
"EBX","6.0.17","Retired","08-31-2025","09-05-2024",
"TIBCO ActiveMatrix BusinessWorks Plug-in for Amazon S3","6.2.0","Retired","10-31-2025","03-01-2024",
"Spotfire Cloud Enterprise","7.14.0","Retired","12-31-2019",,
"Spotfire Business Author","7.14.0","Retired","12-31-2019",,
"Spotfire Consumer","7.14.0","Retired","12-31-2019",,
"Spotfire Web Player","7.14.0","Retired","12-31-2019",,
"TIBCO BusinessWorks Container Edition","2.4.0","Retired","03-31-2022","11-15-2025",
"TIBCO ActiveMatrix BusinessWorks Plug-in for Mobile Integration","1.2.0","Retired","10-31-2025","06-24-2024",
"TIBCO ActiveMatrix BusinessWorks Plug-in for TIBCO FTL","6.4.2","Retired","07-31-2022","08-01-2022",
"EBX","6.0.16","Retired","08-31-2025","09-05-2024",
"TIBCO Foresight Instream Healthcare Edition for z/Linux","8.8.0","Retired","09-30-2021",,
"TIBCO Foresight Instream Standard Edition for z/Linux","8.8.0","Retired","09-30-2021",,
"TIBCO BusinessConnect SOAP Protocol","7.0.0","Retired","12-31-2021","11-15-2025",
"TIBCO Foresight Studio","8.8.0","Retired","09-30-2021","11-15-2025",
"TIBCO Enterprise RTView","7.1.0","Retired","09-01-2025","12-20-2024",
"TIBCO Foresight Instream","8.8.0","Retired","09-30-2021","02-27-2023",
"TIBCO RTView for ActiveMatrix BusinessWorks","6.7.0","Retired","09-01-2025","08-06-2024",
"TIBCO Messaging Manager","3.1.0","Retired","07-31-2024","12-18-2023",
"TIBCO ActiveMatrix BusinessWorks","6.5.0","Retired","03-31-2022","11-15-2025",
"Spotfire Analyst","7.14.0","Retired","12-31-2019",,
"Spotfire Desktop","7.14.0","Retired","12-31-2019",,
"Spotfire Qualification","7.14.0","Retired","12-31-2019",,
"TIBCO eFTL","6.9.0","Retired","10-31-2024","11-01-2024",
"TIBCO FTL","6.9.0","Retired","10-31-2024","11-01-2024",
"Spotfire Server","7.14.0","Retired","12-31-2019",,
"Spotfire Developer","7.14.0","Retired","12-31-2019",,
"EBX","6.0.10","Retired","08-31-2025","09-05-2024",
"TIBCO BusinessConnect","7.0.0","Retired","12-30-2021","11-15-2025",
"TIBCO ActiveMatrix BusinessWorks Plug-in for Salesforce.com","6.5.0","Retired","11-30-2020",,
"TIBCO Live Datamart","10.3.0","Retired","06-30-2020",,
"TIBCO Streaming","10.3.0","Retired","06-30-2020",,
"TIBCO Substation ES","2.12.0","Retired","09-30-2022","10-01-2022",
"TIBCO Messaging Quasar - Powered by Apache Pulsar","2.11.2-1","Retired","01-31-2024","02-01-2024",
"TIBCO LiveView Desktop","2.5.0","Retired","12-17-2023","12-18-2023",
"tibbr","7.1.0","Retired","12-10-2022","12-11-2022",
"EBX","6.0.9","Retired","08-31-2025","09-05-2024",
"TIBCO Data Streams","10.6.3","Retired","06-30-2025","11-03-2023",
"TIBCO OpenSpirit Extension for ArcGIS","2018.0.0","Retired","09-01-2025","08-02-2024",
"TIBCO Jaspersoft Studio for ActiveMatrix BPM","6.4.21","Retired","12-31-2021","07-15-2024",
"TIBCO ActiveMatrix BusinessWorks Plug-in for CICS","1.3.0","Retired","10-31-2025","06-24-2024",
"TIBCO JasperReports Library for ActiveMatrix BPM","6.4.21","Retired","12-31-2021","07-15-2024",
"TIBCO JasperReports Server","6.4.3","Retired","05-08-2020",,
"TIBCO JasperReports Server","6.3.4","Retired","06-28-2019",,
"TIBCO Streaming","10.6.3","Retired","06-30-2025","11-03-2023",
"TIBCO JasperReports Server","6.2.5","Retired","06-28-2018",,
"ibi WebFOCUS","8207.28.13","Retired","09-04-2025","10-03-2024",
"Spotfire Desktop","11.4.4","Retired","11-30-2024","11-07-2023",
"Spotfire Server","11.4.8","Retired","11-30-2024","11-07-2023",
"Spotfire Analyst","11.4.4","Retired","11-30-2024","11-07-2023",
"Spotfire Statistics Services","11.4.9","Retired","11-30-2024","11-07-2023",
"Spotfire Enterprise Runtime for R - Server Edition","1.7.7","Retired","11-30-2024","11-07-2023",
"Spotfire Service for Python","1.3.7","Retired","11-30-2024","11-08-2023",
"TIBCO Data Virtualization","8.5.4","Retired","11-30-2024","12-01-2023",
"TIBCO Messaging Quasar - Powered by Apache Pulsar","2.10.1-1","Retired","07-31-2024","08-01-2024",
"EBX","5.9.20","Retired","06-30-2024","07-01-2024",
"TIBCO JasperReports","6.4.21","Retired","05-08-2020",,
"TIBCO Jaspersoft Studio","6.4.21","Retired","05-08-2020",,
"TIBCO JasperReports","6.3.4","Retired","06-28-2019",,
"EBX","6.0.7","Retired","08-31-2025","09-05-2024",
"TIBCO Jaspersoft Studio","6.3.4","Retired","06-28-2019",,
"TIBCO JasperReports","6.2.5","Retired","06-28-2018",,
"TIBCO BusinessWorks Container Edition","2.7.3","Retired","12-31-2025","10-07-2024",
"TIBCO Jaspersoft Studio","6.2.5","Retired","06-28-2018",,
"TIBCO JasperReports Server for ActiveMatrix BPM","6.4.3","Retired","12-31-2021","07-15-2024",
"TIBCO Substation ES","2.11.1","Retired","09-30-2022","10-01-2022",
"Spotfire Statistica","14.0.2","Retired","06-22-2025","06-22-2024",
"TIBCO ActiveSpaces","3.5.0","Retired","09-30-2021","11-15-2025",
"Spotfire Statistica","14.0.1","Retired","06-22-2025","06-21-2024",
"Spotfire Data Science - Workbench","14.0.1","Retired","06-22-2025","06-22-2024",
"TIBCO LogLogic Log Management Intelligence","6.2.0","Retired","04-15-2023","04-16-2023",
"TIBCO LogLogic Enterprise Virtual Appliance","6.2.0","Retired","04-15-2023","04-16-2023",
"TIBCO Managed File Transfer Command Center","8.1.0","Retired","07-31-2021",,
"TIBCO BusinessConnect EDI Protocol Powered by Instream","6.9.0","Retired","12-31-2021","06-26-2024",
"TIBCO Managed File Transfer Internet Server","8.1.0","Retired","07-31-2021",,
"Spotfire Statistics Services","11.4.8","Retired","11-30-2024","11-07-2023",
"TIBCO Data Virtualization","8.6.0","Retired","04-21-2024","04-22-2024",
"TIBCO eFTL","6.8.1","Retired","05-31-2024","05-10-2024",
"TIBCO Data Virtualization","8.5.3","Retired","11-30-2024","12-01-2023",
"TIBCO eFTL","6.7.4","Retired","06-30-2023","07-01-2023",
"TIBCO Substation ES","2.11.0","Retired","09-30-2022","10-01-2022",
"TIBCO BusinessWorks Container Edition","2.5.3","Retired","07-31-2023","08-01-2023",
"TIBCO FTL","6.8.1","Retired","05-31-2024","05-02-2024",
"TIBCO JasperReports","7.2.2","Retired","12-19-2021","07-27-2022",
"Spotfire Web Player","7.12.0","Retired","09-30-2019",,
"TIBCO FTL","6.7.4","Retired","06-30-2023","08-24-2023",
"TIBCO JasperReports Server","7.5.1","Retired","08-21-2022","08-25-2022",
"Spotfire Server","7.12.0","Retired","09-30-2019",,
"TIBCO ActiveMatrix BusinessWorks Plug-in for Big Data","6.3.1","Retired","10-31-2025","03-04-2024",
"TIBCO JasperReports","7.5.1","Retired","08-21-2022","08-24-2022",
"Spotfire Developer","7.12.0","Retired","09-30-2019",,
"TIBCO JasperReports","7.3.1","Retired","01-31-2022","07-27-2022",
"Spotfire Qualification","7.12.0","Retired","09-30-2019",,
"TIBCO JasperReports Server","7.2.1","Retired","12-19-2021",,
"Spotfire Desktop","7.12.0","Retired","09-30-2019",,
"TIBCO JasperReports Server","7.1.3","Retired","05-23-2021",,
"Spotfire Connectors","7.12.0","Retired","09-30-2019",,
"TIBCO JasperReports","7.1.3","Retired","05-23-2021",,
"TIBCO OpenSpirit Scan Utility","2016.1.0","Retired","09-01-2025","08-02-2024",
"Spotfire Analyst","7.12.0","Retired","09-30-2019",,
"TIBCO OpenSpirit Runtime","4.3.0","Retired","09-01-2025","08-02-2024",
"TIBCO OpenSpirit Extension for ArcGIS","2015.1.0","Retired","09-01-2025","08-02-2024",
"TIBCO ActiveMatrix BusinessWorks Plug-in for Microsoft Dynamics CRM","6.5.0","Retired","11-30-2020","11-15-2025",
"TIBCO Messaging Castle - Powered by Apache Kafka","2.5.0","Retired","02-28-2022",,
"TIBCO Cloud API Management - Local Edition","4.3.0","Retired","03-31-2021",,
"EBX","6.0.8","Retired","08-31-2025","09-05-2024",
"TIBCO Jaspersoft Studio","8.1.0","Retired","04-28-2024","04-29-2024",
"TIBCO JasperReports Server","8.1.0","Retired","04-28-2024","04-29-2024",
"TIBCO OpenSpirit Copy Manager","2015.1.1","Retired","09-01-2025","08-02-2024",
"TIBCO BusinessWorks Container Edition","2.3.3","Retired","07-31-2021","11-15-2025",
"TIBCO JasperReports","8.1.0","Retired","04-28-2024","04-29-2024",
"TIBCO OpenSpirit Developer Kit","4.3.0","Retired","09-01-2025","08-02-2024",
"TIBCO ActiveMatrix BusinessWorks Plug-in for Apache Kafka","6.3.1","Retired","10-31-2025","03-04-2024",
"TIBCO ActiveSpaces","4.8.0","Retired","09-30-2024","10-01-2024",
"TIBCO OpenSpirit Data Connector for KINGDOM","2.4.0","Retired","09-01-2025","08-02-2024",
"TIBCO Data Quality and TIBCO Data Discovery","3.1.0","Retired","12-30-2023","12-31-2023",
"TIBCO OpenSpirit Data Connector for Recall","2.1.0","Retired","09-01-2025","08-02-2024",
"Spotfire Server","10.3.9","Retired","06-30-2022","07-01-2022",
"TIBCO OpenSpirit Data Connector for OpenWorks","2.5.0","Retired","09-01-2025","08-02-2024",
"Spotfire Server","7.11.11","Retired","07-31-2021",,
"TIBCO OpenSpirit Data Connector for Epos","2.5.0","Retired","09-01-2025","08-02-2024",
"TIBCO OpenSpirit Data Connector for PPDM","2.2.0","Retired","09-01-2025","08-02-2024",
"TIBCO ActiveSpaces","4.4.0","Retired","04-30-2022","08-01-2023",
"TIBCO OpenSpirit Data Connector for GeoFrame","2.1.0","Retired","09-01-2025","08-02-2024",
"TIBCO OpenSpirit Data Connector for Studio","3.7.0","Retired","09-01-2025","08-02-2024",
"TIBCO OpenSpirit Data Connector for Petra","2.3.0","Retired","09-01-2025","08-02-2024",
"TIBCO LiveView Web","1.5.0","Retired","12-31-2024","12-12-2023",
"TIBCO ActiveMatrix BusinessWorks Plug-in for Database","8.0.1","Retired","01-31-2022",,
"TIBCO Messaging Quasar - Powered by Apache Pulsar","2.5.0","Retired","02-28-2022",,
"TIBCO BusinessEvents Enterprise Edition","5.5.0","Retired","01-31-2022","08-23-2022",
"TIBCO Messaging Castle - Powered by Apache Kafka","2.4.1","Retired","02-28-2022",,
"TIBCO OpenSpirit Data Connector for SEGY","2.2.0","Retired","09-01-2025","08-02-2024",
"TIBCO ActiveMatrix BusinessWorks Plug-in for Salesforce.com","6.3.0","Retired","11-30-2020",,
"Spotfire Connectors","10.9.0","Retired","07-31-2021",,
"TIBCO ActiveMatrix BusinessWorks Plug-in for SAP Solutions","8.2.0","Retired","01-31-2022","10-21-2022",
"Spotfire Business Author","10.9.0","Retired","07-31-2021",,
"TIBCO ActiveMatrix BusinessWorks Plug-in for Data Conversion","3.5.0","Retired","10-31-2022","06-24-2024",
"Spotfire Consumer","10.9.0","Retired","07-31-2021",,
"TIBCO ActiveMatrix BusinessWorks Plug-in for IBM MQ","8.5.1","Retired","10-31-2022","11-01-2022",
"Spotfire Web Player","10.9.0","Retired","07-31-2021",,
"TIBCO RTView - EMS Monitor System","6.6.0","Retired","09-01-2025","08-06-2024",
"TIBCO ActiveMatrix BusinessWorks Plug-in for IBM MQ","7.7.0","Retired","10-31-2022","02-27-2023",
"Spotfire Cloud Enterprise","10.9.0","Retired","07-31-2021",,
"TIBCO ActiveMatrix BusinessWorks Plug-in for TIBCO Clarity","6.0.0","Retired","07-31-2023","08-01-2023",
"Spotfire Desktop","10.9.0","Retired","07-31-2021",,
"TIBCO Foresight Studio","8.7.0","Retired","09-30-2020","11-15-2025",
"Spotfire Server","10.8.1","Retired","04-30-2021",,
"Spotfire Analyst","10.9.0","Retired","07-31-2021",,
"TIBCO Spotfire Data Science","6.1.2","Retired","06-30-2019",,
"Spotfire Server","10.3.7","Retired","06-30-2022","07-01-2022",
"TIBCO ActiveMatrix BusinessWorks Plug-in for Oracle E-Business Suite","6.1.1","Retired","12-31-2020","11-15-2025",
"Spotfire Server","10.9.0","Retired","07-31-2021",,
"TIBCO Spotfire Data Science","6.0.0","Retired","06-30-2019",,
"Spotfire Server","7.11.10","Retired","07-31-2021",,
"TIBCO Spotfire Data Science","6.1.0","Retired","06-30-2019",,
"TIBCO Streaming","10.4.4","Retired","12-31-2022","01-01-2023",
"TIBCO Spotfire Data Science","6.1.1","Retired","06-30-2019",,
"TIBCO OpenSpirit Data Connector for KINGDOM","2.6.0","Retired","09-01-2025","08-02-2024",
"TIBCO Streaming","10.2.1","Retired","07-31-2019",,
"TIBCO Spotfire Data Science","6.2.0","Retired","06-30-2019",,
"TIBCO LiveView Desktop","2.4.1","Retired","12-17-2023","12-18-2023",
"TIBCO Spotfire Data Science","6.2.1","Retired","06-30-2019",,
"TIBCO Live Datamart","10.2.1","Retired","07-31-2019",,
"TIBCO OpenSpirit Data Connector for Petra","2.4.0","Retired","09-01-2025","08-02-2024",
"TIBCO Spotfire Data Science","6.2.2","Retired","06-30-2019",,
"TIBCO Spotfire Data Science","6.3.0","Retired","03-31-2020",,
"TIBCO Web Messaging for TIBCO Enterprise Message Service","5.7.3","Retired","03-21-2021",,
"TIBCO ActiveMatrix BusinessWorks Plug-in for SAP Solutions","8.3.0","Retired","01-31-2022","02-27-2023",
"TIBCO eFTL","3.3.2","Retired","01-31-2021",,
"TIBCO ActiveMatrix BusinessWorks Plug-in for Google Cloud Pub/Sub","6.0.0","Retired","10-31-2025","03-05-2024",
"TIBCO FTL","6.4.0","Retired","04-30-2022","08-07-2023",
"TIBCO FTL","5.3.2","Retired","01-31-2021","11-15-2025",
"TIBCO eFTL","6.4.0","Retired","04-30-2022",,
"TIBCO Messaging Quasar - Powered by Apache Pulsar","2.4.2","Retired","02-28-2022",,
"EBX","5.9.9","Retired","06-30-2024","07-01-2024",
"TIBCO ActiveMatrix BusinessWorks Plug-in for SMPP","6.0.2","Retired","10-31-2025","06-24-2024",
"TIBCO API Exchange Gateway Distribution for TIBCO Silver Fabric","2.3.3","Retired","12-31-2022","09-19-2024",
"TIBCO Graph Database - Enterprise Edition","2.0.2","Retired","01-31-2024","06-21-2024",
"TIBCO ActiveMatrix BusinessWorks Plug-in for SAP Solutions","7.2.1","Retired","12-31-2023","06-24-2024",
"Spotfire Server","10.3.8","Retired","06-30-2022","07-01-2022",
"TIBCO ActiveMatrix BusinessWorks Plug-in for Microsoft Dynamics CRM","6.9.0","Retired","10-31-2025","03-05-2024",
"TIBCO ActiveMatrix BusinessWorks Plug-in for sFTP","6.1.2","Retired","01-31-2022","11-19-2022",
"EBX","5.9.8","Retired","06-30-2024","07-01-2024",
"TIBCO Mainframe RED","2.3.1","Retired","09-30-2022","10-01-2022",
"TIBCO ActiveMatrix BusinessWorks Plug-in for OData","6.2.2","Retired","10-31-2025","03-06-2024",
"TIBCO RTView - EMS Monitor System","6.7.0","Retired","09-01-2025","08-06-2024",
"TIBCO BusinessWorks Container Edition","2.5.2","Retired","07-31-2023","08-01-2023",
"TIBCO Scribe Insight","6.5.2","Retired","08-31-2011",,
"TIBCO Mainframe RED","2.4.0","Retired","09-30-2022","10-01-2022",
"Spotfire Server","10.3.6","Retired","06-30-2022","07-01-2022",
"Spotfire Server","7.11.9","Retired","07-31-2021",,
"TIBCO Spotfire Advanced Data Services","7.0.7","Retired","11-30-2020",,
"Spotfire Connectors","10.8.0","Retired","04-30-2021",,
"TIBCO Spotfire Advanced Data Services","7.0.6","Retired","11-30-2020",,
"Spotfire Cloud Enterprise","10.8.0","Retired","04-30-2021",,
"TIBCO Jaspersoft Advanced Data Services","7.0.7","Retired","11-30-2020",,
"Spotfire Business Author","10.8.0","Retired","04-30-2021",,
"TIBCO ActiveMatrix BusinessWorks Plug-in for SWIFT","5.17.0","Retired","04-30-2024","05-01-2024",
"Spotfire Consumer","10.8.0","Retired","04-30-2021",,
"Spotfire Web Player","10.8.0","Retired","04-30-2021",,
"Spotfire Analyst","10.8.0","Retired","04-30-2021",,
"TIBCO Data Streams","10.4.5","Retired","12-31-2022","02-24-2023",
"Spotfire Desktop","10.8.0","Retired","04-30-2021",,
"TIBCO ComputeDB","1.2.0","Retired","06-04-2024","06-05-2024",
"Spotfire Server","10.8.0","Retired","04-30-2021",,
"TIBCO Messaging Castle - Powered by Apache Kafka","2.4.0","Retired","02-28-2022",,
"Spotfire Web Player","7.11.1","Retired","07-31-2021",,
"TIBCO ActiveMatrix BusinessWorks Plug-in for Apache Kafka","6.3.0","Retired","10-31-2025","03-04-2024",
"Spotfire Web Player","7.10.2","Retired","12-31-2019",,
"Spotfire Qualification","7.13.0","Retired","09-30-2019",,
"Spotfire Web Player","7.9.2","Retired","09-30-2019",,
"Spotfire Web Player","7.8.1","Retired","06-30-2019",,
"TIBCO eFTL","6.3.1","Retired","12-31-2021",,
"Spotfire Web Player","7.13.0","Retired","09-30-2019",,
"TIBCO FTL","6.3.1","Retired","12-31-2021","11-15-2025",
"Spotfire Consumer","7.8.1","Retired","06-30-2019",,
"TIBCO Hawk Microagent for TIBCO FTL/TIBCO eFTL","1.0.0","Retired","10-31-2023","10-07-2022",
"Spotfire Consumer","7.9.2","Retired","09-30-2019",,
"Spotfire Enterprise Runtime for R - Server Edition","1.2.3","Retired","06-30-2022","07-01-2022",
"Spotfire Consumer","7.10.2","Retired","12-31-2019",,
"TIBCO ActiveMatrix BusinessWorks Plug-in for SAP SuccessFactors","6.0.0","Retired","10-31-2025","06-24-2024",
"Spotfire Consumer","7.11.1","Retired","07-31-2021",,
"TIBCO Rendezvous for zLinux","8.5.0","Retired","12-31-2021","11-15-2025",
"Spotfire Consumer","7.13.0","Retired","09-30-2019",,
"Spotfire Business Author","7.8.1","Retired","06-30-2019",,
"Spotfire Desktop","7.13.0","Retired","09-30-2019",,
"Spotfire Business Author","7.9.2","Retired","09-30-2019",,
"TIBCO Patterns","5.5.0","Retired","09-30-2024","06-08-2023",
"Spotfire Business Author","7.10.2","Retired","12-31-2019",,
"TIBCO ActiveMatrix BusinessWorks Plug-in for TIBCO Patterns","5.5.0","Retired","09-30-2024","06-08-2023",
"Spotfire Server","7.8.2","Retired","06-30-2019",,
"Spotfire Business Author","7.11.1","Retired","07-31-2021",,
"TIBCO ActiveMatrix BusinessWorks Plug-in for TIBCO Patterns","1.3.0","Retired","09-30-2024","06-08-2023",
"Spotfire Business Author","7.13.0","Retired","09-30-2019",,
"Spotfire Server","7.9.1","Retired","09-30-2019",,
"Spotfire Cloud Enterprise","7.8.1","Retired","06-30-2019",,
"Spotfire Connectors","10.7.0","Retired","03-31-2021",,
"Spotfire Cloud Enterprise","7.9.2","Retired","09-30-2019",,
"Spotfire Cloud Enterprise","10.7.0","Retired","03-31-2021",,
"Spotfire Server","7.10.1","Retired","12-31-2019",,
"Spotfire Cloud Enterprise","7.10.2","Retired","12-31-2019",,
"Spotfire Business Author","10.7.0","Retired","03-31-2021",,
"Spotfire Cloud Enterprise","7.11.1","Retired","07-31-2021",,
"Spotfire Consumer","10.7.0","Retired","03-31-2021",,
"Spotfire Cloud Enterprise","7.13.0","Retired","09-30-2019",,
"Spotfire Web Player","10.7.0","Retired","03-31-2021",,
"TIBCO BusinessWorks Container Edition","2.5.1","Retired","07-31-2023","08-01-2023",
"Spotfire Developer","7.13.0","Retired","09-30-2019",,
"Spotfire Analyst","7.8.1","Retired","06-30-2019",,
"Spotfire Analyst","7.9.2","Retired","09-30-2019",,
"Spotfire Analyst","7.10.2","Retired","12-31-2019",,
"Spotfire Analyst","7.11.1","Retired","07-31-2021",,
"TIBCO LiveView Web","1.4.0","Retired","12-31-2024","12-12-2023",
"TIBCO Data Virtualization","7.0.7","Retired","11-30-2020",,
"TIBCO Enterprise RTView","7.0.0","Retired","09-01-2025","08-06-2024",
"TIBCO ActiveMatrix BusinessWorks Plug-in for Large XML","6.1.1","Retired","11-30-2020","11-15-2025",
"TIBCO iProcess Technology Plug-ins","11.6.2","Retired","07-31-2024","04-05-2024",
"TIBCO iProcess Workspace Plug-ins","11.6.2","Retired","07-31-2024","08-01-2024",
"TIBCO Cloud API Management - Local Edition","4.4.0","Retired","05-31-2021",,
"Spotfire Cloud Enterprise","7.12.0","Retired","09-30-2019",,
"Spotfire Cloud Enterprise","7.11.0","Retired","07-31-2021",,
"Spotfire Cloud Enterprise","7.10.0","Retired","12-31-2019",,
"Spotfire Cloud Enterprise","7.9.0","Retired","09-30-2019",,
"Spotfire Cloud Enterprise","7.8.0","Retired","06-30-2019",,
"Spotfire Cloud Enterprise","7.7.0","Retired","03-31-2019",,
"Spotfire Cloud Enterprise","7.6.0","Retired","06-30-2018",,
"Spotfire Cloud Enterprise","7.5.0","Retired","06-30-2018",,
"Spotfire Cloud Enterprise","7.0.0","Retired","03-31-2018",,
"EBX","5.9.0","Retired","06-30-2024","07-01-2024",
"Spotfire Statistica","13.4.0","Retired","05-31-2021","08-16-2022",
"EBX","5.8.1","Retired","12-31-2021",,
"TIBCO ActiveMatrix BusinessWorks Plug-in for Salesforce.com","6.4.0","Retired","11-30-2020",,
"EBX","5.8.0","Retired","12-31-2021",,
"EBX","5.7.1","Retired","12-31-2021",,
"TIBCO ActiveMatrix BusinessWorks Plug-in for SAP Solutions","8.2.1","Retired","01-31-2022",,
"TIBCO Live Datamart","2.2.4","Retired","06-30-2023","12-14-2023",
"TIBCO Fulfillment Order Management","4.0.1","Retired","03-31-2024","04-01-2024",
"TIBCO Streaming","7.7.4","Retired","06-30-2023","07-01-2023",
"TIBCO iProcess Workspace (Browser)","11.6.0","Retired","07-31-2024","08-01-2024",
"TIBCO Hawk - Container Edition","1.0.0","Retired","09-30-2022","03-23-2023",
"TIBCO ActiveMatrix BusinessWorks Plug-in for Database","8.3.2","Retired","01-31-2022","11-15-2025",
"TIBCO ActiveMatrix BusinessWorks Plug-in for Facebook","1.2.0","Retired","10-31-2025","03-05-2024",
"TIBCO Messaging - Bridge for Apache Kafka - Enterprise Edition","1.0.0","Retired","02-28-2021",,
"Spotfire Server","10.7.0","Retired","03-31-2021",,
"TIBCO Messaging Castle - Powered by Apache Kafka","1.1.0","Retired","02-28-2021","07-21-2023",
"TIBCO ActiveMatrix BusinessWorks Plug-in for TIBCO FTL","6.4.1","Retired","07-31-2022","08-01-2022",
"Spotfire Desktop","10.7.0","Retired","03-31-2021",,
"Spotfire Analyst","10.7.0","Retired","03-31-2021",,
"Spotfire Enterprise Runtime for R","4.4.1","Retired","06-30-2020",,
"TIBCO LiveView Desktop","2.6.4","Retired","12-17-2023","12-18-2023",
"TIBCO Graph Database - Enterprise Edition","1.1.1","Retired","01-31-2024","06-21-2024",
"TIBCO Streaming","10.4.5","Retired","12-31-2022","02-24-2023",
"TIBCO Jaspersoft Studio","7.1.0","Retired","05-30-2021",,
"TIBCO JasperReports Server","7.1.0","Retired","05-30-2021",,
"Spotfire Server","10.6.1","Retired","01-31-2021",,
"TIBCO ActiveMatrix BusinessWorks Plug-in for Big Data","6.6.0","Retired","10-31-2025","06-24-2024",
"Spotfire Server","10.3.5","Retired","06-30-2022","07-01-2022",
"TIBCO JasperReports","7.1.0","Retired","05-30-2021",,
"TIBCO JasperReports IO - Professional Edition","1.2.0","Retired","05-31-2022","05-31-2022",
"Spotfire Data Catalog","5.5.0","Retired","04-30-2022",,
"Spotfire Server","7.11.8","Retired","07-31-2021",,
"DataSynapse GridServer","6.3.0","Retired","06-30-2022","02-17-2023",
"DataSynapse GridServer","5.2.0","Retired","06-30-2022","02-17-2023",
"Spotfire Desktop","10.6.1","Retired","01-31-2021",,
"TIBCO Enterprise Message Service Appliance","3.1.0","Retired","09-01-2023","09-02-2023",
"Spotfire Desktop","10.3.3","Retired","06-30-2022","07-01-2022",
"TIBCO RTView for ActiveMatrix BusinessWorks","6.6.1","Retired","07-31-2023","08-01-2023",
"TIBCO Hawk Microagent for TIBCO Activematrix BusinessWorks","6.6.0","Retired","07-31-2023","08-01-2023",
"TIBCO Spotfire Data Science","6.3.1","Retired","03-31-2020",,
"Spotfire Analyst","10.6.1","Retired","01-31-2021",,
"TIBCO ActiveMatrix BusinessWorks Plug-in for PeopleSoft","7.0.0","Retired","01-31-2022","02-27-2023",
"Spotfire Analyst","10.3.3","Retired","06-30-2022","07-01-2022",
"TIBCO OpenSpirit Data Connector for OpenWorks","2.5.1","Retired","09-01-2025","08-02-2024",
"TIBCO Rendezvous","8.5.0","Retired","06-30-2023","07-01-2023",
"Spotfire Analyst","7.11.2","Retired","07-31-2021",,
"TIBCO JasperReports","7.5.0","Retired","08-21-2022","08-24-2022",
"TIBCO Jaspersoft Studio","7.5.0","Retired","08-21-2022","08-25-2022",
"TIBCO Streaming","7.7.8","Retired","06-30-2023","07-01-2023",
"TIBCO JasperReports Server","7.5.0","Retired","08-21-2022","08-25-2022",
"TIBCO Live Datamart","2.2.8","Retired","06-30-2023","12-14-2023",
"TIBCO Product and Service Catalog","5.0.0","Retired","12-31-2024","01-02-2024",
"tibbr","7.0.1","Retired","12-10-2022","12-11-2022",
"TIBCO Offer and Price Engine","5.0.0","Retired","12-31-2024","06-25-2024",
"TIBCO Order Management","5.0.0","Retired","03-31-2024","06-25-2025",
"TIBCO ActiveSpaces","3.4.0","Retired","01-31-2021",,
"TIBCO eFTL","3.3.1","Retired","01-31-2021",,
"TIBCO FTL","5.3.1","Retired","01-31-2021","11-15-2025",
"TIBCO Nimbus Cloud Service","10.2.0","Retired","11-30-2023","12-01-2023",
"TIBCO ActiveMatrix BusinessWorks Plug-in Development Kit","6.2.0","Retired","10-31-2025","03-07-2024",
"TIBCO ActiveSpaces","4.3.0","Retired","12-31-2021",,
"TIBCO Cloud API Management - Local Edition","4.2.0","Retired","12-31-2019",,
"TIBCO ActiveMatrix BusinessWorks Plug-in for Oracle Tuxedo","7.0.2","Retired","06-30-2022","02-27-2023",
"TIBCO eFTL","6.3.0","Retired","12-31-2021",,
"TIBCO FTL","6.3.0","Retired","12-31-2021","11-15-2025",
"TIBCO Cloud API Management - Local Edition","5.3.0","Retired","12-31-2022","07-21-2023",
"TIBCO EMS Client for z/OS (MVS)","8.5.1","Retired","12-31-2023","04-29-2024",
"TIBCO Data Virtualization","7.0.6","Retired","11-30-2020",,
"TIBCO EMS Client for z/OS (CICS)","8.5.1","Retired","12-31-2023","04-29-2024",
"TIBCO Streaming","7.7.2","Retired","06-30-2023","07-01-2023",
"Spotfire Web Player","7.11.0","Retired","07-31-2021",,
"TIBCO EMS Client for i5/OS","8.5.1","Retired","11-30-2023","04-29-2024",
"TIBCO Live Datamart","2.2.2","Retired","06-30-2023","12-14-2023",
"TIBCO BusinessConnect","7.2.0","Retired","06-30-2024","07-01-2024",
"TIBCO Messaging - Eclipse Mosquitto Distribution - Bridge - Enterprise Edition","1.3.0","Retired","04-30-2022","11-15-2025",
"TIBCO Live Datamart","10.2.0","Retired","07-31-2019",,
"TIBCO ActiveMatrix BusinessWorks","6.6.0","Retired","07-31-2023","12-19-2023",
"TIBCO LiveView Desktop","2.4.0","Retired","12-17-2023","12-18-2023",
"TIBCO Streaming","10.2.0","Retired","07-31-2019",,
"TIBCO Graph Database - Enterprise Edition","1.1.0","Retired","01-31-2024","06-21-2024",
"TIBCO ActiveSpaces Transactions","2.5.8","Retired","09-01-2025","10-22-2024",
"TIBCO ActiveMatrix BusinessWorks Plug-in for BusinessConnect","6.2.0","Retired","06-30-2024","07-01-2024",
"Spotfire Qualification","7.11.0","Retired","07-31-2021",,
"TIBCO ActiveMatrix BusinessWorks Plug-in for PeopleSoft","7.0.1","Retired","12-31-2023","02-27-2023",
"TIBCO ActiveMatrix BusinessWorks Plug-in for SmartMapper","7.1.1","Retired","12-31-2023","01-01-2024",
"TIBCO BusinessConnect Palette","6.3.0","Retired","06-30-2024","07-01-2024",
"TIBCO BusinessWorks Container Edition","2.5.0","Retired","07-31-2023","02-27-2023",
"TIBCO ActiveMatrix BusinessWorks Plug-in for Marketo","7.2.1","Retired","10-31-2025","06-24-2024",
"Spotfire Analyst","7.11.0","Retired","07-31-2021",,
"TIBCO Foresight EDISIM","6.17.0","Retired","09-30-2020",,
"Spotfire Developer","7.11.0","Retired","07-31-2021",,
"Spotfire Statistica","13.3.1","Retired","11-20-2020","08-16-2022",
"TIBCO Data Streams","10.5.0","Retired","12-31-2022","02-24-2023",
"EBX","5.9.7","Retired","06-30-2024","07-01-2024",
"TIBCO BPM Enterprise Distribution for TIBCO Silver Fabric","4.2.0","Retired","12-31-2021","07-15-2024",
"TIBCO LiveView Desktop","2.7.0","Retired","12-17-2023","12-18-2023",
"TIBCO Nimbus","10.2.0","Retired","11-30-2023","12-01-2023",
"TIBCO ActiveMatrix BusinessWorks Plug-in for TIBCO FTL","6.4.0","Retired","07-31-2022","08-01-2022",
"TIBCO Streaming","10.5.0","Retired","12-31-2022","02-24-2023",
"TIBCO Managed File Transfer Internet Server","7.3.2","Retired","04-30-2019",,
"TIBCO Messaging Castle - Powered by Apache Kafka","2.3.1","Retired","02-28-2021",,
"TIBCO Managed File Transfer Command Center","7.3.2","Retired","04-30-2019",,
"TIBCO BusinessEvents Enterprise Edition","5.6.1","Retired","12-31-2022","01-01-2023",
"Spotfire Enterprise Runtime for R - Server Edition","1.2.2","Retired","06-30-2022","07-01-2022",
"TIBCO ActiveMatrix BusinessWorks Plug-in for Oracle Tuxedo","8.0.1","Retired","12-31-2023","02-27-2023",
"TIBCO Managed File Transfer Internet Server","8.2.1","Retired","01-31-2023","02-01-2023",
"TIBCO Jaspersoft Studio","6.4.2","Retired","05-08-2020",,
"TIBCO Managed File Transfer Command Center","8.2.1","Retired","01-31-2023","02-01-2023",
"TIBCO JasperReports Server","6.4.2","Retired","05-08-2020",,
"TIBCO JasperReports","6.4.2","Retired","05-08-2020",,
"TIBCO ActiveMatrix BusinessWorks Plug-in for IBM i","7.2.1","Retired","10-31-2022","02-27-2023",
"TIBCO Jaspersoft Studio","6.3.3","Retired","06-28-2019",,
"TIBCO JasperReports Server","6.3.3","Retired","06-28-2019","05-18-2022",
"Spotfire Desktop","10.3.2","Retired","06-30-2022","07-01-2022",
"TIBCO JasperReports","6.3.3","Retired","06-28-2019","05-18-2022",
"Spotfire Analyst","10.3.2","Retired","06-30-2022","07-01-2022",
"TIBCO Jaspersoft Studio","6.2.4","Retired","06-28-2018","05-18-2022",
"Spotfire Server","10.3.4","Retired","06-30-2022","07-01-2022",
"TIBCO Enterprise Message Service for zLinux","8.5.1","Retired","03-31-2021",,
"TIBCO JasperReports Server","6.2.4","Retired","06-28-2018",,
"Spotfire Server","7.11.7","Retired","07-31-2021",,
"TIBCO iProcess Engine (DB2)","11.6.1","Retired","07-31-2024","04-05-2024",
"TIBCO Data Virtualization","8.2.0","Retired","02-28-2023","03-01-2023",
"TIBCO JasperReports","6.2.4","Retired","06-28-2018","05-18-2022",
"Spotfire Business Author","10.6.0","Retired","01-31-2021",,
"TIBCO iProcess Technology Plug-ins","11.6.1","Retired","07-31-2024","08-01-2024",
"TIBCO Jaspersoft Studio for ActiveMatrix BPM","6.4.2","Retired","12-31-2021","07-15-2024",
"Spotfire Connectors","10.6.0","Retired","01-31-2021",,
"TIBCO iProcess Workspace Plug-ins","11.6.1","Retired","07-31-2024","08-01-2024",
"TIBCO ActiveSpaces","2.4.1","Retired","06-30-2023","08-01-2023",
"TIBCO JasperReports Server for ActiveMatrix BPM","6.4.2","Retired","12-31-2021","07-15-2024",
"Spotfire Cloud Enterprise","10.6.0","Retired","01-31-2021",,
"TIBCO iProcess Workspace (Windows)","11.6.1","Retired","07-31-2024","08-01-2024",
"TIBCO Clarity - Enterprise Edition","3.2.0","Retired","12-31-2023","03-12-2024",
"TIBCO JasperReports Library for ActiveMatrix BPM","6.4.2","Retired","12-31-2021","07-15-2024",
"Spotfire Consumer","10.6.0","Retired","01-31-2021",,
"TIBCO ActiveMatrix BusinessWorks Plug-in for Siebel","7.0.0","Retired","01-31-2022","02-27-2023",
"TIBCO OpenSpirit Extension for ArcGIS","2019.0.0","Retired","09-01-2025","08-02-2024",
"TIBCO LogLogic Compliance Suite - ITIL Edition","3.9.0","Retired","12-23-2023","01-12-2024",
"Spotfire Web Player","10.6.0","Retired","01-31-2021",,
"TIBCO ActiveMatrix BusinessWorks Plug-in for Microsoft Dynamics CRM","6.8.1","Retired","10-31-2025","03-05-2024",
"TIBCO LogLogic Compliance Suite - ISO Edition","3.9.0","Retired","12-23-2023","01-12-2024",
"TIBCO Data Virtualization","6.2.7","Retired","01-31-2017",,
"TIBCO RTView for TIBCO ActiveSpaces","7.1.0","Retired","09-01-2025","08-06-2024",
"TIBCO LogLogic Compliance Suite - PCI Edition","3.9.0","Retired","12-23-2023","01-12-2024",
"TIBCO Data Virtualization","7.0.5","Retired","11-30-2020",,
"TIBCO LogLogic Compliance Suite - NERC Edition","3.9.0","Retired","12-23-2023","01-12-2024",
"TIBCO Data Virtualization","7.0.4","Retired","11-30-2020",,
"TIBCO LogLogic Compliance Suite - HIPAA Edition","3.9.0","Retired","12-23-2023","01-12-2024",
"Spotfire Desktop","10.6.0","Retired","01-31-2021",,
"TIBCO Data Virtualization","7.0.3","Retired","11-30-2020",,
"TIBCO LogLogic Compliance Suite - FISMA Edition","3.9.0","Retired","12-23-2023","01-12-2024",
"Spotfire Analyst","10.6.0","Retired","01-31-2021",,
"TIBCO Data Virtualization","7.0.2","Retired","11-30-2020",,
"TIBCO LogLogic Compliance Suite - Sarbanes-Oxley Edition","3.9.0","Retired","12-23-2023","01-12-2024",
"Spotfire Server","10.6.0","Retired","01-31-2021",,
"TIBCO Data Virtualization","7.0.1","Retired","11-30-2020",,
"TIBCO ActiveSpaces Transactions","2.5.11","Retired","09-01-2025","10-22-2024",
"TIBCO Data Virtualization","7.0.0","Retired","11-30-2020",,
"TIBCO eFTL","3.3.0","Retired","01-31-2021",,
"Spotfire Desktop","7.11.0","Retired","07-31-2021",,
"TIBCO FTL","5.3.0","Retired","01-31-2021","11-15-2025",
"TIBCO ActiveMatrix BusinessWorks Plug-in for NetSuite","6.3.0","Retired","11-30-2020",,
"TIBCO ActiveSpaces","3.3.0","Retired","01-31-2021",,
"Spotfire Enterprise Runtime for R - Server Edition","1.2.1","Retired","06-30-2022","07-01-2022",
"TIBCO MDM","9.0.2","Retired","09-30-2023","10-01-2023",
"TIBCO Hawk","6.2.0","Retired","12-31-2025","06-07-2024",
"TIBCO MDM","9.1.2","Retired","09-30-2023","10-01-2023",
"TIBCO BusinessConnect EDI Protocol Powered by Instream","6.8.0","Retired","12-31-2020","10-24-2022",
"TIBCO Hawk Database Adapter","6.0.0","Retired","10-31-2023","11-01-2023",
"TIBCO ActiveMatrix BusinessWorks Plug-in for SMPP","6.0.1","Retired","10-31-2025","06-24-2024",
"TIBCO Foresight Translator","3.7.0","Retired","09-30-2020",,
"EBX","5.9.6","Retired","06-30-2024","07-01-2024",
"TIBCO Managed File Transfer Command Center","8.0.2","Retired","10-31-2020",,
"TIBCO Managed File Transfer Internet Server","8.0.2","Retired","10-31-2020",,
"TIBCO ActiveMatrix BusinessWorks Plug-in for Amazon S3","6.4.0","Retired","10-31-2025","06-24-2024",
"Spotfire Connectors","10.5.0","Retired","10-31-2020",,
"TIBCO OpenSpirit Data Connector for Studio","3.6.0","Retired","09-01-2025","08-02-2024",
"TIBCO BusinessConnect","6.4.0","Retired","12-31-2020","11-15-2025",
"Spotfire Business Author","10.5.0","Retired","10-31-2020",,
"TIBCO iProcess Engine (SQL)","11.6.1","Retired","07-31-2024","04-05-2024",
"TIBCO Enterprise Message Service","8.5.1","Retired","05-31-2022","05-31-2022",
"TIBCO BusinessConnect SOAP Protocol","6.2.0","Retired","12-31-2020","11-15-2025",
"Spotfire Consumer","10.5.0","Retired","10-31-2020",,
"TIBCO iProcess Engine (Oracle)","11.6.1","Retired","07-31-2024","04-05-2024",
"TIBCO ActiveMatrix BusinessWorks Plug-in for AMQP","6.1.0","Retired","10-31-2025","03-05-2024",
"Spotfire Web Player","10.5.0","Retired","10-31-2020",,
"TIBCO ActiveMatrix BusinessWorks Plug-in for Oracle Tuxedo","8.0.0","Retired","01-31-2022","02-27-2023",
"TIBCO OpenSpirit Connect","2.0.0","Retired","09-01-2025","08-02-2024",
"TIBCO OpenSpirit Connect","1.5.0","Retired","09-01-2025","08-02-2024",
"TIBCO OpenSpirit Connect","1.4.0","Retired","09-01-2025","08-02-2024",
"TIBCO ActiveMatrix Lifecycle Governance Framework","10.4.0","Retired","04-30-2019",,
"TIBCO Cloud","Not Applicable","Retired","10-31-2025","10-18-2024",
"Spotfire Desktop","10.5.0","Retired","10-31-2020",,
"Spotfire Analyst","10.5.0","Retired","10-31-2020",,
"Spotfire Server","10.5.0","Retired","10-31-2020",,
"TIBCO ActiveMatrix BusinessWorks Plug-in for IBM MQ for z/Linux","7.7.0","Retired","10-31-2022","02-27-2023",
"TIBCO ActiveMatrix BusinessWorks Plug-in for OSISoft PI System","6.2.0","Retired","01-31-2022","02-27-2023",
"Spotfire Server","10.3.3","Retired","06-30-2022","07-01-2022",
"TIBCO ActiveSpaces Connector for Apache Kafka - Enterprise Edition","1.0.0","Retired","02-28-2022","07-25-2022",
"TIBCO ActiveMatrix BusinessWorks Plug-in for OSISoft PI System","6.1.0","Retired","01-31-2022",,
"TIBCO Ajax Message Service Enterprise Edition","6.1.0","Retired","10-30-2019",,
"TIBCO Live Datamart","2.2.3","Retired","06-30-2023","12-14-2023",
"TIBCO ActiveMatrix BusinessWorks Plug-in for IBM i","7.1.1","Retired","11-30-2020","11-15-2025",
"TIBCO Business Studio - BPM Edition","5.0.0","Retired","07-31-2023","06-03-2024",
"TIBCO Streaming","7.7.3","Retired","06-30-2023","07-01-2023",
"TIBCO ActiveMatrix BusinessWorks Plug-in for Amazon S3","6.1.1","Retired","10-31-2025","03-01-2024",
"TIBCO BPM Enterprise","5.0.0","Retired","07-31-2023","08-01-2023",
"TIBCO Jaspersoft ETL (all editions)","6.4.1","Retired","06-01-2020",,
"TIBCO BusinessWorks Collaborator","5.6.3","Retired","01-31-2022",,
"Spotfire Business Author","7.9.0","Retired","09-30-2019",,
"TIBCO OpenSpirit Data Connector for Recall","2.2.0","Retired","09-01-2025","08-02-2024",
"TIBCO OpenSpirit Data Connector for OpenWorks","2.4.0","Retired","09-01-2025","08-02-2024",
"TIBCO ActiveMatrix BusinessWorks Plug-in for Microsoft Dynamics CRM","6.9.1","Retired","10-31-2025","06-24-2024",
"Spotfire Consumer","7.12.0","Retired","09-30-2019",,
"Spotfire Consumer","7.11.0","Retired","07-31-2021",,
"TIBCO ActiveMatrix BusinessWorks","6.7.0","Retired","12-31-2024","11-17-2022",
"Spotfire Consumer","7.10.0","Retired","12-31-2019",,
"TIBCO JasperReports IO - Professional Edition","2.0.0","Retired","11-18-2022","07-21-2023",
"Spotfire Business Author","7.12.0","Retired","09-30-2019",,
"TIBCO Jaspersoft Studio","7.9.0","Retired","11-18-2023","11-28-2023",
"Spotfire Business Author","7.11.0","Retired","07-31-2021",,
"Spotfire Data Science - Workbench","14.0.0","Retired","06-22-2025","06-22-2024",
"TIBCO Nimbus","10.4.0","Retired","07-31-2025","03-06-2024",
"Spotfire Business Author","7.7.0","Retired","03-31-2019",,
"Spotfire Business Author","7.6.0","Retired","12-31-2018",,
"Spotfire Business Author","7.5.0","Retired","06-30-2018",,
"TIBCO eFTL","6.6.0","Retired","06-30-2023","07-01-2023",
"TIBCO FTL","6.6.0","Retired","06-30-2023","11-16-2023",
"TIBCO JasperReports Server","7.9.0","Retired","11-18-2023","11-28-2023",
"TIBCO Graph Database - Enterprise Edition","3.0.0","Retired","01-31-2024","06-21-2024",
"TIBCO Clarity - Enterprise Edition","3.0.1","Retired","12-31-2023","03-12-2024",
"TIBCO Simplr","Not Applicable","Retired","03-20-2018",,
"Spotfire Enterprise Runtime for R","4.4.0","Retired","06-30-2020",,
"TIBCO JasperReports","7.9.0","Retired","11-18-2023","11-28-2023",
"TIBCO Hawk","6.0.0","Retired","09-30-2022","03-23-2023",
"TIBCO BusinessWorks Container Edition","2.6.0","Retired","12-31-2024","11-18-2022",
"TIBCO Cloud API Management - Local Edition","4.4.3","Retired","06-30-2023","07-01-2023",
"TIBCO JasperReports IO - At-Scale Edition","2.0.0","Retired","11-18-2022","07-21-2023",
"Spotfire Developer","7.10.1","Retired","12-31-2019",,
"TIBCO ActiveMatrix BusinessWorks Plug-in for Apache Cassandra","6.3.1","Retired","10-31-2025","06-24-2024",
"Spotfire Developer","7.9.1","Retired","09-30-2019",,
"EBX","5.9.12","Retired","06-30-2024","07-01-2024",
"TIBCO Operational Intelligence Hawk RedTail - Container Edition","7.0.0","Retired","11-30-2023","12-02-2022",
"Spotfire Desktop","7.9.1","Retired","09-30-2019",,
"TIBCO ActiveSpaces","4.6.0","Retired","12-31-2022","01-01-2023",
"TIBCO ActiveMatrix BusinessWorks Plug-in for Microsoft Dynamics CRM","6.4.0","Retired","11-30-2020",,
"Spotfire Connectors","11.0.0","Retired","01-31-2022",,
"TIBCO ActiveMatrix BusinessWorks Plug-in for Apache Cassandra","6.3.0","Retired","10-31-2025","06-24-2024",
"Spotfire Connectors","10.10.3","Retired","07-31-2023","08-01-2023",
"TIBCO MDM","9.1.0","Retired","09-30-2023","10-01-2023",
"Spotfire Connectors","10.10.2","Retired","07-31-2023","08-01-2023",
"Spotfire Connectors","10.10.1","Retired","07-31-2023","08-01-2023",
"TIBCO ActiveMatrix BusinessWorks Plug-in for Salesforce.com","6.2.1","Retired","11-30-2020",,
"Spotfire Cloud Enterprise","10.10.3","Retired","07-31-2023","08-01-2023",
"TIBCO EMS Client for i5/OS","8.3.0","Retired","02-28-2020",,
"TIBCO Live Datamart","2.2.1","Retired","06-30-2023","12-14-2023",
"Spotfire Business Author","10.10.2","Retired","07-31-2023","08-01-2023",
"TIBCO ActiveMatrix BusinessWorks","6.4.1","Retired","07-31-2021","11-15-2025",
"Spotfire Consumer","10.10.2","Retired","07-31-2023","08-01-2023",
"TIBCO BusinessWorks Container Edition","2.3.1","Retired","07-31-2021","11-15-2025",
"Spotfire Web Player","10.10.2","Retired","07-31-2023","08-01-2023",
"Spotfire Server","10.3.11","Retired","06-30-2022","07-01-2022",
"Spotfire Server","10.10.3","Retired","07-31-2023","08-01-2023",
"TIBCO Streaming","7.7.1","Retired","06-30-2023","07-01-2023",
"Spotfire Desktop","10.10.2","Retired","07-31-2023","08-01-2023",
"TIBCO ActiveMatrix BusinessWorks Plug-in for OpenSpirit","2.0.0","Retired","09-01-2025","08-28-2024",
"TIBCO ActiveMatrix BusinessWorks Plug-in for SWIFT","6.3.0","Retired","10-30-2020",,
"Spotfire Analyst","10.10.2","Retired","07-31-2023","08-01-2023",
"TIBCO BusinessEvents Extreme","1.3.4","Retired","12-31-2020","11-15-2025",
"TIBCO ActiveMatrix BusinessWorks Plug-in for Facebook","6.2.0","Retired","12-31-2020","11-15-2025",
"TIBCO ActiveMatrix BusinessWorks Plug-in for IBM MQ","7.7.2","Retired","10-31-2022","11-01-2022",
"TIBCO Foresight HIPAA Validator Desktop","8.7.0","Retired","09-30-2020",,
"EBX","5.9.11","Retired","06-30-2024","07-01-2024",
"TIBCO ActiveMatrix BusinessWorks Plug-in for REST and JSON","2.0.1","Retired","10-31-2025","06-24-2024",
"TIBCO LogLogic Universal Collector","2.8.0","Retired","12-31-2023","01-01-2024",
"Spotfire Desktop","11.0.0","Retired","01-31-2022",,
"TIBCO BPM Enterprise","4.2.0","Retired","12-31-2021",,
"TIBCO OpenSpirit Data Connector for KINGDOM","2.3.0","Retired","09-01-2025","08-02-2024",
"Spotfire Analyst","11.0.0","Retired","01-31-2022",,
"TIBCO Foresight Instream Healthcare Edition for z/Linux","8.7.0","Retired","09-30-2020",,
"Spotfire Server","11.0.0","Retired","01-31-2022",,
"TIBCO Business Studio - BPM Edition","4.2.0","Retired","12-31-2021","11-15-2025",
"TIBCO Foresight Instream Standard Edition for z/Linux","8.7.0","Retired","09-30-2020",,
"Spotfire Cloud Enterprise","11.0.0","Retired","01-31-2022",,
"Spotfire Business Author","11.0.0","Retired","01-31-2022",,
"TIBCO ActiveMatrix BusinessWorks Plug-in for OData Services for SAP S/4HANA","6.2.1","Retired","12-31-2023","02-27-2023",
"TIBCO EMS Client for z/OS (MVS)","8.4.0","Retired","01-31-2021",,
"Spotfire Consumer","11.0.0","Retired","01-31-2022",,
"TIBCO ActiveMatrix BusinessWorks Plug-in for Apache Kafka","6.4.1","Retired","10-31-2025","06-24-2024",
"TIBCO Enterprise Message Service for zLinux","8.4.0","Retired","01-31-2021",,
"Spotfire Web Player","11.0.0","Retired","01-31-2022",,
"TIBCO Messaging Quasar - Powered by Apache Pulsar","2.6.1","Retired","02-28-2022",,
"TIBCO LogLogic Log Management Intelligence","6.1.1","Retired","04-15-2023","04-16-2023",
"TIBCO LogLogic Enterprise Virtual Appliance","6.3.1","Retired","12-23-2023","01-12-2024",
"TIBCO Enterprise Message Service","8.4.0","Retired","01-31-2021","11-15-2025",
"TIBCO LogLogic Log Management Intelligence","6.3.1","Retired","12-23-2023","01-12-2024",
"TIBCO Messaging Castle - Powered by Apache Kafka","2.6.0","Retired","02-28-2022",,
"TIBCO EMS Client for z/OS (CICS)","8.4.0","Retired","01-31-2021",,
"TIBCO ActiveMatrix BusinessWorks","5.13.2","Retired","01-31-2024","08-03-2022",
"TIBCO EMS Client for z/OS (CICS)","8.3.0","Retired","02-28-2020",,
"TIBCO EMS Client for i5/OS","8.4.0","Retired","01-31-2021",,
"TIBCO OpenSpirit Data Connector for Studio","3.10.0","Retired","09-01-2025","08-02-2024",
"TIBCO ActiveMatrix BusinessWorks Plug-in for Oracle Tuxedo","7.0.1","Retired","12-31-2019",,
"Spotfire Server","7.10.0","Retired","12-31-2019",,
"Spotfire Developer","7.10.0","Retired","12-31-2019",,
"Spotfire Cloud Enterprise","10.10.2","Retired","07-31-2023","08-01-2023",
"TIBCO Nimbus","10.1.0","Retired","11-30-2022","07-21-2023",
"TIBCO JasperReports IO - Professional Edition","1.3.0","Retired","05-31-2022","08-01-2022",
"TIBCO LogLogic Enterprise Virtual Appliance","6.1.1","Retired","04-15-2023","04-16-2023",
"Spotfire Cloud Enterprise","10.10.1","Retired","07-31-2023","08-01-2023",
"TIBCO Fulfillment Order Management","4.0.0","Retired","03-31-2024","04-01-2024",
"TIBCO BusinessConnect","7.2.1","Retired","06-30-2024","07-01-2024",
"TIBCO Trading Partner Management REST API","1.0.1","Retired","12-31-2021","11-15-2025",
"Spotfire Business Author","10.10.1","Retired","07-31-2023","08-01-2023",
"TIBCO ActiveMatrix BusinessWorks Plug-in for Data Conversion","4.5.1","Retired","10-31-2022","11-01-2022",
"TIBCO JasperMobile","2.6","Retired","12-31-2021",,
"Spotfire Consumer","10.10.1","Retired","07-31-2023","08-01-2023",
"TIBCO JasperMobile","2.5","Retired","12-31-2021",,
"Spotfire Web Player","10.10.1","Retired","07-31-2023","08-01-2023",
"TIBCO OpenSpirit Scan for Studio Find","6.0.0","Retired","09-01-2025","08-02-2024",
"TIBCO JasperMobile","2.4","Retired","12-31-2021",,
"Spotfire Analyst","10.10.1","Retired","07-31-2023","08-01-2023",
"TIBCO Product and Service Inventory","1","Retired","12-31-2023","01-01-2024",
"TIBCO Nimbus Cloud Service","10.1.0","Retired","11-30-2022","12-01-2022",
"Spotfire Desktop","10.10.1","Retired","07-31-2023","08-01-2023",
"TIBCO ActiveMatrix Service Grid","3.3.1","Retired","12-31-2021","08-02-2024",
"Spotfire Server","10.10.2","Retired","07-31-2023","08-01-2023",
"Spotfire Service for Python","1.0.1","Retired","07-31-2023","08-01-2023",
"TIBCO BusinessWorks Container Edition","2.5.4","Retired","07-31-2023","08-01-2023",
"TIBCO Messaging Castle - Powered by Apache Kafka","2.5.1","Retired","02-28-2022",,
"Spotfire Qualification","7.10.0","Retired","12-31-2019",,
"TIBCO Jaspersoft Studio","7.8.0","Retired","12-07-2022","03-31-2023",
"TIBCO OpenSpirit Data Connector for Epos","2.4.0","Retired","09-01-2025","08-02-2024",
"TIBCO Data Virtualization","8.3.0","Retired","05-31-2023","06-01-2023",
"TIBCO Rendezvous for zLinux","8.5.1","Retired","12-31-2021","11-15-2025",
"TIBCO Data Virtualization","7.0.9","Retired","11-30-2020",,
"TIBCO Cloud API Management - Local Edition","4.1.1","Retired","12-31-2019",,
"TIBCO Spotfire Data Science","6.4.1","Retired","03-26-2021","08-16-2022",
"TIBCO ActiveMatrix BusinessWorks Plug-in for SWIFT","6.6.0","Retired","04-30-2024","05-01-2024",
"TIBCO Database Drivers Supplement","2.0.6","Retired","12-31-2025","10-02-2024",
"TIBCO Nimbus","10.2.2","Retired","11-30-2023","12-01-2023",
"TIBCO OpenSpirit Adapter for Petrel","26.0.0","Retired","09-01-2025","08-02-2024",
"TIBCO BusinessEvents Extreme","1.3.6","Retired","09-01-2025","10-22-2024",
"Spotfire Connectors","7.7.0","Retired","03-31-2019",,
"Spotfire Connectors","7.8.0","Retired","06-30-2019",,
"TIBCO Data Streams","10.6.1","Retired","06-30-2025","11-03-2023",
"TIBCO ActiveMatrix BusinessWorks Plug-in for Amazon S3","6.3.0","Retired","10-31-2025","03-01-2024",
"Spotfire Connectors","7.9.0","Retired","09-30-2019",,
"TIBCO Streaming","10.6.1","Retired","06-30-2025","11-03-2023",
"TIBCO LogLogic Compliance Manager","2.1.1","Retired","12-23-2023","01-12-2024",
"Spotfire Connectors","7.10.0","Retired","12-31-2019",,
"TIBCO Rendezvous","8.5.1","Retired","06-30-2023","11-16-2023",
"TIBCO JasperReports Server","7.8.0","Retired","12-07-2022","12-08-2022",
"TIBCO OpenSpirit Data Connector for GeoFrame","2.1.1","Retired","09-01-2025","08-02-2024",
"Spotfire Web Player","7.10.0","Retired","12-31-2019",,
"TIBCO JasperReports","7.8.0","Retired","12-07-2022","03-31-2023",
"TIBCO ActiveMatrix BusinessWorks Plug-in for CICS","2.4.1","Retired","10-31-2025","06-24-2024",
"TIBCO ActiveSpaces Transactions","2.5.7","Retired","06-30-2020",,
"TIBCO ActiveMatrix BusinessWorks Plug-in for CICS","1.2.1","Retired","10-31-2025","06-24-2024",
"Spotfire Statistica","13.3.0","Retired","06-29-2020",,
"TIBCO Web Messaging for TIBCO Enterprise Message Service","5.6.2","Retired","03-21-2021",,
"TIBCO Hawk - Container Edition","2.0.0","Retired","10-31-2023","11-03-2022",
"TIBCO Scribe Insight","7.9.4","Retired","11-30-2022","12-01-2022",
"TIBCO Jaspersoft Studio","6.1.2","Retired","11-20-2017","05-18-2022",
"TIBCO Scribe Insight","7.9.3","Retired","11-30-2022","12-01-2022",
"TIBCO Scribe Insight","7.9.2","Retired","03-08-2019",,
"TIBCO Scribe Insight","6.0.7","Retired","07-31-2008",,
"TIBCO Scribe Insight","7.9.1","Retired","03-08-2019",,
"TIBCO Scribe Insight","6.0.6","Retired","07-31-2008",,
"TIBCO JasperReports Server for ActiveMatrix BPM","6.4.0","Retired","12-31-2021","07-15-2024",
"TIBCO Scribe Insight","7.9.0","Retired","03-08-2019",,
"TIBCO JasperReports Library for ActiveMatrix BPM","6.4.1","Retired","12-31-2021","07-15-2024",
"TIBCO Scribe Insight","7.8.0","Retired","12-31-2016",,
"TIBCO Streaming","10.1.1","Retired","12-31-2018",,
"TIBCO Jaspersoft Studio for ActiveMatrix BPM","6.4.0","Retired","12-31-2021","07-15-2024",
"TIBCO Scribe Insight","7.7.0","Retired","08-31-2015",,
"TIBCO Jaspersoft Studio","6.4.0","Retired","05-08-2020",,
"TIBCO Scribe Insight","7.6.2","Retired","02-28-2015",,
"TIBCO JasperReports Server","6.4.0","Retired","05-08-2020",,
"TIBCO Scribe Insight","7.6.1","Retired","02-28-2015",,
"TIBCO JasperReports","6.4.1","Retired","05-08-2020",,
"TIBCO Scribe Insight","7.6.0","Retired","02-28-2015",,
"TIBCO FTL","5.2.1","Retired","04-30-2020",,
"Spotfire Qualification","10.2.0","Retired","06-30-2020",,
"TIBCO Jaspersoft Studio","6.3.2","Retired","06-28-2019",,
"TIBCO Scribe Insight","7.5.2","Retired","12-31-2013",,
"TIBCO ActiveSpaces Enterprise Edition for z/Linux","2.3.0","Retired","07-31-2021",,
"Spotfire Desktop","10.2.0","Retired","06-30-2020",,
"TIBCO JasperReports Server","6.3.2","Retired","06-28-2019",,
"TIBCO Scribe Insight","7.5.1","Retired","12-31-2013",,
"TIBCO ActiveSpaces","3.2.0","Retired","01-31-2021",,
"TIBCO JasperReports","7.2.1","Retired","12-19-2021","07-27-2022",
"TIBCO JasperReports","6.3.2","Retired","06-28-2019","05-18-2022",
"TIBCO Scribe Insight","7.5.0","Retired","12-31-2013",,
"TIBCO Live Datamart","10.1.1","Retired","12-31-2018",,
"TIBCO JasperReports","7.1.1","Retired","05-30-2021",,
"TIBCO Scribe Insight","7.0.2","Retired","12-31-2012",,
"TIBCO JasperReports Server","7.1.1","Retired","05-30-2021",,
"TIBCO JasperReports Server","6.2.3","Retired","06-28-2018",,
"TIBCO Scribe Insight","7.0.1","Retired","12-31-2012",,
"TIBCO JasperReports Server","6.4.4","Retired","05-08-2020",,
"TIBCO Jaspersoft Studio","6.2.3","Retired","06-28-2018",,
"TIBCO Scribe Insight","7.0.0","Retired","12-31-2012",,
"TIBCO JasperReports","6.4.22","Retired","05-08-2020",,
"TIBCO Scribe Insight","6.5.1","Retired","08-31-2011",,
"TIBCO JasperReports","6.3.5","Retired","06-28-2019",,
"TIBCO JasperReports Server","6.1.2","Retired","11-20-2017",,
"TIBCO Scribe Insight","6.5.0","Retired","08-31-2011",,
"TIBCO JasperReports Server","6.3.5","Retired","06-28-2019",,
"TIBCO LiveView Desktop","2.1.8","Retired","12-31-2018",,
"TIBCO Scribe Insight","6.4.1","Retired","03-31-2010",,
"TIBCO Scribe Insight","6.4.0","Retired","03-31-2010",,
"Spotfire Developer","10.2.0","Retired","06-30-2020",,
"TIBCO Scribe Insight","6.3.1","Retired","11-30-2009",,
"TIBCO Scribe Insight","6.3.0","Retired","11-30-2009",,
"Spotfire Enterprise Runtime for R","4.3.1","Retired","12-31-2019",,
"Spotfire Web Player","10.2.0","Retired","06-30-2020",,
"TIBCO Scribe Insight","6.2.2","Retired","05-31-2009",,
"TIBCO Live Datamart","10.1.0","Retired","12-31-2018",,
"Spotfire Consumer","10.2.0","Retired","06-30-2020",,
"TIBCO Scribe Insight","6.2.1","Retired","05-31-2009",,
"Spotfire Business Author","10.2.0","Retired","06-30-2020",,
"TIBCO Scribe Insight","6.2.0","Retired","05-31-2009",,
"Spotfire Cloud Enterprise","10.2.0","Retired","06-30-2020",,
"TIBCO Scribe Insight","6.1.0","Retired","01-31-2009",,
"Spotfire Connectors","10.2.0","Retired","06-30-2020",,
"TIBCO BusinessEvents Enterprise Edition","5.4.1","Retired","10-31-2020","11-15-2025",
"TIBCO Scribe Insight","6.0.9.1","Retired","07-31-2008",,
"TIBCO LiveView Desktop","2.1.3","Retired","12-31-2018",,
"TIBCO Streaming","7.6.8","Retired","05-31-2019",,
"TIBCO Scribe Insight","6.0.9","Retired","07-31-2008",,
"TIBCO Live Datamart","2.1.8","Retired","05-31-2019",,
"TIBCO Scribe Insight","6.0.8","Retired","07-31-2008",,
"Spotfire Analyst","10.2.0","Retired","06-30-2020",,
"Spotfire Connectors","7.6.1","Retired","12-31-2018",,
"TIBCO OpenSpirit Data Connector for Epos","2.6.0","Retired","09-01-2025","08-02-2024",
"Spotfire Connectors","7.6.0","Retired","12-31-2018",,
"TIBCO Streaming","10.4.2","Retired","12-31-2022","01-01-2023",
"Spotfire Server","7.7.1","Retired","03-31-2019",,
"TIBCO Data Streams","10.4.2","Retired","12-31-2022","01-05-2023",
"TIBCO Flogo Connector for Amazon Redshift","2.0.1","Retired","07-31-2023","08-24-2023",
"Spotfire Statistica","12.6","Retired","12-12-2017",,
"Spotfire Statistica","12.7","Retired","05-24-2018",,
"TIBCO ActiveMatrix BusinessWorks Plug-in for SWIFT","5.16.0","Retired","10-30-2020",,
"TIBCO Flogo Connector for Greenplum Database","2.0.0","Retired","07-31-2023","08-24-2023",
"Spotfire Statistica","13","Retired","09-30-2018",,
"Spotfire Connectors","10.1.0","Retired","03-31-2020",,
"TIBCO Live Datamart","2.2.0","Retired","06-30-2023","12-14-2023",
"Spotfire Statistica","13.1","Retired","06-26-2019",,
"Spotfire Cloud Enterprise","10.1.0","Retired","03-31-2020",,
"Spotfire Statistica","13.2","Retired","09-30-2019",,
"Spotfire Business Author","10.1.0","Retired","03-31-2020",,
"Spotfire Statistica","13.3","Retired","06-29-2020",,
"Spotfire Consumer","10.1.0","Retired","03-31-2020",,
"TIBCO BusinessWorks Container Edition","2.4.3","Retired","03-31-2022","11-15-2025",
"Spotfire Web Player","10.1.0","Retired","03-31-2020",,
"TIBCO ActiveMatrix BusinessWorks","6.5.1","Retired","03-31-2022","11-15-2025",
"Spotfire Data Catalog","5.2.6","Retired","04-30-2022",,
"Spotfire Developer","7.7.0","Retired","03-31-2019",,
"TIBCO Live Datamart","2.2.6","Retired","06-30-2023","12-14-2023",
"Spotfire Developer","10.1.0","Retired","03-31-2020",,
"TIBCO OpenSpirit Scan Utility","2018.0.0","Retired","09-01-2025","08-02-2024",
"TIBCO LiveView Desktop","2.3.1","Retired","12-31-2018",,
"Spotfire Enterprise Runtime for R","5.0.0","Retired","06-30-2022","10-31-2024",
"TIBCO Streaming","7.7.6","Retired","06-30-2023","07-01-2023",
"TIBCO ActiveMatrix BusinessWorks Plug-in for Apache Kafka","6.0.0","Retired","10-31-2025","03-04-2024",
"TIBCO API Exchange Gateway Distribution for TIBCO Silver Fabric","2.3.1","Retired","12-31-2022","09-19-2024",
"TIBCO ActiveMatrix BusinessWorks Plug-in for Amazon S3","6.0.0","Retired","10-31-2025","03-01-2024",
"Spotfire Qualification","10.1.0","Retired","03-31-2020",,
"TIBCO ActiveMatrix BusinessWorks Plug-in for SMPP","6.0.0","Retired","10-31-2025","06-24-2024",
"TIBCO LiveView Web","1.3.0","Retired","10-31-2019","12-12-2023",
"Spotfire Desktop","10.1.0","Retired","03-31-2020",,
"TIBCO Product and Service Inventory","2.0.0","Retired","10-31-2025","10-22-2024",
"TIBCO ActiveMatrix BusinessWorks Plug-in for AMQP","6.0.2","Retired","10-31-2025","03-04-2024",
"TIBCO Cloud API Management - Local Edition","4.1.0","Retired","12-31-2019",,
"Spotfire Analyst","10.1.0","Retired","03-31-2020",,
"TIBCO ActiveSpaces","2.4.0","Retired","06-30-2023","08-01-2023",
"TIBCO ActiveMatrix BusinessWorks","6.4.0","Retired","07-31-2021","11-15-2025",
"TIBCO ActiveMatrix BusinessWorks Plug-in for Facebook","1.1.0","Retired","12-31-2020","11-15-2025",
"TIBCO OpenSpirit Data Connector for Studio","3.5.1","Retired","09-01-2025","08-02-2024",
"TIBCO Data Streams","10.4.1","Retired","12-31-2022","01-05-2023",
"TIBCO Messaging Castle - Powered by Apache Kafka","2.1.0","Retired","02-28-2021","07-21-2023",
"TIBCO Streaming","10.4.1","Retired","12-31-2022","01-01-2023",
"TIBCO Cloud Live Apps","Hosted","Retired","01-31-2026","06-10-2024",
"TIBCO LiveView Desktop","2.6.1","Retired","12-17-2023","12-18-2023",
"TIBCO BusinessWorks Container Edition","2.3.0","Retired","07-31-2021","11-15-2025",
"TIBCO Web Messaging for TIBCO Enterprise Message Service","5.6.1","Retired","03-21-2021",,
"TIBCO ActiveMatrix BusinessWorks Plug-in for OData","6.2.1","Retired","10-31-2025","03-06-2024",
"TIBCO Streaming","7.7.0","Retired","06-30-2023","12-14-2023",
"TIBCO JasperReports IO - Professional Edition","1.0.1","Retired","05-31-2022","05-31-2022",
"TIBCO Streaming","10.0.1","Retired","12-31-2018",,
"Spotfire Web Player","7.9.0","Retired","09-30-2019",,
"TIBCO Jaspersoft Studio","7.2.1","Retired","12-19-2021",,
"Spotfire Consumer","7.9.0","Retired","09-30-2019",,
"Spotfire Business Author","7.10.0","Retired","12-31-2019",,
"Spotfire Server","10.0.1","Retired","03-31-2020",,
"TIBCO LogLogic Log Management Intelligence","6.1.0","Retired","04-15-2023","04-16-2023",
"Spotfire Qualification","7.9.0","Retired","09-30-2019",,
"Spotfire Qualification","7.8.0","Retired","06-30-2019",,
"TIBCO Web Messaging for TIBCO Enterprise Message Service","4.5.4","Retired","03-21-2021",,
"Spotfire Server","7.10.2","Retired","12-31-2019",,
"TIBCO LiveView Web","1.2.1","Retired","09-30-2018","12-12-2023",
"Spotfire Analyst","7.9.0","Retired","09-30-2019",,
"TIBCO Fulfillment Catalog","3.1.0","Retired","10-31-2020","11-15-2025",
"TIBCO ActiveSpaces","3.1.0","Retired","04-30-2020",,
"TIBCO OpenSpirit Data Connector for Petra","2.2.0","Retired","09-01-2025","08-02-2024",
"Spotfire Server","7.5.1","Retired","06-30-2018",,
"TIBCO ActiveMatrix BusinessWorks Plug-in for JD Edwards EnterpriseOne","7.0.1","Retired","12-31-2023","02-27-2023",
"TIBCO eFTL","3.2.0","Retired","04-30-2020","11-15-2025",
"TIBCO FTL","5.2.0","Retired","04-30-2020",,
"TIBCO OpenSpirit Data Connector for KINGDOM","2.5.0","Retired","09-01-2025","08-02-2024",
"TIBCO ActiveMatrix BusinessWorks Plug-in for BusinessConnect","6.1.2","Retired","12-31-2022","02-27-2023",
"TIBCO Patterns","5.4.0","Retired","07-15-2022","06-08-2023",
"TIBCO LogLogic Universal Collector","2.9.0","Retired","12-23-2023","01-12-2024",
"TIBCO LiveView Web","1.2.0","Retired","09-30-2018","12-12-2023",
"TIBCO Managed File Transfer Command Center","8.1.1","Retired","07-31-2021",,
"Spotfire Enterprise Runtime for R","4.3.0","Retired","06-30-2019",,
"TIBCO ActiveMatrix BusinessWorks Plug-in for Large XML","6.1.2","Retired","10-31-2025","03-05-2024",
"TIBCO Managed File Transfer Command Center","8.0.3","Retired","10-31-2020",,
"TIBCO Managed File Transfer Command Center","7.3.3","Retired","04-30-2019",,
"TIBCO Managed File Transfer Internet Server","8.1.1","Retired","07-31-2021",,
"TIBCO Hawk Database Adapter","5.2.0","Retired","10-31-2023","11-01-2023",
"TIBCO BusinessEvents Extreme","1.3.3","Retired","12-31-2020","11-15-2025",
"TIBCO Managed File Transfer Internet Server","8.0.3","Retired","10-31-2020",,
"TIBCO ActiveMatrix BusinessWorks Plug-in for Mobile Integration","1.1.1","Retired","10-31-2025","03-06-2024",
"TIBCO ActiveSpaces Transactions","2.5.6","Retired","06-30-2020",,
"TIBCO Managed File Transfer Internet Server","7.3.3","Retired","04-30-2019",,
"TIBCO Web Messaging for TIBCO Enterprise Message Service","5.6.0","Retired","03-21-2021",,
"TIBCO Spotfire Advanced Data Services","8.0.0","Retired","05-01-2021",,
"TIBCO Streaming","10.1.0","Retired","12-31-2018",,
"TIBCO LiveView Desktop","2.3.0","Retired","12-31-2018",,
"TIBCO ActiveMatrix Adapter for Websphere MQ","6.2.5","Retired","12-31-2015",,
"TIBCO Cloud API Management - Local Edition","5.0.0","Retired","11-30-2021",,
"TIBCO Messaging - Bridge for Apache Kafka - Enterprise Edition","2.0.0","Retired","02-28-2021",,
"TIBCO Messaging Castle - Powered by Apache Kafka","2.0.1","Retired","02-28-2021","07-21-2023",
"TIBCO FTL","6.0.0","Retired","10-31-2020","11-15-2025",
"TIBCO ActiveMatrix BusinessWorks Plug-in for EJB","6.0.0","Retired","10-31-2025","03-04-2024",
"TIBCO ActiveMatrix BusinessWorks Plug-in for EJB","6.1.0","Retired","10-31-2025","03-04-2024",
"TIBCO Graph Database - Enterprise Edition","2.0.0","Retired","01-31-2024","06-21-2024",
"TIBCO OpenSpirit Data Connector for Studio","3.8.0","Retired","09-01-2025","08-02-2024",
"TIBCO Flogo Connector for Amazon Redshift","2.0.0","Retired","07-31-2023","07-31-2023",
"TIBCO ActiveMatrix BusinessWorks Plug-in for Snowflake","6.0.1","Retired","10-31-2025","06-24-2024",
"TIBCO Cloud API Management - Local Edition","5.4.0","Retired","06-30-2023","07-01-2023",
"TIBCO ActiveMatrix BusinessWorks Plug-in for Apache Kafka","6.5.0","Retired","10-31-2025","06-24-2024",
"TIBCO ActiveMatrix BusinessWorks Plug-in for TIBCO FTL","6.4.3","Retired","07-31-2022","02-27-2023",
"TIBCO BusinessWorks Container Edition","2.6.1","Retired","12-31-2024","10-07-2024",
"Spotfire Developer","11.1.0","Retired","03-31-2022",,
"Spotfire Developer","11.0.0","Retired","01-31-2022",,
"Spotfire Developer","10.10.0","Retired","07-31-2023","08-01-2023",
"Spotfire Developer","10.9.0","Retired","07-31-2021",,
"Spotfire Developer","10.8.0","Retired","04-30-2021",,
"Spotfire Developer","10.7.0","Retired","03-31-2021",,
"Spotfire Developer","10.6.0","Retired","01-31-2021",,
"Spotfire Developer","10.5.0","Retired","10-31-2020",,
"Spotfire Developer","10.4.0","Retired","09-30-2020",,
"TIBCO ActiveMatrix BusinessWorks Plug-in for JD Edwards EnterpriseOne","7.0.0","Retired","12-31-2023","04-02-2026",
"TIBCO Messaging Castle - Powered by Apache Kafka","2.7.0","Retired","06-30-2023","07-01-2023",
"TIBCO Messaging Castle - Powered by Apache Kafka","2.6.1","Retired","02-28-2022",,
"TIBCO Enterprise RTView","6.9.0","Retired","09-01-2025","08-06-2024",
"TIBCO ActiveMatrix BusinessWorks Plug-in for Siebel","7.1.0","Retired","12-31-2023","02-27-2023",
"TIBCO ActiveSpaces","4.6.1","Retired","12-31-2022","08-01-2023",
"TIBCO Messaging Quasar - Powered by Apache Pulsar","2.7.0","Retired","02-28-2023","03-01-2023",
"Spotfire Connectors","11.1.0","Retired","03-31-2022",,
"TIBCO Messaging Quasar - Powered by Apache Pulsar","2.6.2","Retired","02-28-2022",,
"Spotfire Cloud Enterprise","11.1.0","Retired","03-31-2022",,
"TIBCO ActiveMatrix Service Bus","3.4.0","Retired","09-01-2025","08-02-2024",
"Spotfire Business Author","11.1.0","Retired","03-31-2022",,
"TIBCO ActiveMatrix Service Bus","3.3.1","Retired","12-31-2021","08-02-2024",
"TIBCO Live Datamart","2.1.7","Retired","05-31-2019","11-15-2025",
"Spotfire Consumer","11.1.0","Retired","03-31-2022",,
"Spotfire Web Player","11.1.0","Retired","03-31-2022",,
"Spotfire Statistics Services","10.10.1","Retired","07-31-2023","08-01-2023",
"Spotfire Statistics Services","11.1.0","Retired","03-31-2022","11-15-2025",
"TIBCO BusinessConnect Container Edition - RosettaNet Protocol","1.1.0","Retired","12-31-2024","12-06-2023",
"TIBCO BusinessConnect Container Edition - Services Plug-in","1.1.0","Retired","12-31-2024","12-06-2023",
"Spotfire Desktop","11.1.0","Retired","03-31-2022",,
"TIBCO AuditSafe","1.1.0","Retired","12-31-2024","12-06-2023",
"TIBCO Streaming","7.6.7","Retired","05-31-2019",,
"TIBCO OpenSpirit Data Connector for OpenWorks","2.6.0","Retired","09-01-2025","08-02-2024",
"TIBCO BusinessConnect Container Edition - EDI Protocol powered by Instream","1.0.0","Retired","12-31-2024","12-06-2023",
"TIBCO LiveView Desktop","2.1.7","Retired","12-31-2018",,
"TIBCO OpenSpirit Data Connector for KINGDOM","2.7.0","Retired","09-01-2025","08-02-2024",
"TIBCO BusinessConnect Container Edition","1.1.0","Retired","12-31-2024","12-06-2023",
"Spotfire Server","11.1.0","Retired","03-31-2022",,
"EBX","5.9.13","Retired","06-30-2024","07-01-2024",
"TIBCO ActiveMatrix BusinessWorks Plug-in for Oracle Tuxedo","7.0.0","Retired","03-31-2018",,
"Spotfire Analyst","11.1.0","Retired","03-31-2022",,
"TIBCO OpenSpirit Data Connector for SEGY","2.1.0","Retired","09-01-2025","08-02-2024",
"Spotfire Statistica","14.0.0","Retired","06-22-2025","06-22-2024",
"TIBCO Hawk SNMP Adapter","5.2.0","Retired","10-31-2023","11-01-2023",
"TIBCO Business Studio - BPM Edition","4.3.1","Retired","12-31-2025","06-10-2024",
"TIBCO BPM Enterprise","4.3.1","Retired","12-31-2025","06-10-2024",
"TIBCO BPM Enterprise Distribution for TIBCO Silver Fabric","4.3.1","Retired","09-01-2024","07-15-2024",
"Spotfire Enterprise Runtime for R - Server Edition","1.4.0","Retired","03-31-2022",,
"TIBCO ActiveMatrix BusinessWorks Plug-in for IBM i","7.2.2","Retired","10-31-2025","06-24-2024",
"TIBCO ActiveMatrix BusinessWorks Plug-in for IBM i","6.2.1","Retired","10-31-2022","11-01-2022",
"TIBCO Messaging - Schema Repository for Apache Kafka - Enterprise Edition","1.2.0","Retired","03-31-2025","03-06-2024",
"TIBCO ActiveMatrix BusinessWorks Plug-in for Mobile Integration","1.2.1","Retired","10-31-2025","06-24-2024",
"TIBCO Messaging Manager","2.0.0","Retired","02-28-2022","11-15-2025",
"TIBCO ActiveMatrix BusinessWorks Plug-in for IBM MQ","7.7.1","Retired","10-31-2022","11-01-2022",
"Spotfire Enterprise Runtime for R - Server Edition","1.2.4","Retired","06-30-2022","07-01-2022",
"TIBCO OpenSpirit Copy Manager","2015.1.0","Retired","09-01-2025","08-02-2024",
"TIBCO ActiveSpaces","4.5.0","Retired","12-31-2022","01-01-2023",
"Spotfire Server","10.10.1","Retired","07-31-2023","08-01-2023",
"Spotfire Server","10.3.10","Retired","06-30-2022","07-01-2022",
"TIBCO Messaging Quasar - Powered by Apache Pulsar","2.6.0","Retired","02-28-2022",,
"TIBCO BusinessEvents Enterprise Edition","5.4.0","Retired","10-31-2020","11-15-2025",
"TIBCO eFTL","6.5.0","Retired","12-31-2022","01-01-2023",
"TIBCO FTL","6.5.0","Retired","12-31-2022","01-01-2023",
"TIBCO ActiveMatrix BusinessWorks Plug-in for AMQP","6.2.0","Retired","10-31-2025","06-24-2024",
"TIBCO Messaging Quasar - Powered by Apache Pulsar","2.5.2","Retired","02-28-2022",,
"TIBCO OpenSpirit Data Connector for Studio","3.5.0","Retired","09-01-2025","08-02-2024",
"Spotfire Business Author","7.8.0","Retired","06-30-2019",,
"TIBCO ActiveMatrix BusinessWorks Plug-in for OData Services for SAP S/4HANA","6.2.0","Retired","01-31-2022","02-27-2023",
"TIBCO LogLogic Visual Analytics","2.2.0","Retired","12-23-2023","01-12-2024",
"TIBCO Messaging Quasar - Powered by Apache Pulsar","2.5.1","Retired","02-28-2022",,
"TIBCO Managed File Transfer Internet Server","8.3.0","Retired","04-30-2024","05-01-2024",
"TIBCO Patterns","5.6.0","Retired","09-30-2024","06-08-2023",
"Spotfire Consumer","7.8.0","Retired","06-30-2019",,
"TIBCO Managed File Transfer Command Center","8.3.0","Retired","04-30-2024","05-01-2024",
"TIBCO ActiveMatrix BusinessWorks Plug-in for TIBCO Patterns","5.6.0","Retired","09-30-2024","06-08-2023",
"TIBCO ActiveMatrix BusinessWorks Plug-in for SAP Solutions","8.4.0","Retired","03-31-2023","07-21-2023",
"TIBCO Enterprise Message Service Appliance","2.4.0","Retired","10-31-2020",,
"TIBCO ActiveMatrix BusinessWorks Plug-in for TIBCO Patterns","1.4.0","Retired","09-30-2024","06-08-2023",
"TIBCO ActiveMatrix BusinessWorks Plug-in for IBM MQ for z/Linux","7.7.1","Retired","10-31-2022","02-27-2023",
"TIBCO ActiveMatrix BusinessWorks Plug-in for Snowflake","6.0.0","Retired","10-31-2025","06-24-2024",
"TIBCO Live Datamart","2.1.6","Retired","05-31-2019",,
"TIBCO ActiveMatrix BusinessWorks Plug-in for Google BigQuery","6.0.0","Retired","10-31-2025","06-24-2024",
"TIBCO Messaging - Schema Repository for Apache Kafka - Enterprise Edition","1.1.0","Retired","02-28-2022","11-15-2025",
"TIBCO ActiveMatrix BusinessWorks Plug-in for OSISoft PI System","6.3.0","Retired","04-30-2024","05-01-2024",
"TIBCO OpenSpirit Data Connector for OpenWorks","2.3.0","Retired","09-01-2025","08-02-2024",
"TIBCO Messaging - Bridge for Apache Kafka - Enterprise Edition","2.2.0","Retired","02-28-2022","11-15-2025",
"Spotfire Connectors","10.10.0","Retired","07-31-2023","08-01-2023",
"TIBCO ActiveMatrix BusinessWorks Plug-in for SWIFT","5.19.0","Retired","10-31-2025","03-07-2024",
"Spotfire Cloud Enterprise","10.10.0","Retired","07-31-2023","08-01-2023",
"TIBCO ActiveMatrix BusinessWorks Plug-in for Microsoft Dynamics CRM","6.3.1","Retired","12-31-2019",,
"Spotfire Business Author","10.10.0","Retired","07-31-2023","08-01-2023",
"TIBCO ActiveMatrix BusinessWorks Plug-in for Apache Kafka","6.4.0","Retired","10-31-2025","03-05-2024",
"Spotfire Consumer","10.10.0","Retired","07-31-2023","08-01-2023",
"Spotfire Web Player","10.10.0","Retired","07-31-2023","08-01-2023",
"TIBCO OpenSpirit Scan for Studio","9.0.0","Retired","09-01-2025","08-02-2024",
"Spotfire Statistics Services","10.10.0","Retired","07-31-2023","08-01-2023",
"Spotfire Desktop","6.5.4","Retired","03-31-2017",,
"Spotfire Desktop","10.10.0","Retired","07-31-2023","08-01-2023",
"Spotfire Analyst","10.10.0","Retired","07-31-2023","08-01-2023",
"Spotfire Server","10.10.0","Retired","07-31-2023","08-01-2023",
"Spotfire Enterprise Runtime for R - Server Edition","1.3.0","Retired","07-31-2023","08-01-2023",
"TIBCO OpenSpirit Adapter for Petrel","29.0.0","Retired","09-01-2025","08-02-2024",
"Spotfire Service for Python","1.0.0","Retired","07-31-2023","08-01-2023",
"EBX","5.9.10","Retired","06-30-2024","07-01-2024",
"Spotfire Analyst","7.6.1","Retired","12-31-2018","05-18-2022",
"Spotfire Analyst","7.7.1","Retired","03-31-2019",,
"TIBCO BusinessConnect Container Edition","1.0.0","Retired","12-31-2023","01-01-2024",
"TIBCO ActiveMatrix BusinessWorks","6.6.1","Retired","07-31-2023","09-14-2023",
"Spotfire Analyst","7.8.0","Retired","06-30-2019",,
"Spotfire Analyst","6.5.4","Retired","03-31-2017",,
"Spotfire Connectors","11.2.0","Retired","04-30-2022",,
"TIBCO BusinessConnect Container Edition - RosettaNet Protocol","1.0.0","Retired","12-31-2023","01-01-2024",
"Spotfire Cloud Enterprise","11.2.0","Retired","04-30-2022",,
"TIBCO ActiveMatrix BusinessWorks Plug-in for Microsoft SharePoint","6.1.1","Retired","12-31-2019",,
"TIBCO BusinessConnect Container Edition - Services Plug-in","1.0.0","Retired","12-31-2023","01-01-2024",
"Spotfire Business Author","11.2.0","Retired","04-30-2022",,
"Spotfire Web Player","7.7.1","Retired","03-31-2019",,
"TIBCO AuditSafe","1.0.0","Retired","12-31-2023","01-01-2024",
"Spotfire Business Author","10.10.3","Retired","07-31-2023","08-01-2023",
"Spotfire Web Player","7.6.1","Retired","12-31-2018","05-18-2022",
"TIBCO Web Messaging for TIBCO Enterprise Message Service","4.5.3","Retired","03-21-2021",,
"Spotfire Business Author","10.3.4","Retired","06-30-2022","07-01-2022",
"Spotfire Web Player","7.5.1","Retired","06-30-2018","05-18-2022",
"Spotfire Enterprise Runtime for R","5.1.0","Retired","12-31-2022","01-01-2023",
"TIBCO Spotfire Extension for OpenSpirit","1.2.0","Retired","09-01-2025","08-02-2024",
"Spotfire Business Author","10.3.3","Retired","06-30-2022","07-01-2022",
"Spotfire Web Player","7.0.2","Retired","03-31-2018","11-15-2025",
"Spotfire Business Author","10.3.2","Retired","06-30-2022","07-01-2022",
"Spotfire Web Player","6.5.4","Retired","03-31-2017","05-18-2022",
"Spotfire Business Author","10.3.1","Retired","06-30-2022","07-01-2022",
"Spotfire Web Player","7.8.0","Retired","06-30-2019",,
"TIBCO Cloud API Management - Local Edition","4.0.0","Retired","12-31-2019",,
"Spotfire Consumer","11.2.0","Retired","04-30-2022",,
"TIBCO API Exchange Gateway Distribution for TIBCO Silver Fabric","2.3.0","Retired","12-31-2022","09-19-2024",
"TIBCO Data Streams","10.6.0","Retired","06-30-2025","11-03-2023",
"TIBCO Nimbus Cloud Service","10.0.0.654","Retired","11-30-2022","12-01-2022",
"Spotfire Consumer","10.10.3","Retired","07-31-2023","08-01-2023",
"Spotfire Consumer","10.3.4","Retired","06-30-2022","07-01-2022",
"TIBCO LiveView Web","1.6.0","Retired","06-30-2025","12-12-2023",
"TIBCO JasperReports","6.3.0","Retired","06-28-2019","05-18-2022",
"Spotfire Consumer","10.3.3","Retired","06-30-2022","07-01-2022",
"TIBCO JasperReports Server","6.3.0","Retired","06-28-2019",,
"Spotfire Consumer","10.3.2","Retired","06-30-2022","07-01-2022",
"TIBCO Streaming","10.6.0","Retired","06-30-2025","11-03-2023",
"TIBCO Jaspersoft Studio","6.3.0","Retired","06-28-2019","05-18-2022",
"Spotfire Consumer","10.3.1","Retired","06-30-2022","07-01-2022",
"TIBCO Cloud API Management - Local Edition","5.3.1","Retired","12-31-2022","07-21-2023",
"TIBCO ActiveSpaces","3.0.0","Retired","04-30-2020",,
"Spotfire Web Player","11.2.0","Retired","04-30-2022",,
"TIBCO Hawk","6.2.1","Retired","12-31-2025","06-01-2024",
"Spotfire Web Player","10.10.3","Retired","07-31-2023","08-01-2023",
"Spotfire Web Player","10.3.4","Retired","06-30-2022","07-01-2022",
"Spotfire Web Player","10.3.3","Retired","06-30-2022","07-01-2022",
"TIBCO Graph Database - Enterprise Edition","1.0.0","Retired","01-31-2024","06-21-2024",
"Spotfire Web Player","10.3.2","Retired","06-30-2022","07-01-2022",
"TIBCO BusinessWorks Container Edition","2.2.0","Retired","02-29-2020",,
"Spotfire Web Player","10.3.1","Retired","06-30-2022","07-01-2022",
"TIBCO Microflow Container Edition","1.2.0","Retired","04-30-2022",,
"TIBCO Streaming","10.0.0","Retired","12-31-2018",,
"Spotfire Enterprise Runtime for R - Server Edition","1.5.0","Retired","04-30-2022",,
"TIBCO ActiveMatrix BusinessWorks","6.3.4","Retired","02-29-2020","11-15-2025",
"Spotfire Service for Python","1.1.0","Retired","04-30-2022",,
"TIBCO LiveView Web","1.1.3","Retired","03-31-2018",,
"Spotfire Statistics Services","11.2.0","Retired","04-30-2022","11-15-2025",
"Spotfire Enterprise Runtime for R - Server Edition","1.3.1","Retired","07-31-2023","08-01-2023",
"TIBCO Hawk JMX Plug-in","5.2.0","Retired","10-31-2023","11-01-2023",
"Spotfire Service for Python","1.0.2","Retired","07-31-2023","08-01-2023",
"Spotfire Statistics Services","10.10.2","Retired","07-31-2023","08-01-2023",
"TIBCO Flogo","2.7.0","Retired","08-31-2022","09-01-2022",
"Spotfire Server","11.2.0","Retired","04-30-2022",,
"Spotfire Server","10.10.4","Retired","07-31-2023","08-01-2023",
"Spotfire Server","10.3.12","Retired","06-30-2022","07-01-2022",
"Spotfire Desktop","11.2.0","Retired","04-30-2022",,
"TIBCO Substation ES","2.13.0","Retired","12-31-2025","06-03-2024",
"Spotfire Desktop","10.10.3","Retired","07-31-2023","08-01-2023",
"Spotfire Automation Services","7.7.0","Retired","03-31-2019",,
"Spotfire Desktop","10.3.4","Retired","06-30-2022","07-01-2022",
"Spotfire Web Player","7.7.0","Retired","03-31-2019",,
"Spotfire Analyst","11.2.0","Retired","04-30-2022",,
"TIBCO InConcert","7.4.1","Retired","01-31-2022",,
"Spotfire Web Player","7.6.0","Retired","12-31-2018","05-18-2022",
"Spotfire Analyst","10.10.3","Retired","07-31-2023","08-01-2023",
"Spotfire Analyst","10.3.4","Retired","06-30-2022","07-01-2022",
"Spotfire Desktop","7.7.0","Retired","03-31-2019",,
"TIBCO LogLogic Compliance Suite - Sarbanes-Oxley Edition","3.8.0","Retired","12-23-2023","01-12-2024",
"TIBCO ActiveMatrix BusinessWorks Plug-in for Apache Kafka","6.2.0","Retired","10-31-2025","03-04-2024",
"TIBCO LogLogic Compliance Suite - PCI Edition","3.8.0","Retired","12-23-2023","01-12-2024",
"TIBCO ComputeDB","1.1.1","Retired","06-04-2024","06-05-2024",
"TIBCO LogLogic Compliance Suite - NERC Edition","3.8.0","Retired","12-23-2023","01-12-2024",
"TIBCO LogLogic Compliance Suite - ITIL Edition","3.8.0","Retired","12-23-2023","01-12-2024",
"TIBCO LogLogic Compliance Suite - ISO Edition","3.8.0","Retired","12-23-2023","01-12-2024",
"TIBCO LogLogic Compliance Suite - HIPAA Edition","3.8.0","Retired","12-23-2023","01-12-2024",
"TIBCO Enterprise Message Service","8.6.0","Retired","12-31-2024","05-02-2024",
"TIBCO LogLogic Compliance Suite - FISMA Edition","3.8.0","Retired","12-23-2023","01-12-2024",
"TIBCO Rendezvous","8.5.2","Retired","06-30-2023","11-16-2023",
"TIBCO LiveView Desktop","2.1.6","Retired","12-31-2018",,
"TIBCO BusinessEvents Enterprise Edition","5.6.0","Retired","12-31-2022","01-01-2023",
"TIBCO Foresight EDISIM","6.16.0","Retired","09-30-2019","08-03-2022",
"Spotfire Qualification","7.7.0","Retired","03-31-2019",,
"Spotfire Server","7.11.6","Retired","07-31-2021",,
"TIBCO MDM","9.0.1","Retired","12-31-2020","05-17-2023",
"Spotfire Analyst","7.7.0","Retired","03-31-2019",,
"Spotfire Data Science Team Studio","6.5.0","Retired","06-30-2022","08-05-2022",
"TIBCO Cloud API Management - Local Edition","5.2.0","Retired","11-30-2021",,
"TIBCO Clarity - Enterprise Edition","3.0.0","Retired","07-31-2023","08-01-2023",
"TIBCO ActiveMatrix BusinessWorks Plug-in for Oracle Tuxedo","6.1.0","Retired","10-31-2025","06-24-2024",
"TIBCO Messaging Castle - Powered by Apache Kafka","2.3.0","Retired","02-28-2021",,
"TIBCO ActiveMatrix BusinessWorks Plug-in for SWIFT","6.5.0","Retired","04-30-2024","05-01-2024",
"TIBCO FTL","6.2.0","Retired","10-31-2021","11-15-2025",
"TIBCO eFTL","6.2.0","Retired","10-31-2021",,
"TIBCO ActiveSpaces","2.2.1","Retired","04-30-2020",,
"TIBCO LogLogic Unity","2.5.0","Retired","09-30-2020",,
"TIBCO ActiveSpaces Enterprise Edition for z/Linux","2.2.1","Retired","04-30-2020",,
"TIBCO ActiveSpaces Enterprise Edition for z/Linux","2.2.0","Retired","04-30-2020",,
"TIBCO ActiveMatrix Lifecycle Governance Registry Foundation","10.1.0","Retired","04-30-2019",,
"TIBCO Microflow Container Edition","1.0.0","Retired","04-30-2022",,
"TIBCO OpenSpirit Data Connector for KINGDOM","2.2.0","Retired","09-01-2025","08-02-2024",
"TIBCO Mainframe RED","2.3.0","Retired","09-30-2022","10-01-2022",
"TIBCO ActiveMatrix BusinessWorks Plug-in for Marketo","7.1.0","Retired","10-31-2025","03-05-2024",
"TIBCO OpenSpirit Connect Sub-Surface Viewer","1.0.1","Retired","07-31-2021",,
"TIBCO OpenSpirit Scan Utility","2016.0.0","Retired","09-01-2025","08-02-2024",
"TIBCO OpenSpirit Data Connector for Studio","3.4.1","Retired","09-01-2025","08-02-2024",
"TIBCO ActiveMatrix BusinessWorks Plug-in for SAP Solutions","8.1.0","Retired","10-30-2020",,
"TIBCO ActiveSpaces Transactions","2.5.5","Retired","06-30-2020",,
"TIBCO eFTL","3.0.0","Retired","01-31-2020","11-15-2025",
"Spotfire Enterprise Runtime for R","4.1.1","Retired","12-31-2018","05-18-2022",
"TIBCO ActiveMatrix BusinessWorks Plug-in for LDAP","7.1.0","Retired","12-31-2019",,
"Spotfire Developer","7.6.0","Retired","12-31-2018",,
"TIBCO Substation ES","2.10.0","Retired","03-31-2021",,
"Spotfire Automation Services","7.6.0","Retired","12-31-2018",,
"Spotfire Qualification","7.6.0","Retired","12-31-2018",,
"Spotfire Analyst","7.6.0","Retired","12-31-2018","05-18-2022",
"Spotfire Desktop","7.6.0","Retired","12-31-2018",,
"TIBCO LiveView Web","1.1.0","Retired","03-31-2018",,
"TIBCO Business Studio - BPM Edition","4.1.0","Retired","01-31-2021","11-15-2025",
"TIBCO ActiveMatrix BusinessWorks Plug-in for Twitter","6.1.0","Retired","10-30-2020","11-15-2025",
"TIBCO Patterns","5.3.0","Retired","12-01-2020","03-20-2023",
"TIBCO Data Quality and TIBCO Data Discovery","3.0.0","Retired","12-30-2023","12-31-2023",
"TIBCO LogLogic Unity","2.6.0","Retired","09-30-2020",,
"TIBCO Rendezvous Network Server","1.1.2","Retired","09-30-2021",,
"TIBCO JasperReports Library for ActiveMatrix BPM","6.2.0","Retired","07-31-2020","07-15-2024",
"TIBCO Streaming","7.5.6","Retired","12-31-2016",,
"TIBCO Jaspersoft Studio for ActiveMatrix BPM","6.2.0","Retired","07-31-2020","07-15-2024",
"TIBCO JasperReports Server for ActiveMatrix BPM","6.2.0","Retired","07-31-2020","07-15-2024",
"TIBCO Live Datamart","2.0.6","Retired","12-31-2016",,
"Spotfire Enterprise Runtime for R","4.1.0","Retired","12-31-2018","05-18-2022",
"TIBCO ActiveMatrix BusinessWorks Plug-in for BusinessConnect","6.1.0","Retired","12-31-2022","01-01-2023",
"TIBCO Clarity - Enterprise Edition","2.4.0","Retired","07-31-2023","08-01-2023",
"TIBCO OpenSpirit Data Connector for PPDM","2.1.1","Retired","09-01-2025","08-02-2024",
"tibbr","7.0.0","Retired","12-10-2022","12-11-2022",
"TIBCO Managed File Transfer Platform Server for Windows","7.2.0","Retired","10-31-2025","10-07-2024",
"TIBCO ActiveMatrix BusinessWorks Plug-in for SWIFT","5.15.0","Retired","02-28-2019",,
"TIBCO Live Datamart","2.1.4","Retired","05-31-2019",,
"TIBCO ActiveMatrix BusinessWorks Plug-in for Marketo","7.2.0","Retired","10-31-2025","03-05-2024",
"TIBCO ActiveMatrix BusinessWorks Plug-in for Data Conversion","4.5.0","Retired","10-31-2022","11-01-2022",
"TIBCO ActiveMatrix BusinessWorks Plug-in for Facebook","6.1.0","Retired","01-31-2019",,
"TIBCO LiveView Web","1.0.2","Retired","10-31-2017",,
"TIBCO FTL Message Switch","5.0.0","Retired","09-30-2021",,
"TIBCO Fulfillment Order Management","3.0.2","Retired","08-31-2020","11-15-2025",
"TIBCO LogLogic Management Center","2.1.1","Retired","12-23-2023","01-12-2024",
"TIBCO Fulfillment Catalog","3.0.2","Retired","10-31-2020","11-15-2025",
"TIBCO ActiveMatrix BusinessWorks Plug-in for IBM MQ","8.5.0","Retired","10-31-2022","11-01-2022",
"TIBCO Product and Service Inventory","1.0.0","Retired","12-31-2023","01-01-2024",
"TIBCO ActiveMatrix BusinessWorks Plug-in for AMQP","6.0.0","Retired","10-31-2025","03-04-2024",
"TIBCO Microflow Container Edition","1.1.0","Retired","04-30-2022",,
"TIBCO OpenSpirit Adapter for Petrel","25.0.0","Retired","09-01-2025","08-02-2024",
"TIBCO BPM Enterprise Distribution for TIBCO Silver Fabric","4.1.0","Retired","07-31-2020","07-15-2024",
"TIBCO ActiveMatrix BusinessWorks Plug-in for SWIFT","6.1.0","Retired","08-31-2018",,
"TIBCO Foresight Translator Healthcare Edition for z/Linux","3.6.0","Retired","09-30-2019",,
"TIBCO Enterprise Message Service for zLinux","8.3.0","Retired","02-28-2020",,
"TIBCO ActiveMatrix BusinessWorks Plug-in for sFTP","6.1.1","Retired","01-31-2022","11-19-2022",
"TIBCO ActiveMatrix BusinessWorks Plug-in for SWIFT","6.2.0","Retired","10-30-2020",,
"TIBCO EMS Client for z/OS (MVS)","8.3.0","Retired","02-28-2020",,
"TIBCO ActiveMatrix BusinessWorks Plug-in for SAP Solutions","8.1.1","Retired","12-31-2019","10-21-2022",
"TIBCO OpenSpirit Scan for Studio Find","5.0.0","Retired","09-01-2025","08-02-2024",
"TIBCO LogLogic Unity","2.1.0","Retired","09-30-2020",,
"TIBCO ActiveMatrix BusinessWorks","6.3.3","Retired","02-29-2020","11-15-2025",
"TIBCO LiveView Web","1.0.1","Retired","10-31-2017",,
"TIBCO Database Drivers Supplement","2.0.5","Retired","12-31-2025","10-07-2024",
"TIBCO ActiveMatrix BusinessWorks Plug-in for OpenSpirit","1.5.0","Retired","09-01-2025","08-02-2024",
"TIBCO ActiveMatrix BusinessWorks Plug-in for IBM i","6.2.0","Retired","10-31-2022","02-27-2023",
"TIBCO LogLogic Log Management Intelligence","5.7.0","Retired","04-15-2023","04-16-2023",
"TIBCO LogLogic Enterprise Virtual Appliance","5.7.0","Retired","04-15-2023","04-16-2023",
"Spotfire Enterprise Runtime for R","4.2.0","Retired","03-31-2019",,
"TIBCO Live Datamart","2.1.5","Retired","05-31-2019",,
"TIBCO Spotfire Advanced Data Services","7.0.2","Retired","08-08-2017",,
"TIBCO LogLogic Unity","2.4.0","Retired","09-30-2020",,
"TIBCO Live Datamart","2.1.3","Retired","05-31-2019",,
"TIBCO LiveView Web","1.0.3","Retired","10-31-2017",,
"TIBCO FTL","5.0.0","Retired","01-31-2020",,
"TIBCO ActiveMatrix BusinessWorks Plug-in Development Kit","6.1.2","Retired","10-31-2025","03-07-2024",
"TIBCO OpenSpirit Data Connector for Epos","2.3.0","Retired","09-01-2025","08-02-2024",
"TIBCO LiveView Web","1.1.2","Retired","03-31-2018",,
"TIBCO LiveView Web","1.1.1","Retired","03-31-2018",,
"TIBCO Managed File Transfer Internet Server","8.0.1","Retired","10-31-2020",,
"TIBCO Managed File Transfer Internet Server","7.3.1","Retired","04-30-2019",,
"TIBCO Managed File Transfer Internet Server","7.2.6","Retired","04-30-2018",,
"TIBCO Managed File Transfer Internet Server","8.0.0","Retired","10-31-2020",,
"TIBCO Managed File Transfer Command Center","8.0.1","Retired","10-31-2020",,
"TIBCO Managed File Transfer Command Center","7.3.1","Retired","04-30-2019",,
"TIBCO Managed File Transfer Command Center","7.2.6","Retired","04-30-2018",,
"TIBCO Managed File Transfer Command Center","8.0.0","Retired","10-31-2020",,
"TIBCO Enterprise RTView","6.8.0","Retired","09-01-2025","08-06-2024",
"Spotfire Analyst","7.9.1","Retired","09-30-2019",,
"Spotfire Qualification","7.10.1","Retired","12-31-2019",,
"Spotfire Qualification","7.9.1","Retired","09-30-2019",,
"TIBCO BusinessConnect Plug-in for SSH Server","1.0.1","Retired","12-31-2022","01-01-2023",
"TIBCO ActiveMatrix BusinessWorks Plug-in for BusinessConnect","6.1.1","Retired","12-31-2022","01-01-2023",
"TIBCO Collaborative Information Manager","6.0.1","Retired","10-15-2009",,
"TIBCO ObjectStar Integration Foundation","4.0.3","Retired","04-15-2010","06-03-2022",
"TIBCO ActiveMatrix BusinessWorks Plug-in for Database","3.2.0","Retired","04-03-2005",,
"TIBCO ActiveMatrix Adapter for Lotus Notes","5.0.1","Retired","03-31-2011",,
"TIBCO PartnerExpress","1.1.1","Retired","12-31-2012","05-24-2022",
"TIBCO PartnerExpress","1.1.0","Retired","12-31-2012","05-24-2022",
"TIBCO ActiveMatrix BusinessWorks","1.1.0","Retired","04-30-2007",,
"TIBCO Rendezvous","6.3.0","Retired","10-30-2010",,
"TIBCO Rendezvous","5.2.0","Retired","10-30-2010",,
"Spotfire Web Player","3.3.1","Retired","11-01-2013",,
"TIBCO ActiveMatrix Service Bus","2.1.1","Retired","03-31-2016","08-02-2024",
"TIBCO ActiveMatrix Service Bus","2.0.3","Retired","09-09-2011","08-02-2024",
"Spotfire Attivio AIE","1.0.0","Retired","11-29-2019",,
"TIBCO OpenSpirit Connect","1.2.0","Retired","09-01-2025","08-02-2024",
"TIBCO OpenSpirit Connect","1.1.0","Retired","09-01-2025","08-02-2024",
"TIBCO OpenSpirit Runtime","3.1.0","Retired","09-01-2025","08-02-2024",
"TIBCO OpenSpirit Runtime","3.0.x","Retired","09-01-2025","08-02-2024",
"TIBCO OpenSpirit Runtime","2.9.x","Retired","09-01-2025","08-02-2024",
"TIBCO BusinessConnect","5.8.0","Retired","04-30-2015",,
"TIBCO BusinessConnect","5.4.0","Retired","10-31-2010",,
"TIBCO ActiveMatrix BusinessWorks Plug-in for SmartMapper","2.0.1","Retired","07-31-2010",,
"TIBCO BusinessConnect","2.5.2","Retired","01-31-2012",,
"TIBCO BusinessConnect","2.5.1","Retired","01-31-2012",,
"TIBCO BusinessConnect","2.5.0","Retired","01-31-2012",,
"TIBCO BusinessConnect","2.1.3","Retired","01-31-2012",,
"TIBCO BusinessConnect","2.1.2","Retired","01-31-2012",,
"TIBCO BusinessConnect","2.1.0","Retired","01-31-2012",,
"TIBCO BusinessConnect","2.0.0","Retired","01-31-2012",,
"TIBCO BusinessConnect","1.1.0","Retired","01-31-2012",,
"TIBCO BusinessConnect","1.0.0","Retired","01-31-2012",,
"TIBCO ActiveMatrix BusinessWorks Plug-in for SAP Solutions","5.4.1","Retired","04-30-2013",,
"TIBCO ActiveMatrix BusinessWorks Plug-in for SAP Solutions","5.2.1","Retired","03-31-2011",,
"TIBCO ActiveMatrix BusinessWorks Plug-in for SAP Solutions","5.2.0","Retired","03-31-2011",,
"TIBCO ActiveMatrix BusinessWorks Plug-in for SAP Solutions","5.1.1","Retired","03-31-2011",,
"TIBCO ActiveMatrix BusinessWorks Plug-in for SAP Solutions","5.0.1","Retired","03-31-2011",,
"TIBCO InConcert","4.5.5","Retired","06-30-2008",,
"TIBCO InConcert","4.5.0","Retired","06-30-2008",,
"TIBCO InConcert","4.0.0","Retired","06-30-2008",,
"TIBCO Adapter for CORBA","3.0.0","Retired","04-30-2007",,
"TIBCO Adapter for CORBA","1.0.0","Retired","04-30-2007",,
"TIBCO InConcert","5.1.5","Retired","06-30-2008",,
"TIBCO InConcert","5.1.1","Retired","06-30-2008",,
"TIBCO InConcert","5.1.0","Retired","06-30-2008",,
"TIBCO BusinessEvents Enterprise Edition","5.1.3","Retired","03-01-2018",,
"TIBCO InConcert","5.0.0","Retired","06-30-2008",,
"TIBCO InConcert","4.6.0","Retired","06-30-2008",,
"TIBCO IntegrationManager","5.0.0","Retired","03-10-2008",,
"TIBCO IntegrationManager","1.2.0","Retired","04-30-2007",,
"TIBCO IntegrationManager","1.1.0","Retired","04-30-2007",,
"TIBCO IntegrationManager","4.0.1","Retired","04-30-2007",,
"TIBCO IntegrationManager","4.0.0","Retired","04-30-2007",,
"TIBCO ActiveMatrix BusinessWorks Plug-in for Siebel","6.0.0","Retired","03-31-2018",,
"TIBCO IntegrationManager","3.5.0","Retired","04-30-2007",,
"TIBCO ActiveMatrix BusinessWorks Plug-in for Siebel","5.3.1","Retired","10-31-2014",,
"TIBCO ActiveMatrix BusinessWorks Plug-in for Siebel","5.3.0","Retired","10-31-2014",,
"TIBCO ActiveMatrix BusinessWorks Plug-in for Siebel","5.1.0","Retired","03-31-2011",,
"TIBCO ActiveMatrix BusinessWorks Plug-in for Siebel","5.0.1","Retired","03-31-2011",,
"TIBCO ActiveMatrix Adapter for Amdocs CRM","5.4.0","Retired","01-31-2016",,
"TIBCO PortalBuilder","4.0.0","Retired","12-31-2014","06-03-2022",
"TIBCO PortalBuilder","3.0.1","Retired","12-31-2014","06-03-2022",
"TIBCO PortalBuilder","3.0.0","Retired","12-31-2014","06-03-2022",
"TIBCO PortalBuilder","2.0.0","Retired","12-31-2014","06-03-2022",
"TIBCO iProcess Engine (SQL)","11.4.0","Retired","12-31-2018",,
"TIBCO ActiveMatrix Adapter for Lotus Notes","4.1.1","Retired","04-30-2007",,
"TIBCO ActiveMatrix Adapter for Lotus Notes","4.1.0","Retired","04-30-2007",,
"TIBCO ActiveMatrix Adapter for Lotus Notes","3.0.0","Retired","04-03-2005",,
"TIBCO PortalPack for Jive Forums","1.0.3","Retired","12-31-2014","06-03-2022",
"TIBCO PortalPack for Jive Forums","1.0.2","Retired","12-31-2014","06-03-2022",
"TIBCO PortalPack for Jive Forums","1.0.1","Retired","12-31-2014","06-03-2022",
"TIBCO PortalPack for Jive Forums","1.0.0","Retired","12-31-2014","06-03-2022",
"TIBCO ActiveMatrix BusinessWorks Plug-in for Database","7.1.0","Retired","12-31-2018",,
"TIBCO iProcess Engine (Oracle)","11.4.1","Retired","12-31-2018","11-15-2025",
"TIBCO Messaging Appliance P-7500","8.3.0","Retired","03-18-2018",,
"TIBCO ActiveMatrix BusinessWorks Plug-in for Database","5.0.0","Retired","09-15-2005",,
"TIBCO ActiveMatrix BusinessWorks Plug-in for Database","4.0.2","Retired","04-30-2007",,
"TIBCO ActiveMatrix BusinessWorks Plug-in for Database","4.0.1","Retired","04-30-2007",,
"TIBCO ActiveMatrix BusinessWorks Plug-in for Database","4.0.0","Retired","04-30-2007",,
"TIBCO ActiveMatrix BusinessWorks Plug-in for Database","3.3.1","Retired","04-03-2005",,
"TIBCO ActiveMatrix BusinessWorks Plug-in for Database","3.3.0","Retired","04-03-2005",,
"TIBCO ActiveMatrix BusinessWorks Plug-in for Database","3.1.1","Retired","04-03-2005",,
"TIBCO ActiveMatrix BusinessWorks Plug-in for Database","3.1.0","Retired","04-03-2005",,
"TIBCO ActiveMatrix BusinessWorks Plug-in for Database","3.0.5","Retired","04-03-2005",,
"TIBCO Vault","1.0.3","Retired","10-31-2023","11-01-2023",
"TIBCO ActiveMatrix BusinessWorks Plug-in for Database","3.0.0","Retired","04-03-2005",,
"TIBCO Vault","1.0.2","Retired","10-31-2023","11-01-2023",
"TIBCO ActiveMatrix BusinessWorks Plug-in for Database","1.2.0","Retired","04-03-2005",,
"TIBCO ActiveMatrix BusinessWorks Plug-in for Database","1.1.0","Retired","04-03-2005",,
"TIBCO Rendezvous","5.0.0","Retired","10-30-2010",,
"TIBCO Rendezvous","4.9.0","Retired","11-30-2016",,
"TIBCO Rendezvous","4.2.0","Retired","10-30-2010",,
"TIBCO Web Messaging for TIBCO Enterprise Message Service","3.5.4","Retired","03-21-2021",,
"TIBCO Web Messaging for TIBCO Enterprise Message Service","3.5.12","Retired","03-21-2021",,
"TIBCO Rendezvous","7.3.0","Retired","10-30-2010",,
"TIBCO Web Messaging for TIBCO Enterprise Message Service","3.5.10","Retired","03-21-2021",,
"TIBCO Rendezvous","7.2.0","Retired","10-30-2010",,
"TIBCO Foresight Studio","8.2.0 HF4","Retired","09-30-2019",,
"TIBCO Web Messaging for TIBCO Enterprise Message Service","3.4.2","Retired","03-21-2021",,
"TIBCO Rendezvous","7.1.0","Retired","10-30-2010",,
"TIBCO Foresight Studio","8.2.0 HF3","Retired","09-30-2019",,
"TIBCO ActiveMatrix BusinessWorks Plug-in for PeopleSoft","5.3.0","Retired","10-31-2014",,
"TIBCO Web Messaging for TIBCO Enterprise Message Service","3.2.0","Retired","03-21-2021",,
"TIBCO Rendezvous","7.0.0","Retired","10-30-2010",,
"TIBCO Foresight Studio","8.2.0 HF2","Retired","09-30-2019",,
"TIBCO Foresight Studio","8.2.0 HF1","Retired","09-30-2019",,
"TIBCO Rendezvous","6.9.0","Retired","10-30-2010",,
"TIBCO Rendezvous","6.8.0","Retired","10-30-2010",,
"TIBCO Rendezvous","6.6.0","Retired","10-30-2010",,
"TIBCO ActiveMatrix BusinessWorks Plug-in for PeopleSoft","5.2.0","Retired","03-31-2011",,
"TIBCO Rendezvous","6.5.0","Retired","10-30-2010",,
"TIBCO LogLogic Universal Collector","2.0.0","Retired","12-01-2017",,
"TIBCO Rendezvous","6.4.0","Retired","10-30-2010",,
"TIBCO Rendezvous","6.2.0","Retired","10-30-2010",,
"TIBCO ActiveMatrix BusinessWorks Plug-in for PeopleSoft","5.1.3","Retired","03-31-2011",,
"TIBCO Rendezvous","6.1.0","Retired","10-30-2010",,
"TIBCO ActiveMatrix BusinessWorks Plug-in for PeopleSoft","5.1.0","Retired","03-31-2011",,
"TIBCO Rendezvous","6.0.0","Retired","10-30-2010",,
"TIBCO ActiveMatrix BusinessWorks Plug-in for PeopleSoft","5.0.1","Retired","03-31-2011",,
"TIBCO ActiveSpaces","2.1.2","Retired","01-31-2019",,
"TIBCO Rendezvous","5.3.3","Retired","12-31-2013",,
"TIBCO Rendezvous","5.3.1","Retired","12-31-2013",,
"TIBCO Matching Engine - Standard Edition","4.4.3","Retired","01-31-2019",,
"TIBCO Rendezvous","5.3.0","Retired","10-30-2010",,
"TIBCO Matching Engine - Standard Edition","4.4.2","Retired","01-31-2019",,
"TIBCO Rendezvous","5.1.0","Retired","10-30-2010",,
"TIBCO Matching Engine - Standard Edition","4.3.4","Retired","01-31-2019",,
"TIBCO Rendezvous","5.0.2","Retired","03-31-2016",,
"TIBCO Adapter SDK","5.4.1","Retired","10-31-2014",,
"TIBCO Adapter SDK","3.2.0","Retired","09-15-2005",,
"TIBCO Adapter SDK","5.0.7","Retired","09-30-2011",,
"TIBCO Adapter SDK","3.0.2","Retired","09-15-2005",,
"TIBCO Adapter SDK","5.0.6","Retired","09-30-2011",,
"TIBCO Adapter SDK","3.0.1","Retired","09-15-2005",,
"TIBCO Adapter SDK","5.0.0","Retired","09-30-2011",,
"TIBCO Adapter SDK","3.0.0","Retired","09-15-2005",,
"TIBCO Adapter SDK","2.3.7","Retired","09-15-2005",,
"TIBCO Adapter SDK","2.3.6","Retired","09-15-2005",,
"TIBCO Adapter SDK","2.3.5","Retired","09-15-2005",,
"TIBCO Adapter SDK","3.5.0","Retired","09-15-2005",,
"TIBCO Adapter SDK","2.3.4","Retired","09-15-2005",,
"TIBCO Matching Platform","4.3","Retired","01-31-2019",,
"TIBCO Adapter SDK","3.3.2","Retired","09-15-2005",,
"TIBCO Adapter SDK","2.3.2","Retired","09-15-2005",,
"TIBCO Matching Platform","4.2","Retired","01-31-2019",,
"TIBCO Adapter SDK","3.3.1","Retired","09-15-2005",,
"TIBCO Adapter SDK","2.3.1","Retired","09-15-2005",,
"TIBCO Matching Platform","4.1","Retired","01-31-2019",,
"TIBCO Adapter SDK","3.3.0","Retired","09-15-2005",,
"TIBCO Adapter SDK","2.3.0","Retired","09-15-2005",,
"TIBCO Matching Platform","4.0.0","Retired","01-31-2019",,
"TIBCO Adapter SDK","3.2.4","Retired","09-15-2005",,
"TIBCO Adapter SDK","2.1.1","Retired","09-15-2005",,
"TIBCO Matching Platform","3.3","Retired","01-31-2019",,
"TIBCO Adapter SDK","3.2.3","Retired","09-15-2005",,
"TIBCO Adapter SDK","2.1.0","Retired","09-15-2005",,
"TIBCO Adapter SDK","3.2.2","Retired","09-15-2005",,
"TIBCO Adapter SDK","2.0.0","Retired","09-15-2005",,
"TIBCO Matching Engine","4.4","Retired","01-31-2019",,
"TIBCO Adapter SDK","3.2.1","Retired","09-15-2005",,
"TIBCO Adapter SDK","1.1.2","Retired","09-15-2005",,
"TIBCO Matching Engine","4.1","Retired","01-31-2019",,
"TIBCO Adapter SDK","1.1.0","Retired","09-15-2005",,
"TIBCO Adapter SDK","2.2.0","Retired","09-15-2005",,
"TIBCO ActiveMatrix Service Bus","2.2.1","Retired","03-31-2016","08-02-2024",
"TIBCO Hawk","4.7.1","Retired","04-30-2013",,
"TIBCO Hawk Database Adapter","1.0.0","Retired","07-31-2014",,
"TIBCO Hawk","4.0.4","Retired","03-15-2008",,
"TIBCO Hawk","4.0.2","Retired","03-15-2008",,
"TIBCO ActiveMatrix Lifecycle Governance Registry Foundation","6.64.1","Retired","04-30-2019",,
"TIBCO ActiveMatrix Lifecycle Governance Registry Foundation","6.64.0","Retired","04-30-2019",,
"TIBCO Hawk","4.0.1","Retired","03-15-2008",,
"TIBCO Hawk","4.0.0","Retired","03-15-2008",,
"TIBCO Hawk","3.2.0","Retired","03-15-2008",,
"TIBCO Hawk","3.1.1","Retired","03-15-2008",,
"TIBCO Hawk","3.1.0","Retired","03-15-2008",,
"TIBCO BusinessConnect RosettaNet Protocol","2.5.0","Retired","09-15-2007","06-07-2022",
"TIBCO BusinessConnect RosettaNet Protocol","2.0.2","Retired","09-15-2007","06-07-2022",
"TIBCO BusinessConnect RosettaNet Protocol","2.0.1","Retired","09-15-2007","06-07-2022",
"TIBCO BusinessConnect RosettaNet Protocol","2.0.0","Retired","09-15-2007","06-07-2022",
"TIBCO Slingshot","1.6.2","Retired","10-31-2023","11-01-2023",
"TIBCO PortalBuilder","3.1.0","Retired","12-31-2014","06-03-2022",
"TIBCO PortalBuilder","2.0.3","Retired","12-31-2014","06-03-2022",
"TIBCO PortalBuilder","2.0.2","Retired","12-31-2014","06-03-2022",
"TIBCO PortalBuilder","2.0.1","Retired","12-31-2014","06-03-2022",
"TIBCO PortalBuilder","1.0.3","Retired","12-31-2014","06-03-2022",
"TIBCO PortalBuilder","1.0.2","Retired","12-31-2014","06-03-2022",
"TIBCO BusinessConnect RosettaNet Protocol","1.2.0","Retired","09-15-2007","06-07-2022",
"TIBCO PortalBuilder","1.0.1","Retired","12-31-2014","06-03-2022",
"TIBCO BusinessConnect RosettaNet Protocol","1.1.2","Retired","09-15-2007","06-07-2022",
"TIBCO PortalBuilder","1.0.0","Retired","12-31-2014","06-03-2022",
"TIBCO BusinessConnect RosettaNet Protocol","1.1.1","Retired","09-15-2007","06-07-2022",
"TIBCO PortalBuilder","1.5","Retired","12-31-2014","06-03-2022",
"TIBCO BusinessConnect RosettaNet Protocol","1.1.0","Retired","09-15-2007","06-07-2022",
"TIBCO BusinessConnect RosettaNet Protocol","1.0.0","Retired","09-15-2007","06-07-2022",
"TIBCO iProcess Decisions Server Plug-in","10.3.0.01","Retired","05-31-2020",,
"Spotfire Web Player","7.5.0","Retired","06-30-2018","05-18-2022",
"TIBCO Adapter for Remedy","5.2.1","Retired","12-31-2018",,
"TIBCO ActiveSpaces Transactions","1.0.0","Retired","01-31-2019",,
"DataSynapse GridServer","6.2.0","Retired","12-31-2020",,
"DataSynapse GridServer","5.1.0","Retired","12-31-2020",,
"TIBCO KPSA - Mobile","3.5","Retired","12-31-2013","06-09-2022",
"DataSynapse GridServer","5.0.0","Retired","06-30-2017",,
"DataSynapse GridServer","5.0.3","Retired","06-30-2017",,
"TIBCO iProcess Objects (C++)","9.3(5.0)","Retired","04-01-2010",,
"DataSynapse GridServer","5.0.2","Retired","06-30-2017",,
"TIBCO iProcess Objects (C++)","9.3(1.0)","Retired","04-01-2010",,
"DataSynapse GridServer","5.0.1","Retired","06-30-2017",,
"TIBCO Business Studio iProcess Add-in","3.3.0.1","Retired","01-31-2015",,
"TIBCO iProcess Objects (C++)","9.1(0.0)","Retired","04-01-2010",,
"DataSynapse GridServer","4.2.0","Retired","06-30-2012",,
"TIBCO iProcess Objects (C++)","9.0(0.2)","Retired","04-01-2010",,
"TIBCO Process Engine (Oracle)","8.0-o(1.0)","Retired","10-31-2020",,
"TIBCO Process Engine (Oracle)","9.0-o(0.9)","Retired","10-31-2020",,
"TIBCO Process Engine (Oracle)","9.0-o(0.8)","Retired","10-31-2020",,
"TIBCO Process Engine (Oracle)","9.0-o(0.6)","Retired","10-31-2020",,
"TIBCO Process Engine (Oracle)","8.1-o(4.8)","Retired","10-31-2020",,
"TIBCO Process Engine (Oracle)","9.0-o(0.4.2)","Retired","10-31-2020",,
"TIBCO Process Engine (Oracle)","8.1-o(4.6)","Retired","10-31-2020",,
"TIBCO Process Engine (Oracle)","9.0-o(0.4.1)","Retired","10-31-2020",,
"TIBCO Process Engine (Oracle)","8.1-o(4.4)","Retired","10-31-2020",,
"TIBCO Process Engine (Oracle)","9.0-o(0.4)","Retired","10-31-2020",,
"TIBCO Process Engine (Oracle)","8.1-o(4.3)","Retired","10-31-2020",,
"TIBCO Process Engine (Oracle)","9.0-o(0.33)","Retired","10-31-2020",,
"TIBCO Process Engine (Oracle)","8.1-o(4.2)","Retired","10-31-2020",,
"TIBCO Process Engine (Oracle)","9.0-o(0.32)","Retired","10-31-2020",,
"TIBCO Process Engine (Oracle)","8.1-o(3.19)","Retired","10-31-2020",,
"TIBCO Process Engine (Oracle)","9.0-o(0.3.1)","Retired","10-31-2020",,
"TIBCO Process Engine (Oracle)","8.1-o(3.11.1)","Retired","10-31-2020",,
"TIBCO Process Engine (Oracle)","9.0-o(0.3)","Retired","10-31-2020",,
"TIBCO Process Engine (Oracle)","8.1-o(3.11)","Retired","10-31-2020",,
"TIBCO Process Engine (Oracle)","9.0-o(0.29)","Retired","10-31-2020",,
"TIBCO Process Engine (Oracle)","8.1-o(3.1.1)","Retired","10-31-2020",,
"TIBCO Process Engine (Oracle)","9.0-o(0.27.6)","Retired","10-31-2020",,
"TIBCO Process Engine (Oracle)","8.1-o(3.0)","Retired","10-31-2020",,
"TIBCO Process Engine (Oracle)","9.0-o(0.27.5)","Retired","10-31-2020",,
"TIBCO Process Engine (Oracle)","8.1-o(2.1)","Retired","10-31-2020",,
"TIBCO Process Engine (Oracle)","9.0-o(0.27.4)","Retired","10-31-2020",,
"TIBCO Process Engine (Oracle)","8.1-o(2.0.2)","Retired","10-31-2020",,
"TIBCO Process Engine (Oracle)","9.0-o(0.27.2)","Retired","10-31-2020",,
"TIBCO Process Engine (Oracle)","8.1-o(1.6)","Retired","10-31-2020",,
"TIBCO Process Engine (Oracle)","9.0-o(0.27)","Retired","10-31-2020",,
"TIBCO Process Engine (Oracle)","8.0-o(3.2)","Retired","10-31-2020",,
"TIBCO Process Engine (Oracle)","9.0-o(0.26)","Retired","10-31-2020",,
"TIBCO Process Engine (Oracle)","8.0-o(2.5)","Retired","10-31-2020",,
"TIBCO Process Engine (Oracle)","9.0-o(0.25)","Retired","10-31-2020",,
"TIBCO Process Engine (Oracle)","8.0-o(2.4)","Retired","10-31-2020",,
"TIBCO Process Engine (Oracle)","9.0-o(0.24)","Retired","10-31-2020",,
"TIBCO Process Engine (Oracle)","8.0-o(2.3)","Retired","10-31-2020",,
"TIBCO Process Engine (Oracle)","9.0-o(0.22)","Retired","10-31-2020",,
"TIBCO Process Engine (Oracle)","8.0-o(2.2)","Retired","10-31-2020",,
"TIBCO Process Engine (Oracle)","9.0-o(0.21)","Retired","10-31-2020",,
"TIBCO Process Engine (Oracle)","8.0-o(2.1)","Retired","10-31-2020",,
"TIBCO Process Engine (Oracle)","9.0-o(0.20)","Retired","10-31-2020",,
"TIBCO Process Engine (Oracle)","8.0-o(1.4)","Retired","10-31-2020",,
"TIBCO Process Engine (Oracle)","9.0-o(0.2)","Retired","10-31-2020",,
"TIBCO Process Engine (Oracle)","8.0-o(1.3)","Retired","10-31-2020",,
"TIBCO Process Engine (Oracle)","9.0-o(0.18)","Retired","10-31-2020",,
"TIBCO Process Engine (Oracle)","8.0-o(1.2)","Retired","10-31-2020",,
"TIBCO Process Engine (Oracle)","9.0-o(0.17)","Retired","10-31-2020",,
"TIBCO Process Engine (Oracle)","8.0-o(1.1)","Retired","10-31-2020",,
"TIBCO Process Engine (Oracle)","9.0-o(0.14)","Retired","10-31-2020",,
"TIBCO Process Engine (Oracle)","9.0-o(0.10)","Retired","10-31-2020",,
"TIBCO Process Engine (SQL)","9.0-x(1.3)","Retired","10-31-2020",,
"TIBCO Process Engine (SQL)","9.0-x(0.9)","Retired","10-31-2020",,
"TIBCO Process Engine (SQL)","9.0-x(0.7)","Retired","10-31-2020",,
"TIBCO Process Engine (SQL)","9.0-x(0.6)","Retired","10-31-2020",,
"TIBCO Process Engine (SQL)","8.1-x(4.1.8)","Retired","10-31-2020",,
"TIBCO Process Engine (SQL)","8.1-x(4.1.6.3)","Retired","10-31-2020",,
"TIBCO Process Engine (SQL)","8.1-x(4.1.6.2)","Retired","10-31-2020",,
"TIBCO Process Engine (SQL)","8.1-x(4.1.2)","Retired","10-31-2020",,
"TIBCO Process Engine (Classic)","8.1(3.4.2)","Retired","10-31-2020",,
"TIBCO Process Engine (SQL)","8.1-x(4.1.10)","Retired","10-31-2020",,
"TIBCO Process Engine (Classic)","8.1(3.29)","Retired","10-31-2020",,
"TIBCO Process Engine (SQL)","8.1-x(4.1.1)","Retired","10-31-2020",,
"TIBCO Process Engine (Classic)","8.1(3.2)","Retired","10-31-2020",,
"TIBCO Process Engine (SQL)","8.1-x(4.1)","Retired","10-31-2020",,
"TIBCO Process Engine (Classic)","8.1(3.19)","Retired","10-31-2020",,
"TIBCO Process Engine (SQL)","8.1-x(4.0)","Retired","10-31-2020",,
"TIBCO Process Engine (Classic)","8.1(3.15)","Retired","10-31-2020",,
"TIBCO Process Engine (SQL)","8.1-x(0.6)","Retired","10-31-2020",,
"TIBCO Process Engine (Classic)","8.1(3.13)","Retired","10-31-2020",,
"TIBCO Process Engine (SQL)","8.1-x(0.5)","Retired","10-31-2020",,
"TIBCO Process Engine (Classic)","8.1(2.0.1)","Retired","10-31-2020",,
"TIBCO Process Engine (SQL)","8.1-x(0.4)","Retired","10-31-2020",,
"TIBCO Process Engine (Classic)","8.1(1.8)","Retired","10-31-2020",,
"TIBCO Process Engine (SQL)","8.1-x(0.1)","Retired","10-31-2020",,
"TIBCO Process Engine (Classic)","8.1(1.4)","Retired","10-31-2020",,
"TIBCO Process Engine (SQL)","8.0-xp(2.6)","Retired","10-31-2020",,
"TIBCO Process Engine (Classic)","8.1(1.3)","Retired","10-31-2020",,
"TIBCO Process Engine (SQL)","8.0-xp(2.2)","Retired","10-31-2020",,
"TIBCO Spotfire Application Data Services for Web Services","6.1.0","Retired","08-01-2014",,
"TIBCO Process Engine (Classic)","8.1(1.2)","Retired","10-31-2020",,
"TIBCO Process Engine (SQL)","8.0-x(2.6)","Retired","10-31-2020",,
"TIBCO Spotfire Application Data Services for Web Services","6.0.0","Retired","08-01-2014",,
"TIBCO Process Engine (Classic)","8.1(1.0.3)","Retired","10-31-2020",,
"TIBCO Matching Engine","4.3","Retired","01-31-2019",,
"TIBCO Process Engine (SQL)","8.0-x(2.5)","Retired","10-31-2020",,
"TIBCO Spotfire Application Data Services for Web Services","1.0.0","Retired","08-01-2014",,
"TIBCO Process Engine (Classic)","8.1(1.0.1)","Retired","10-31-2020",,
"TIBCO Matching Engine","4.2","Retired","01-31-2019",,
"TIBCO Process Engine (SQL)","8.0-x(2.3)","Retired","10-31-2020",,
"TIBCO Spotfire Application Data Services for Oracle E-Business Suites","1.0.0","Retired","08-01-2014",,
"TIBCO Process Engine (Classic)","8.0J(0.4)","Retired","10-31-2020",,
"TIBCO Matching Engine","4.0.0","Retired","01-31-2019",,
"TIBCO Process Engine (SQL)","8.0-x(2.0)","Retired","10-31-2020",,
"TIBCO Process Engine (Classic)","8.0(2.4)","Retired","10-31-2020",,
"TIBCO Matching Engine","3.3","Retired","01-31-2019",,
"TIBCO Process Engine (SQL)","8.0-x(1.3)","Retired","10-31-2020",,
"TIBCO Process Engine (Classic)","8.0(2.3)","Retired","10-31-2020",,
"Spotfire Statistics Services","5.5.1","Retired","12-12-2015",,
"TIBCO Process Engine (SQL)","8.0-x(1.2)","Retired","10-31-2020",,
"TIBCO Process Engine (Classic)","8.0(2.1.4)","Retired","10-31-2020",,
"TIBCO Process Engine (SQL)","8.0-x(1.1)","Retired","10-31-2020",,
"TIBCO Process Engine (Classic)","8.0(2.1.1)","Retired","10-31-2020",,
"TIBCO Process Engine (Classic)","9.0(0.31)","Retired","10-31-2020",,
"TIBCO Process Engine (Classic)","8.0(2.1)","Retired","10-31-2020",,
"TIBCO Process Engine (Classic)","9.0(0.15)","Retired","10-31-2020",,
"TIBCO Process Engine (Classic)","8.0(1.8)","Retired","10-31-2020",,
"TIBCO Process Engine (Classic)","9.0(0.13)","Retired","10-31-2020",,
"TIBCO iProcess Workspace Lite","1.1.0","Retired","01-31-2015",,
"TIBCO Process Engine (Classic)","8.0(1.7)","Retired","10-31-2020",,
"TIBCO Process Engine (Classic)","9.0(0.12.1)","Retired","10-31-2020",,
"TIBCO Process Engine (Classic)","8.0(1.6)","Retired","10-31-2020",,
"TIBCO Process Engine (Classic)","8.1(3.9.7)","Retired","10-31-2020",,
"TIBCO Process Engine (Classic)","8.0(1.5)","Retired","10-31-2020",,
"TIBCO Process Engine (Classic)","8.1(3.9.4)","Retired","10-31-2020",,
"TIBCO Process Engine (Classic)","8.0(1.4.2)","Retired","10-31-2020",,
"TIBCO Process Engine (Classic)","8.1(3.9.3)","Retired","10-31-2020",,
"TIBCO Process Engine (Classic)","8.0(1.4.1)","Retired","10-31-2020",,
"TIBCO Process Engine (Classic)","8.1(3.9.1)","Retired","10-31-2020",,
"TIBCO Process Engine (Classic)","8.0(1.3.1)","Retired","10-31-2020",,
"TIBCO Process Engine (Classic)","8.1(3.8)","Retired","10-31-2020",,
"TIBCO Process Engine (Classic)","8.0(1.3)","Retired","10-31-2020",,
"TIBCO Process Engine (Classic)","8.0(1.2)","Retired","10-31-2020",,
"TIBCO Process Engine (Classic)","8.0(1.1)","Retired","10-31-2020",,
"TIBCO Process Engine (Classic)","8.0(1.0)","Retired","10-31-2020",,
"TIBCO Process Engine (Classic)","8.0(0.6)","Retired","10-31-2020",,
"TIBCO Process Engine (Classic)","8.0(0.5)","Retired","10-31-2020",,
"TIBCO Process Engine (Classic)","8.0(0.2.1)","Retired","10-31-2020",,
"TIBCO Process User Validation API","9.0(0.3)","Retired","10-31-2020",,
"TIBCO Process User Validation API","8.1(5.0.2)","Retired","10-31-2020",,
"TIBCO Process User Validation API","8.1(5.0.1)","Retired","10-31-2020",,
"TIBCO Process User Validation API","8.1(5.0)","Retired","10-31-2020",,
"TIBCO Process Modeler","9.0(1.0)","Retired","10-31-2020",,
"TIBCO Process Modeler","9.0(0.3)","Retired","10-31-2020",,
"TIBCO SmartPGM","4.1.x","Retired","09-30-2017",,
"TIBCO Process Modeler","9.0(0.18.2)","Retired","10-31-2020",,
"TIBCO SmartPGM","4.0.x","Retired","09-30-2017",,
"TIBCO Process Modeler","9.0(0.18.1)","Retired","10-31-2020",,
"TIBCO SmartPGM","3.2.x","Retired","09-30-2017",,
"TIBCO Process Modeler","9.0(0.15)","Retired","10-31-2020",,
"TIBCO SmartPGM","3.1.x","Retired","09-30-2017",,
"TIBCO Process Modeler","9.0(0.14)","Retired","10-31-2020",,
"TIBCO SmartPGM","3.1.9","Retired","09-30-2017",,
"TIBCO Process Modeler","8.1(4.1)","Retired","10-31-2020",,
"TIBCO SmartPGM","3.1.7","Retired","09-30-2017",,
"TIBCO Process Modeler","8.1(4.0)","Retired","10-31-2020",,
"TIBCO SmartPGM","3.1.6","Retired","09-30-2017",,
"TIBCO Process Modeler","8.1(0.8)","Retired","10-31-2020",,
"TIBCO SmartPGM","3.1.5","Retired","09-30-2017",,
"TIBCO Process Modeler","8.1(0.7)","Retired","10-31-2020",,
"TIBCO SmartPGM","3.1.4","Retired","09-30-2017",,
"TIBCO Process Modeler","8.1(0.2)","Retired","10-31-2020",,
"TIBCO SmartPGM","3.1.31","Retired","09-30-2017",,
"TIBCO Process Modeler","8.1(0.18)","Retired","10-31-2020",,
"TIBCO SmartPGM","3.1.30","Retired","09-30-2017",,
"TIBCO ActiveMatrix Lifecycle Governance Registry Foundation","10.0.0","Retired","04-30-2019",,
"TIBCO Process Modeler","8.1(0.16)","Retired","10-31-2020",,
"TIBCO SmartPGM","3.1.29","Retired","09-30-2017",,
"TIBCO ActiveMatrix Lifecycle Governance Registry Foundation","10","Retired","04-30-2019",,
"TIBCO Process Modeler","8.1(0.13)","Retired","10-31-2020",,
"TIBCO SmartPGM","3.1.28","Retired","09-30-2017",,
"TIBCO ActiveMatrix Lifecycle Governance Registry Foundation","6.64","Retired","04-30-2019",,
"TIBCO Process Modeler","8.1(0.12.2)","Retired","10-31-2020",,
"TIBCO SmartPGM","3.1.27","Retired","09-30-2017",,
"TIBCO ActiveMatrix Lifecycle Governance Framework","4.1.0","Retired","04-30-2019",,
"TIBCO Process Modeler","8.1(0.10.0)","Retired","10-31-2020",,
"TIBCO SmartPGM","3.1.26","Retired","09-30-2017",,
"TIBCO Process Modeler","8.1(0.1)","Retired","10-31-2020",,
"TIBCO SmartPGM","3.1.25","Retired","09-30-2017",,
"TIBCO Process Modeler","8.1(0.0)","Retired","10-31-2020",,
"TIBCO SmartPGM","3.1.24","Retired","09-30-2017",,
"TIBCO Process Modeler","8.0(0.3)","Retired","10-31-2020",,
"TIBCO SmartPGM","3.1.23","Retired","09-30-2017",,
"TIBCO Process Modeler","8.0(0.2)","Retired","10-31-2020",,
"TIBCO SmartPGM","3.1.22","Retired","09-30-2017",,
"TIBCO Process Modeler","8.0(0.11)","Retired","10-31-2020",,
"TIBCO SmartPGM","3.1.21","Retired","09-30-2017",,
"TIBCO Process Modeler","8.0(0.1)","Retired","10-31-2020",,
"TIBCO SmartPGM","3.1.20","Retired","09-30-2017",,
"TIBCO SmartPGM","3.1.19","Retired","09-30-2017",,
"TIBCO SmartPGM","3.1.18","Retired","09-30-2017",,
"TIBCO SmartPGM","3.1.17","Retired","09-30-2017",,
"TIBCO SmartPGM","3.1.16","Retired","09-30-2017",,
"TIBCO SmartPGM","3.1.15","Retired","09-30-2017",,
"TIBCO SmartPGM","3.1.14","Retired","09-30-2017",,
"Spotfire Web Player","6.0.4","Retired","06-12-2016","05-18-2022",
"TIBCO SmartPGM","3.1.13","Retired","09-30-2017",,
"Spotfire Web Player","2.0.3","Retired","07-21-2013",,
"TIBCO SmartPGM","3.1.12","Retired","09-30-2017",,
"Spotfire Web Player","2.0.2","Retired","07-21-2013",,
"TIBCO SmartPGM","3.1.11","Retired","09-30-2017",,
"Spotfire Web Player","2.0.1","Retired","07-21-2013",,
"TIBCO SmartPGM","3.1.10","Retired","09-30-2017",,
"Spotfire Web Player","2.0.0","Retired","07-21-2013",,
"TIBCO SmartPGM","3.1.1","Retired","09-30-2017",,
"TIBCO SmartPGM","2.0.2","Retired","09-30-2017",,
"Spotfire Developer","4.5.1","Retired","12-13-2014",,
"TIBCO SmartPGM","3.1.0","Retired","09-30-2017",,
"TIBCO SmartPGM","2.0.19","Retired","09-30-2017",,
"Spotfire Developer","4.0.3","Retired","06-12-2014",,
"TIBCO SmartPGM","3.0.x","Retired","09-30-2017",,
"TIBCO SmartPGM","2.0.18","Retired","09-30-2017",,
"Spotfire Developer","4.0.2","Retired","06-12-2014",,
"TIBCO SmartPGM","3.0.9","Retired","09-30-2017",,
"TIBCO SmartPGM","2.0.17","Retired","09-30-2017",,
"Spotfire Developer","2.0.3","Retired","07-21-2013",,
"TIBCO SmartPGM","3.0.8","Retired","09-30-2017",,
"TIBCO SmartPGM","2.0.16","Retired","09-30-2017",,
"Spotfire Developer","2.0.2","Retired","07-21-2013",,
"TIBCO SmartPGM","3.0.7","Retired","09-30-2017",,
"TIBCO SmartPGM","2.0.15","Retired","09-30-2017",,
"Spotfire Developer","2.0.1","Retired","07-21-2013",,
"TIBCO SmartPGM","3.0.6","Retired","09-30-2017",,
"TIBCO SmartPGM","2.0.14","Retired","09-30-2017",,
"Spotfire Developer","2.0.0","Retired","07-21-2013",,
"TIBCO SmartPGM","3.0.5","Retired","09-30-2017",,
"TIBCO SmartPGM","2.0.13","Retired","09-30-2017",,
"TIBCO SmartPGM","3.0.4","Retired","09-30-2017",,
"Spotfire Analyst","2.1.4","Retired","07-21-2013",,
"TIBCO SmartPGM","2.0.12","Retired","09-30-2017",,
"TIBCO SmartPGM","3.0.3","Retired","09-30-2017",,
"Spotfire Analyst","2.1.0","Retired","07-21-2013",,
"TIBCO SmartPGM","2.0.11","Retired","09-30-2017",,
"TIBCO SmartPGM","3.0.2","Retired","09-30-2017",,
"Spotfire Analyst","2.0.3","Retired","07-21-2013",,
"TIBCO SmartPGM","2.0.10","Retired","09-30-2017",,
"TIBCO SmartPGM","3.0.13","Retired","09-30-2017",,
"Spotfire Analyst","2.0.2","Retired","07-21-2013",,
"TIBCO SmartPGM","2.0.1","Retired","09-30-2017",,
"TIBCO SmartPGM","3.0.12","Retired","09-30-2017",,
"Spotfire Analyst","2.0.1","Retired","07-21-2013",,
"TIBCO SmartPGM","2.0.0","Retired","09-30-2017",,
"TIBCO SmartPGM","3.0.11","Retired","09-30-2017",,
"Spotfire Analyst","2.0.0","Retired","07-21-2013",,
"TIBCO SmartSockets Cache","1.1.0 CFIX 1","Retired","01-31-2018",,
"TIBCO SmartPGM","3.0.10","Retired","09-30-2017",,
"Spotfire Analyst","1.1.0","Retired","07-21-2013",,
"TIBCO SmartPGM","3.0.1","Retired","09-30-2017",,
"Spotfire Analyst","1.0.1","Retired","07-21-2013",,
"TIBCO SmartPGM","3.0.0","Retired","09-30-2017",,
"Spotfire Analyst","1.0.0","Retired","07-21-2013",,
"TIBCO SmartPGM","2.1.8","Retired","09-30-2017",,
"TIBCO SmartPGM","2.0.x","Retired","09-30-2017",,
"TIBCO SmartPGM","2.0.9","Retired","09-30-2017",,
"TIBCO SmartPGM","2.0.8","Retired","09-30-2017",,
"TIBCO SmartPGM","2.0.7","Retired","09-30-2017",,
"TIBCO SmartPGM","2.0.6","Retired","09-30-2017",,
"TIBCO SmartPGM","2.0.5","Retired","09-30-2017",,
"TIBCO SmartPGM","2.0.4","Retired","09-30-2017",,
"TIBCO SmartPGM","2.0.3","Retired","09-30-2017",,
"TIBCO SmartPGM","2.0.20","Retired","09-30-2017",,
"Spotfire Metrics (Mobile Apps)","6.0.0","Retired","08-01-2016",,
"TIBCO SmartSockets Cache","1.0.0","Retired","01-31-2018",,
"TIBCO Hawk","3.1.5","Retired","03-15-2008",,
"TIBCO iProcess Engine (SQL)","11.1.3","Retired","01-31-2015",,
"TIBCO Hawk","3.1.3","Retired","03-15-2008",,
"TIBCO iProcess Engine (SQL)","11.1.1.0","Retired","01-31-2015",,
"TIBCO Hawk","3.1.2","Retired","03-15-2008",,
"TIBCO ActiveMatrix Adapter for Websphere MQ","6.1.0","Retired","07-31-2015",,
"TIBCO ActiveMatrix Adapter for Websphere MQ","3.0.0","Retired","04-30-2007",,
"TIBCO iProcess Engine (Oracle)","11.1.3","Retired","01-31-2015",,
"TIBCO iProcess Engine (Oracle)","11.1.1.0","Retired","01-31-2015",,
"TIBCO ActiveMatrix Service Grid","3.1.1","Retired","10-31-2015",,
"TIBCO ActiveMatrix Service Grid","3.1.0","Retired","10-31-2015",,
"TIBCO Rendezvous","6.7.0","Retired","10-30-2010",,
"TIBCO IntegrationManager","2.2.1","Retired","04-30-2007",,
"TIBCO ActiveMatrix BusinessWorks Plug-in for Database","7.0.0","Retired","12-31-2018",,
"Spotfire Metrics (Mobile Apps)","6.5.1","Retired","08-01-2016",,
"TIBCO SmartSockets","6.8.1 CFIX 2","Retired","12-31-2020",,
"Spotfire Metrics (Mobile Apps)","6.5.0","Retired","08-01-2016",,
"TIBCO SmartSockets","6.8.1 CFIX 1","Retired","12-31-2020",,
"TIBCO SmartSockets","6.8.0 CFIX 4","Retired","12-31-2020",,
"TIBCO SmartSockets","6.8.0 CFIX 3","Retired","12-31-2020",,
"TIBCO iProcess Engine (DB2)","11.3.1","Retired","12-31-2016","02-19-2025",
"TIBCO SmartSockets","6.8.0 CFIX 2","Retired","12-31-2020",,
"TIBCO iProcess Engine (DB2)","11.3.0","Retired","12-31-2016",,
"TIBCO SmartSockets","6.8.0 CFIX 1","Retired","12-31-2020",,
"TIBCO iProcess Engine (Oracle)","11.3.1","Retired","12-31-2016",,
"TIBCO SmartSockets","6.7.0 CFIX 4","Retired","01-31-2013",,
"TIBCO SmartSockets","6.7.0 CFIX 3","Retired","01-31-2013",,
"TIBCO SmartSockets","6.7.0 CFIX 2","Retired","01-31-2013",,
"TIBCO SmartSockets","6.7.0 CFIX 1","Retired","01-31-2013",,
"TIBCO SmartSockets","6.6.1","Retired","01-31-2013",,
"TIBCO BPM Enterprise","4.1.0","Retired","01-31-2021",,
"TIBCO SmartSockets","6.6.0 CFIX 8","Retired","01-31-2013",,
"TIBCO SmartSockets","6.6.0 CFIX 7","Retired","01-31-2013",,
"TIBCO SmartSockets","6.6.0 CFIX 6","Retired","01-31-2013",,
"Spotfire Miner","8.1","Retired","02-08-2013",,
"TIBCO SmartSockets","6.6.0 CFIX 5","Retired","01-31-2013",,
"TIBCO SmartSockets","6.6.0 CFIX 4","Retired","01-31-2013",,
"TIBCO SmartSockets","6.6.0 CFIX 3","Retired","01-31-2013",,
"TIBCO SmartSockets","6.6.0 CFIX 2","Retired","01-31-2013",,
"TIBCO SmartSockets","6.6.0 CFIX 1","Retired","01-31-2013",,
"TIBCO SmartSockets","6.5.1 CFIX 6","Retired","01-31-2013",,
"TIBCO ActiveMatrix BusinessWorks Plug-in for IBM MQ for z/Linux","7.2.0","Retired","04-02-2016",,
"TIBCO SmartSockets","6.5.1 CFIX 5","Retired","01-31-2013",,
"TIBCO SmartSockets","6.5.1 CFIX 4","Retired","01-31-2013",,
"TIBCO SmartSockets","6.5.1 CFIX 3","Retired","01-31-2013",,
"TIBCO ActiveMatrix BusinessWorks Plug-in for LDAP","7.0.1","Retired","03-31-2018",,
"TIBCO SmartSockets","6.5.1 CFIX 2","Retired","01-31-2013",,
"TIBCO SmartSockets","6.5.1 CFIX 1","Retired","01-31-2013",,
"TIBCO ActiveSpaces Transactions","2.5.4","Retired","01-31-2019",,
"TIBCO SmartSockets","6.5.0-INACTIVE","Retired","01-31-2013",,
"TIBCO SmartSockets","6.1.2","Retired","01-31-2013",,
"TIBCO LiveView Desktop","2.1.4","Retired","12-31-2018",,
"TIBCO SmartSockets","6.1.1","Retired","01-31-2013",,
"TIBCO SmartSockets","6.0.2","Retired","01-31-2013",,
"TIBCO SmartSockets","6.0.1","Retired","01-31-2013",,
"TIBCO SmartSockets","5.x","Retired","01-31-2013",,
"TIBCO SmartSockets","5.5.4","Retired","01-31-2013",,
"TIBCO SmartSockets","5.5.3","Retired","01-31-2013",,
"TIBCO LogLogic Unity","2.3.0","Retired","09-30-2020",,
"TIBCO SmartSockets","5.5.2","Retired","01-31-2013",,
"TIBCO SmartSockets","5.5.1","Retired","01-31-2013",,
"TIBCO SmartSockets","5.2.0","Retired","01-31-2013",,
"TIBCO SmartSockets","5.1.0","Retired","01-31-2013",,
"TIBCO LogLogic Unity","1.1","Retired","09-30-2020",,
"TIBCO SmartSockets","5.0.0","Retired","01-31-2013",,
"Spotfire S+ Server","8.1","Retired","08-08-2013",,
"Spotfire Attivio AIE","4.3.0","Retired","11-29-2019",,
"TIBCO ActiveSpaces","2.0.1","Retired","01-31-2017",,
"TIBCO LogLogic Visual Analytics","1.0.0","Retired","12-23-2023","01-12-2024",
"TIBCO ActiveSpaces","1.1.1","Retired","03-31-2015",,
"TIBCO LogLogic Lasso Enterprise","2.1.1","Retired","09-30-2017",,
"TIBCO ActiveSpaces","1.0.1","Retired","03-31-2015",,
"TIBCO ActiveSpaces","1.0.0","Retired","03-31-2015",,
"TIBCO Enterprise Message Service","1.0.1","Retired","10-30-2010",,
"TIBCO Messaging Appliance P-7500","8.6.0","Retired","03-18-2018",,
"TIBCO Messaging Appliance P-7500","8.5.0","Retired","03-18-2018",,
"TIBCO Live Datamart","2.1","Retired","05-31-2019",,
"TIBCO Messaging Appliance P-7500","8.4.0","Retired","03-18-2018",,
"TIBCO Messaging Appliance P-7500","8.2.0","Retired","03-18-2018",,
"TIBCO Live Datamart","1.6","Retired","03-31-2016",,
"TIBCO Messaging Appliance P-7500","8.1.2","Retired","03-18-2018",,
"TIBCO Live Datamart","1.5","Retired","03-31-2016",,
"TIBCO Streaming","7.4.0","Retired","03-31-2016",,
"TIBCO Rendezvous for z/OS","8.2.2","Retired","11-30-2014",,
"TIBCO Streaming","7.3.0","Retired","03-31-2016",,
"TIBCO Rendezvous for z/OS","8.2.0","Retired","11-30-2014",,
"TIBCO Rendezvous for z/OS","8.1.2","Retired","11-30-2014",,
"TIBCO Rendezvous for z/OS","8.1.1","Retired","11-30-2014",,
"TIBCO Rendezvous for z/OS","8.1.0","Retired","11-30-2014",,
"TIBCO ActiveSpaces","2.1.6","Retired","01-31-2019",,
"TIBCO ActiveSpaces","2.1.5","Retired","01-31-2019",,
"TIBCO Nimbus Cloud Service","9.5.2.51","Retired","10-30-2019",,
"TIBCO ActiveSpaces","2.1.4","Retired","01-31-2019",,
"TIBCO ActiveSpaces","2.1.3","Retired","01-31-2019",,
"TIBCO ActiveSpaces","2.1.1","Retired","01-31-2019",,
"TIBCO ActiveSpaces","2.1.0","Retired","01-31-2019",,
"TIBCO ActiveSpaces","2.0.2","Retired","01-31-2017",,
"Spotfire Desktop","6.5.3","Retired","03-31-2017",,
"TIBCO ActiveMatrix BusinessWorks Plug-in for EDI Standard Edition","1.0.0","Retired","04-30-2015",,
"TIBCO ActiveMatrix BusinessWorks Plug-in for EDI Healthcare Edition","1.1.0","Retired","06-30-2016","05-24-2022",
"TIBCO ActiveMatrix BusinessWorks Plug-in for EDI Healthcare Edition","1.0.0","Retired","04-30-2015",,
"TIBCO LogLogic Log Management Intelligence","5.2.0","Retired","12-01-2017","05-18-2022",
"TIBCO iProcess Workspace (Browser)","11.2.0","Retired","01-31-2015",,
"TIBCO LogLogic Log Management Intelligence","5.1.0","Retired","12-01-2017","05-18-2022",
"TIBCO LogLogic Enterprise Virtual Appliance","5.2.0","Retired","12-01-2017","05-18-2022",
"TIBCO Enterprise Message Service Appliance","2.2.0","Retired","03-31-2018",,
"TIBCO LogLogic Enterprise Virtual Appliance","5.1.0","Retired","12-01-2017",,
"TIBCO Enterprise Message Service Appliance","1.0.1","Retired","03-31-2018",,
"TIBCO OpenSpirit Connect","1.3.0","Retired","09-01-2025","08-02-2024",
"TIBCO OpenSpirit Connect","1.0.0","Retired","09-01-2025","08-02-2024",
"TIBCO iProcess Workspace (Browser)","11.1.0","Retired","01-31-2015",,
"TIBCO Enterprise Message Service Appliance","2.3.0","Retired","03-31-2018",,
"TIBCO Enterprise Message Service Appliance","2.1.0","Retired","03-31-2018",,
"TIBCO Enterprise Message Service Appliance","2.0.0","Retired","03-31-2018",,
"TIBCO iProcess Workspace (Browser)","11.0.1","Retired","07-31-2012",,
"TIBCO Enterprise Message Service Appliance","1.0.2","Retired","03-31-2018",,
"TIBCO Clarity - Cloud Edition","1.0.0","Retired","12-31-2023","03-12-2024",
"TIBCO iProcess Workspace (Browser)","11.3.1","Retired","12-31-2016",,
"TIBCO OpenSpirit Scan for Studio","1.0.0","Retired","09-01-2025","08-02-2024",
"TIBCO iProcess Workspace (Browser)","11.0.0","Retired","07-31-2012",,
"TIBCO iProcess Workspace (Browser)","11.3.0","Retired","12-31-2016",,
"Spotfire Cloud Enterprise","1.0.0","Retired","01-15-2009","11-08-2023",
"TIBCO Foresight Studio","8.2.0 HF5","Retired","09-30-2019",,
"TIBCO Service Performance Manager","2.3.0","Retired","01-25-2021",,
"TIBCO ActiveMatrix BusinessWorks Service Engine","5.8.1","Retired","04-30-2015",,
"TIBCO ActiveMatrix BusinessWorks Plug-in for Salesforce.com","6.0.0","Retired","03-31-2018",,
"TIBCO ActiveMatrix BusinessWorks Plug-in for Salesforce.com","2.4.1","Retired","03-31-2018",,
"TIBCO Cloud Bus","1.2.3","Retired","12-31-2019",,
"TIBCO Cloud Bus","1.1.0","Retired","12-31-2019",,
"TIBCO iProcess Technology Plug-ins","11.1.0.0","Retired","01-31-2015",,
"TIBCO Cloud API Exchange","2.2.1","Retired","12-31-2019",,
"TIBCO Spotfire Advanced Data Services","6.2.6","Retired","01-31-2017",,
"TIBCO Spotfire Advanced Data Services","6.2.5","Retired","01-31-2017",,
"TIBCO Spotfire Advanced Data Services","6.2.3","Retired","01-31-2017",,
"TIBCO Cloud API Exchange","2.1.1","Retired","12-31-2019",,
"TIBCO Spotfire Advanced Data Services","5.5.1","Retired","12-12-2015",,
"TIBCO Cloud API Exchange","2.1.0","Retired","12-31-2019",,
"TIBCO Cloud API Exchange","2.0.0","Retired","02-28-2016",,
"TIBCO MDM","8.2.1","Retired","09-30-2016",,
"TIBCO Service Gateway for Files (Open Systems)","5.0.0 HF3","Retired","09-30-2013",,
"TIBCO Cloud API Exchange","1.0.0","Retired","02-28-2016",,
"TIBCO MDM","8.1.0","Retired","03-31-2015",,
"TIBCO Service Gateway for Files (Open Systems)","5.0.0 HF2","Retired","09-30-2013",,
"TIBCO Cloud API Exchange","2.2","Retired","12-31-2019",,
"TIBCO Service Gateway for Files (Open Systems)","5.0.0 HF1","Retired","09-30-2013",,
"Spotfire Cloud Enterprise","6.5.2","Retired","03-31-2017",,
"TIBCO EMS Client for z/OS (CICS)","8.2","Retired","04-30-2018",,
"Spotfire Cloud Enterprise","6.5.1","Retired","03-31-2017",,
"TIBCO EMS Client for z/OS (CICS)","8.0.0","Retired","04-30-2018",,
"Spotfire Cloud Enterprise","6.0.1","Retired","06-12-2016","05-18-2022",
"TIBCO EMS Client for i5/OS","8.2.0","Retired","04-30-2018",,
"TIBCO EMS Client for i5/OS","7.0.0","Retired","06-30-2017",,
"TIBCO Fulfillment Catalog","2.1.2","Retired","07-31-2017",,
"TIBCO Fulfillment Catalog","2.1.1","Retired","07-31-2017",,
"TIBCO ActiveMatrix BusinessWorks Plug-in for IBM MQ","8.4.0","Retired","10-31-2022","11-01-2022",
"TIBCO EMS Client for i5/OS","8.0.0","Retired","04-30-2018",,
"TIBCO ActiveMatrix BusinessWorks Plug-in for JD Edwards EnterpriseOne","3.2.0","Retired","07-31-2006",,
"TIBCO ActiveMatrix BusinessWorks Plug-in for JD Edwards EnterpriseOne","3.0.0","Retired","07-31-2006",,
"TIBCO OpenSpirit Developer Kit","3.0.0","Retired","09-01-2025","08-02-2024",
"TIBCO BusinessEvents Enterprise Edition","4.0.2","Retired","06-01-2018",,
"TIBCO BusinessEvents Enterprise Edition","5.2.1","Retired","05-01-2019",,
"TIBCO BusinessEvents Enterprise Edition","4.0.1","Retired","06-01-2018",,
"TIBCO Service Gateway for IMS TM","4.1.1","Retired","01-15-2011",,
"TIBCO BusinessEvents Enterprise Edition","5.1.4","Retired","03-01-2018",,
"TIBCO BusinessEvents Enterprise Edition","5.0.1","Retired","01-31-2017",,
"TIBCO BusinessEvents Enterprise Edition","5.0.0","Retired","01-31-2017",,
"TIBCO BusinessEvents Enterprise Edition","4.1.0","Retired","06-01-2018",,
"TIBCO ActiveMatrix BusinessWorks Plug-in for SmartMapper","5.2.0","Retired","07-31-2010",,
"TIBCO ActiveMatrix BusinessWorks Plug-in for SmartMapper","5.1.3","Retired","07-31-2010",,
"TIBCO ActiveMatrix BusinessWorks Plug-in for SmartMapper","5.1.2","Retired","07-31-2010",,
"TIBCO ActiveMatrix BusinessWorks Plug-in for SmartMapper","2.0.0","Retired","07-31-2010",,
"TIBCO Hawk SNMP Adapter","1.0.1","Retired","07-31-2014",,
"TIBCO BusinessConnect Protocol for UCCnet Services","1.0.0","Retired","04-30-2013",,
"TIBCO Hawk SNMP Adapter","1.0.0","Retired","07-31-2014",,
"TIBCO ActiveMatrix BusinessWorks Plug-in for SmartMapper","5.5.0","Retired","04-30-2016",,
"TIBCO PartnerExpress","6.1.0","Retired","12-31-2021","11-15-2025",
"TIBCO ActiveMatrix BusinessWorks Plug-in for SmartMapper","5.4.0","Retired","04-30-2016",,
"TIBCO PartnerExpress","6.0.0","Retired","12-31-2017",,
"TIBCO ActiveMatrix BusinessWorks Plug-in for SmartMapper","5.3.2","Retired","10-31-2011",,
"TIBCO PartnerExpress","2.7.0","Retired","12-31-2012",,
"TIBCO ActiveMatrix BusinessWorks Plug-in for SmartMapper","5.3.1","Retired","10-31-2011",,
"TIBCO PartnerExpress","2.6.0","Retired","12-31-2012","05-24-2022",
"TIBCO PartnerExpress","2.5.1","Retired","12-31-2012","05-24-2022",
"TIBCO PartnerExpress","1.0.0","Retired","12-31-2012","05-24-2022",
"TIBCO ActiveMatrix BusinessWorks Plug-in for SmartMapper","5.3.0","Retired","10-31-2011",,
"TIBCO ActiveMatrix BusinessWorks Plug-in for SmartMapper","5.2.1","Retired","07-31-2010",,
"TIBCO BusinessConnect EDI Protocol HIPAA Edition Powered by Instream","6.5.1","Retired","12-31-2016",,
"TIBCO BusinessConnect EDI Protocol HIPAA Edition Powered by Instream","6.2.1","Retired","01-31-2014",,
"TIBCO BusinessConnect EDI Protocol HIPAA Edition Powered by Instream","5.3.0","Retired","06-30-2013",,
"TIBCO BusinessConnect EDI Protocol HIPAA Edition Powered by Instream","5.2.0","Retired","06-30-2012",,
"TIBCO BusinessConnect EDI Protocol HIPAA Edition Powered by Instream","5.1.0","Retired","03-31-2011",,
"TIBCO BusinessConnect EDI Protocol HIPAA Edition Powered by Instream","5.0.0","Retired","03-31-2011",,
"TIBCO Web Messaging for TIBCO Enterprise Message Service","3.5.1","Retired","03-21-2021",,
"TIBCO Managed File Transfer Internet Server with RocketStream Accelerator","7.2.2","Retired","04-30-2018",,
"TIBCO Managed File Transfer Internet Server with RocketStream Accelerator","7.2.1","Retired","04-30-2018",,
"TIBCO Managed File Transfer Internet Server with RocketStream Accelerator","7.2.0","Retired","04-30-2018",,
"TIBCO OpenSpirit Copy Manager","Classic","Retired","09-01-2025","08-02-2024",
"TIBCO OpenSpirit Runtime","3.2.1","Retired","09-01-2025","08-02-2024",
"TIBCO OpenSpirit Runtime","3.2.0","Retired","09-01-2025","08-02-2024",
"TIBCO OpenSpirit Runtime","3.1.4","Retired","09-01-2025","08-02-2024",
"TIBCO OpenSpirit Runtime","3.1.3","Retired","09-01-2025","08-02-2024",
"TIBCO OpenSpirit Runtime","3.1.2","Retired","09-01-2025","08-02-2024",
"TIBCO OpenSpirit Runtime","3.1.1","Retired","09-01-2025","08-02-2024",
"TIBCO iProcess Engine (Oracle)","11.3.0","Retired","12-31-2016",,
"TIBCO iProcess Engine (Oracle)","11.1.2","Retired","01-31-2015",,
"TIBCO iProcess Engine (Oracle)","11.1.0.0","Retired","01-31-2015",,
"TIBCO iProcess Engine (Oracle)","11.0.1","Retired","07-31-2012",,
"TIBCO iProcess Engine (Oracle)","11.0.2","Retired","07-31-2012",,
"TIBCO iProcess Engine (Oracle)","11.0.0","Retired","07-31-2012",,
"TIBCO ActiveMatrix Service Grid","2.2.2","Retired","03-31-2016",,
"TIBCO ActiveMatrix Service Grid","2.1.1","Retired","03-31-2016",,
"TIBCO Collaborative Information Manager","8.0.1","Retired","04-30-2013",,
"TIBCO Collaborative Information Manager","8.0.0","Retired","04-30-2013",,
"TIBCO Collaborative Information Manager","7.2.1","Retired","04-30-2013",,
"TIBCO Collaborative Information Manager","7.2.0","Retired","04-30-2013",,
"TIBCO ActiveMatrix Service Grid","2.0.3","Retired","09-09-2011",,
"TIBCO ActiveMatrix Service Grid","1.3.1","Retired","10-31-2015",,
"TIBCO Collaborative Information Manager","7.1.0","Retired","07-31-2011",,
"TIBCO BusinessWorks OSB Plug-in","6.0.0","Retired","12-31-2015",,
"TIBCO BusinessWorks OSB Plug-in","1.0.0","Retired","01-15-2009","06-03-2022",
"TIBCO Collaborative Information Manager","8.2.1","Retired","03-31-2016",,
"TIBCO Collaborative Information Manager","8.2.0","Retired","03-31-2016",,
"TIBCO Collaborative Information Manager","8.1.0","Retired","03-31-2015",,
"TIBCO Collaborative Information Manager","6.0.0","Retired","10-15-2009",,
"TIBCO Collaborative Information Manager","7.0.0","Retired","08-15-2010",,
"TIBCO Collaborative Information Manager","5.9.0","Retired","10-15-2009",,
"TIBCO Collaborative Information Manager","5.8.6","Retired","10-15-2009",,
"TIBCO Collaborative Information Manager","5.8.5","Retired","10-15-2009",,
"TIBCO Collaborative Information Manager","5.8.0","Retired","10-15-2009",,
"TIBCO Collaborative Information Manager","6.1.3","Retired","09-15-2010",,
"TIBCO Collaborative Information Manager","5.6.5","Retired","10-15-2009",,
"TIBCO Collaborative Information Manager","5.6.3","Retired","10-15-2009",,
"TIBCO Collaborative Information Manager","6.1.2","Retired","10-15-2009",,
"TIBCO Collaborative Information Manager","6.1.1","Retired","10-15-2009",,
"TIBCO Service Gateway for CICS","4.1.0","Retired","04-30-2007",,
"TIBCO Service Gateway for WMQ (z/OS)","4.1.1","Retired","01-15-2011",,
"TIBCO Service Gateway for WMQ (z/OS)","4.1.0","Retired","01-15-2011",,
"TIBCO Service Gateway for ODBC (Open Systems)","5.0.0 HF4","Retired","09-30-2013",,
"TIBCO Service Gateway for ODBC (Open Systems)","5.0.0 HF3","Retired","09-30-2013",,
"TIBCO Service Gateway for ODBC (Open Systems)","5.0.0 HF2","Retired","09-30-2013",,
"TIBCO Service Gateway for ODBC (Open Systems)","5.0.0 HF1","Retired","09-30-2013",,
"TIBCO Service Gateway for ODBC (Open Systems)","4.1.1","Retired","01-15-2011",,
"TIBCO Service Gateway for IMS/DB","4.1.0","Retired","01-15-2011",,
"TIBCO Service Gateway for IDMS/DB","4.1.0","Retired","01-15-2011",,
"TIBCO Service Gateway for Files (z/OS)","5.2.0","Retired","10-31-2014",,
"TIBCO Service Gateway for Files (z/OS)","5.1.0","Retired","09-30-2013",,
"TIBCO Service Gateway for DB2","4.1.0","Retired","01-15-2011",,
"TIBCO Service Gateway for Oracle (Open Systems)","5.0.0 HF3","Retired","09-30-2013",,
"TIBCO Service Gateway for Oracle (Open Systems)","5.0.0 HF2","Retired","09-30-2013",,
"TIBCO Service Gateway for Oracle (Open Systems)","5.0.0 HF1","Retired","09-30-2013",,
"TIBCO Service Gateway for Oracle (Open Systems)","4.1.1","Retired","01-15-2011",,
"TIBCO Service Gateway for Oracle (Open Systems)","4.1.0","Retired","01-15-2011",,
"TIBCO ObjectStar Integration Foundation","4.1.1","Retired","01-15-2011","06-03-2022",
"TIBCO ObjectStar Integration Foundation","4.0.2","Retired","04-15-2010","06-03-2022",
"TIBCO ObjectStar Integration Foundation","4.0.1","Retired","04-15-2010","06-03-2022",
"TIBCO ObjectStar Integration Foundation","4.0.0","Retired","04-15-2010","06-03-2022",
"TIBCO ObjectStar Integration Foundation","3.2","Retired","01-15-2009","06-03-2022",
"TIBCO Runtime Agent MUI JA","5.6.0","Retired","04-30-2015",,
"TIBCO ObjectStar Integration Foundation","3.1","Retired","01-15-2009","06-03-2022",
"TIBCO PortalPack for Jive Forums","3.0.1","Retired","12-31-2014","06-03-2022",
"TIBCO ActiveMatrix BusinessWorks Plug-in for JD Edwards EnterpriseOne","5.1.2","Retired","07-31-2012",,
"TIBCO ActiveMatrix BusinessWorks Plug-in for JD Edwards EnterpriseOne","5.1.0","Retired","07-31-2012",,
"TIBCO ActiveMatrix BusinessWorks Plug-in for LDAP","5.4.1","Retired","10-31-2014",,
"TIBCO ActiveMatrix Adapter for Oracle BRM","5.2.0","Retired","12-31-2018",,
"TIBCO ActiveMatrix Adapter for Oracle BRM","5.1.x","Retired","03-31-2011",,
"TIBCO ActiveMatrix Adapter for Oracle BRM","5.1.2","Retired","03-31-2011",,
"TIBCO ActiveMatrix Adapter for Oracle BRM","5.1.1","Retired","03-31-2011",,
"TIBCO ActiveMatrix BusinessWorks Plug-in for LDAP","5.0.0","Retired","10-31-2012",,
"TIBCO ActiveMatrix Adapter for Oracle BRM","5.1.0","Retired","03-31-2011",,
"TIBCO ActiveMatrix Adapter for Oracle BRM","4.x","Retired","01-31-2009",,
"TIBCO ActiveMatrix Adapter for Oracle BRM","4.1.1","Retired","01-31-2009",,
"TIBCO ActiveMatrix BusinessWorks Plug-in for LDAP","4.1.0","Retired","04-30-2007",,
"TIBCO ActiveMatrix Adapter for Oracle BRM","4.1.0","Retired","01-31-2009",,
"TIBCO ActiveMatrix Adapter for Oracle BRM","3.2.2","Retired","01-31-2009",,
"TIBCO ActiveMatrix Adapter for Oracle BRM","3.2.1","Retired","01-31-2009",,
"TIBCO ActiveMatrix Adapter for Oracle BRM","3.2.0","Retired","01-31-2009",,
"TIBCO ActiveMatrix Adapter for Oracle BRM","3.1.2","Retired","01-31-2009",,
"TIBCO ActiveMatrix Adapter for Oracle BRM","3.1.1","Retired","01-31-2009",,
"TIBCO ActiveMatrix Adapter for Oracle BRM","3.1.0","Retired","01-31-2009",,
"TIBCO ActiveMatrix Adapter for Oracle BRM","3.0.0","Retired","01-31-2009",,
"TIBCO BusinessWorks COBOL Copybook Plug-in","2.1.0","Retired","10-31-2011",,
"TIBCO BusinessWorks COBOL Copybook Plug-in","2.0.0","Retired","07-31-2010",,
"TIBCO ActiveMatrix BusinessWorks Plug-in for IBM i","5.5.0","Retired","10-31-2014",,
"TIBCO ActiveMatrix BusinessWorks Plug-in for IBM i","5.4.1","Retired","09-30-2011",,
"TIBCO ActiveMatrix BusinessWorks Plug-in for IBM i","5.4.0","Retired","09-30-2011",,
"TIBCO ActiveMatrix BusinessWorks Plug-in for IBM i","5.3.1","Retired","09-30-2011",,
"TIBCO ActiveMatrix BusinessWorks Plug-in for IBM i","5.3.0","Retired","09-30-2011",,
"TIBCO ActiveMatrix BusinessWorks Plug-in for IBM i","5.2.2","Retired","09-30-2011",,
"TIBCO ActiveMatrix BusinessWorks Plug-in for IBM i","5.1.0","Retired","09-30-2011",,
"TIBCO BusinessConnect EDI Protocol Powered by Instream","5.4.0","Retired","12-31-2013",,
"TIBCO BusinessConnect EDI Protocol Powered by Instream","5.3.0","Retired","06-30-2012",,
"TIBCO BusinessConnect EDI Protocol Powered by Instream","5.2.1","Retired","03-31-2011",,
"TIBCO Administrator","5.4.0","Retired","10-31-2010",,
"TIBCO Administrator","5.3.3","Retired","12-31-2013",,
"TIBCO BusinessConnect EDI Protocol Powered by Instream","5.2.0","Retired","03-31-2011",,
"TIBCO Administrator","5.2.1","Retired","07-31-2010",,
"TIBCO BusinessConnect EDI Protocol Powered by Instream","5.1.0","Retired","09-15-2009",,
"TIBCO BusinessConnect EDI Protocol Powered by Instream","5.0.0","Retired","09-15-2009",,
"TIBCO BusinessConnect EDI Protocol Powered by Instream","3.6.0","Retired","01-31-2012",,
"TIBCO Fulfillment Order Management","3.0.0","Retired","08-31-2020","11-15-2025",
"tibbr","6.0.1","Retired","03-31-2018","05-18-2022",
"tibbr","5.2.1","Retired","03-31-2018","05-18-2022",
"Spotfire Automation Services","6.5.3","Retired","03-31-2017",,
"Spotfire Automation Services","7.0.1","Retired","03-31-2018",,
"Spotfire Desktop","6.5.2","Retired","03-31-2017",,
"Spotfire Desktop","7.0.1","Retired","03-31-2018",,
"Spotfire Analyst","5.5.2","Retired","12-12-2015",,
"Spotfire Analyst","6.0.3","Retired","06-12-2016","05-18-2022",
"TIBCO iProcess Analytics","9.7.0","Retired","09-30-2017",,
"Spotfire Analyst","6.5.3","Retired","03-31-2017","05-18-2022",
"Spotfire Analyst","7.0.1","Retired","03-31-2018","05-18-2022",
"TIBCO ActiveMatrix BusinessWorks Plug-in for SWIFT","5.14.0","Retired","08-31-2018",,
"Spotfire Web Player","5.5.2","Retired","12-12-2015",,
"TIBCO Hawk for z/Linux","5.2.0","Retired","10-31-2022","11-01-2022",
"Spotfire Web Player","6.0.3","Retired","06-12-2016","05-18-2022",
"Spotfire Web Player","6.5.3","Retired","03-31-2017","05-18-2022",
"TIBCO Process Engine (Oracle)","9.0-op(0.13)","Retired","10-31-2020",,
"TIBCO Streaming","7.4.5","Retired","03-31-2016",,
"Spotfire Web Player","7.0.1","Retired","03-31-2018","05-18-2022",
"TIBCO Process Engine (Oracle)","9.0-o(0.7)","Retired","10-31-2020",,
"TIBCO Process Engine (Oracle)","8.1-o(4.5)","Retired","10-31-2020",,
"TIBCO Process Engine (Oracle)","8.1-o(4.1)","Retired","10-31-2020",,
"TIBCO Process Engine (Oracle)","8.1-o(4.0)","Retired","10-31-2020",,
"TIBCO FTL Message Switch","2.1.0","Retired","04-30-2018",,
"TIBCO Process Engine (Oracle)","8.1-o(3.7)","Retired","10-31-2020",,
"TIBCO Fulfillment Catalog","3.0.0","Retired","10-31-2020","11-15-2025",
"TIBCO Process Engine (Oracle)","8.1-o(3.4)","Retired","10-31-2020",,
"TIBCO LogLogic Unity","1.1.0","Retired","09-30-2020","01-12-2024",
"TIBCO FTL","4.2.0","Retired","01-31-2020",,
"TIBCO Process Engine (Oracle)","8.1-o(3.31)","Retired","10-31-2020",,
"TIBCO LogLogic Enterprise Virtual Appliance","5.6.1","Retired","06-30-2018","05-18-2022",
"TIBCO ActiveSpaces Transactions","2.5.1","Retired","01-31-2019",,
"TIBCO Process Engine (Oracle)","8.1-o(3.3)","Retired","10-31-2020",,
"TIBCO LogLogic Log Management Intelligence","5.6.1","Retired","06-30-2018","05-18-2022",
"TIBCO BusinessEvents Extreme","1.3.1","Retired","09-30-2018",,
"TIBCO Process Engine (Oracle)","8.1-o(3.28)","Retired","10-31-2020",,
"TIBCO Live Datamart","1.6.5","Retired","03-31-2016",,
"TIBCO Process Engine (Oracle)","8.1-o(3.17.1)","Retired","10-31-2020",,
"TIBCO Process Engine (Oracle)","8.1-o(3.1)","Retired","10-31-2020",,
"TIBCO Process Engine (Oracle)","8.1-o(2.0)","Retired","10-31-2020",,
"TIBCO Mainframe RED","2.2.0","Retired","09-30-2022","10-01-2022",
"TIBCO Process Engine (Oracle)","8.1-o(1.0)","Retired","10-31-2020",,
"TIBCO ActiveMatrix BusinessWorks Plug-in for Microsoft Excel","6.0.0","Retired","08-31-2018",,
"TIBCO Process Engine (Oracle)","8.0-o(3.0)","Retired","10-31-2020",,
"TIBCO Streaming","7.5.3","Retired","12-31-2016",,
"TIBCO Process Engine (Oracle)","8.0-o(2.0)","Retired","10-31-2020",,
"TIBCO Process Engine (Oracle)","9.0-op(0.18.1)","Retired","10-31-2020",,
"TIBCO Live Datamart","2.0.3","Retired","12-31-2016",,
"TIBCO Process Engine (Oracle)","9.0-o(0.28)","Retired","10-31-2020",,
"TIBCO Formvine","3.3.3","Retired","03-31-2017",,
"TIBCO Process Engine (Oracle)","9.0-o(0.27.3)","Retired","10-31-2020",,
"TIBCO Process Engine (Oracle)","9.0-o(0.27.1)","Retired","10-31-2020",,
"TIBCO Process Engine (Oracle)","9.0-o(0.19)","Retired","10-31-2020",,
"TIBCO iProcess Engine (Oracle)","11.5.0","Retired","06-30-2021","08-19-2022",
"TIBCO Process Engine (Oracle)","9.0-o(0.16)","Retired","10-31-2020",,
"TIBCO Process Engine (Oracle)","9.0-o(0.15.1)","Retired","10-31-2020",,
"TIBCO Process Engine (Oracle)","9.0-o(0.15)","Retired","10-31-2020",,
"TIBCO Process Engine (Oracle)","9.0-o(0.13)","Retired","10-31-2020",,
"TIBCO iProcess Workspace Plug-ins","11.5.0","Retired","06-30-2021","11-15-2025",
"TIBCO Process Engine (Oracle)","9.0-o(0.11)","Retired","10-31-2020",,
"TIBCO iProcess Engine (DB2)","11.5.0","Retired","06-30-2021","08-19-2022",
"TIBCO OpenSpirit Data Connector for Studio","3.3.0","Retired","09-01-2025","08-02-2024",
"Spotfire Enterprise Runtime for R","3.2.0","Retired","03-31-2018","05-18-2022",
"TIBCO Patterns","5.2.0","Retired","09-01-2020","02-27-2023",
"TIBCO Streaming","7.5.2","Retired","12-31-2016",,
"TIBCO BusinessEvents Extreme","1.3.0","Retired","09-30-2018",,
"TIBCO ActiveSpaces Transactions","2.5.0","Retired","01-31-2019",,
"TIBCO iProcess Workspace (Windows)","11.5.0","Retired","06-30-2021","08-19-2022",
"TIBCO Hawk","5.2.0","Retired","10-31-2023","06-07-2024",
"TIBCO Live Datamart","2.0.2","Retired","12-31-2016",,
"TIBCO Clarity - Enterprise Edition","2.1.0","Retired","07-31-2023","08-01-2023",
"TIBCO iProcess Decisions Client Plug-in","10.0.0","Retired","04-01-2010",,
"TIBCO BusinessWorks Collaborator","5.6.2","Retired","01-31-2022",,
"TIBCO ActiveMatrix BusinessWorks Plug-in for IBM MQ","8.3.0","Retired","10-31-2022","11-01-2022",
"TIBCO iProcess Decisions Server","5.4.1","Retired","05-31-2020",,
"TIBCO ActiveMatrix BusinessWorks Plug-in for Facebook","6.0.2","Retired","08-31-2018",,
"TIBCO iProcess Technology Plug-ins","11.5.0","Retired","06-30-2021","08-19-2022",
"Spotfire Attivio AIE","4.3.1","Retired","11-29-2019",,
"TIBCO ActiveMatrix BusinessWorks Plug-in for ActiveSpaces","6.1.0","Retired","01-31-2019","02-27-2023",
"TIBCO BusinessConnect SOAP Protocol","6.1.0","Retired","12-31-2019","11-15-2025",
"TIBCO OpenSpirit Data Connector for Epos","2.1.0","Retired","09-01-2025","08-02-2024",
"TIBCO Ajax Message Service Enterprise Edition","6.0.0","Retired","10-30-2019",,
"TIBCO Mainframe RED","2.1.0","Retired","09-30-2022","10-01-2022",
"TIBCO ActiveSpaces Transactions","2.3.9","Retired","01-31-2019",,
"TIBCO iProcess COM Client Plug-in","10.3.1","Retired","03-31-2010",,
"TIBCO LogLogic Enterprise Virtual Appliance","5.6.0","Retired","06-30-2018","05-18-2022",
"TIBCO LogLogic Log Management Intelligence","5.6.0","Retired","06-30-2018","05-18-2022",
"TIBCO LogLogic Universal Collector","2.6.0","Retired","12-31-2020",,
"TIBCO iProcess Decisions Studio","5.4.1","Retired","05-31-2020",,
"TIBCO Nimbus","9.5.1","Retired","04-30-2019",,
"Spotfire Enterprise Runtime for R","3.1.1","Retired","03-31-2018","05-18-2022",
"TIBCO OpenSpirit Data Connector for OpenWorks","2.1.0","Retired","09-01-2025","08-02-2024",
"TIBCO ActiveMatrix BusinessWorks Express","1.2.1","Retired","04-30-2018",,
"TIBCO Web Messaging for TIBCO Enterprise Message Service","4.0.7","Retired","03-21-2021",,
"TIBCO ActiveMatrix BusinessWorks","6.2.1","Retired","11-30-2017","05-18-2022",
"TIBCO ActiveMatrix BusinessWorks Plug-in for Facebook","1.0.1","Retired","01-31-2019",,
"TIBCO Hawk Database Adapter for z/Linux","5.1.0","Retired","10-31-2022","11-01-2022",
"TIBCO ActiveMatrix BusinessWorks Plug-in for Data Conversion","4.3.0","Retired","10-31-2022","11-01-2022",
"TIBCO BusinessWorks XA Transaction Manager","1.1.2","Retired","10-30-2022","10-31-2022",
"Spotfire Server","6.5.3","Retired","03-31-2017",,
"TIBCO ActiveMatrix BusinessWorks Plug-in for Microsoft Dynamics CRM","6.1.0","Retired","03-31-2018",,
"Spotfire Server","6.0.4","Retired","06-12-2016",,
"TIBCO Rendezvous Network Server","1.1.0","Retired","09-30-2021",,
"Spotfire Server","5.5.3","Retired","12-12-2015",,
"TIBCO Spotfire Extension for OpenSpirit","1.1.0","Retired","09-01-2025","08-02-2024",
"Spotfire Server","5.0.4","Retired","06-13-2015",,
"TIBCO ActiveMatrix BusinessWorks Plug-in for IBM i","7.0.1","Retired","03-31-2018",,
"TIBCO BPM Enterprise Distribution for TIBCO Silver Fabric","3.1.0","Retired","09-30-2018","07-15-2024",
"TIBCO ActiveSpaces Enterprise Edition for z/Linux","2.1.5","Retired","01-31-2019",,
"TIBCO BusinessEvents Extreme","1.2.1","Retired","09-30-2018",,
"TIBCO Live Datamart","1.6.4","Retired","03-31-2016",,
"TIBCO Streaming","7.4.4","Retired","03-31-2016",,
"TIBCO Live Datamart","2.0.1","Retired","12-31-2016",,
"TIBCO OpenSpirit Copy Manager","2015.0.0","Retired","09-01-2025","08-02-2024",
"TIBCO Streaming","7.5.1","Retired","12-31-2016",,
"TIBCO ActiveMatrix BusinessWorks Plug-in for PDF","6.0.0","Retired","08-31-2018",,
"TIBCO ActiveSpaces Transactions","2.4.1","Retired","01-31-2019",,
"Spotfire Enterprise Runtime for R","3.1.0","Retired","03-31-2018","05-18-2022",
"TIBCO OpenSpirit Extension for ArcGIS","2015.0.0","Retired","09-01-2025","08-02-2024",
"Spotfire Server","7.0.0","Retired","03-31-2018",,
"TIBCO Hawk SNMP Adapter for z/Linux","5.1.0","Retired","10-31-2022","11-01-2022",
"tibbr","6.0.0","Retired","03-31-2018","05-18-2022",
"TIBCO iProcess Engine (SQL)","11.3.1","Retired","12-31-2016",,
"Spotfire Automation Services","7.0.0","Retired","03-31-2018",,
"TIBCO ActiveMatrix BusinessWorks Plug-in for LDAP","7.0.0","Retired","03-31-2018",,
"Spotfire Desktop","7.0.0","Retired","03-31-2018",,
"Spotfire Qualification","7.0.0","Retired","03-31-2018",,
"TIBCO iProcess Engine (SQL)","11.3.0","Retired","12-31-2016",,
"Spotfire Developer","7.0.0","Retired","03-31-2018",,
"Spotfire Analyst","7.0.0","Retired","03-31-2018","05-18-2022",
"TIBCO ActiveMatrix BusinessWorks Plug-in for IBM MQ","7.5.0","Retired","10-31-2022","11-01-2022",
"Spotfire Web Player","7.0.0","Retired","03-31-2018","05-18-2022",
"TIBCO ActiveMatrix Lifecycle Governance Framework","10.0.0","Retired","04-30-2019",,
"TIBCO iProcess Engine (SQL)","11.5.0","Retired","06-30-2021","04-05-2024",
"TIBCO Live Datamart","2.0.0","Retired","12-31-2016",,
"TIBCO iProcess Engine (SQL)","11.1.2","Retired","01-31-2015",,
"TIBCO Enterprise Message Service for zLinux","8.2.1","Retired","04-30-2018",,
"TIBCO Enterprise Message Service","8.2.1","Retired","04-30-2018",,
"Spotfire Statistics Services","7.0.0","Retired","03-31-2018",,
"TIBCO Streaming","7.5.0","Retired","12-31-2016",,
"TIBCO Fulfillment Order Management","2.1.2","Retired","07-31-2017","11-15-2025",
"TIBCO ActiveMatrix Policy Manager","3.1.2","Retired","01-25-2021",,
"TIBCO API Exchange Gateway Distribution for TIBCO Silver Fabric","2.1.1","Retired","06-30-2021","10-31-2022",
"TIBCO Rendezvous for z/OS","8.4.3","Retired","10-31-2020",,
"TIBCO BusinessEvents Extreme","1.1.4","Retired","09-30-2018","11-15-2025",
"TIBCO ActiveSpaces Transactions","2.3.8","Retired","01-31-2019",,
"TIBCO Nimbus","9.3.2","Retired","04-30-2018",,
"TIBCO Rendezvous","8.4.3","Retired","10-31-2020","11-15-2025",
"TIBCO iProcess Engine (SQL)","11.1.0.0","Retired","01-31-2015",,
"TIBCO Web Messaging for TIBCO Enterprise Message Service","4.0.6","Retired","03-21-2021",,
"TIBCO Mainframe RED","2.0.0","Retired","09-30-2022","10-01-2022",
"TIBCO ActiveMatrix BusinessWorks Plug-in for Large XML","6.0.0","Retired","03-31-2018",,
"TIBCO Rendezvous for zLinux","8.4.3","Retired","10-31-2020",,
"TIBCO iProcess Engine (SQL)","11.0.2.0","Retired","07-31-2012",,
"TIBCO ActiveMatrix BusinessWorks Plug-in for BusinessConnect","6.0.1","Retired","12-31-2019","11-15-2025",
"TIBCO ActiveMatrix BusinessWorks Plug-in for IBM MQ","8.2.0","Retired","10-31-2022","11-01-2022",
"TIBCO Vault","2.0.0","Retired","10-31-2023","11-01-2023",
"Spotfire Enterprise Runtime for R","3.0.0","Retired","03-31-2017","05-18-2022",
"TIBCO ActiveMatrix BusinessWorks Plug-in for Facebook","6.0.1","Retired","08-31-2018",,
"TIBCO ActiveMatrix Policy Director","1.1.0","Retired","01-25-2021",,
"TIBCO ActiveMatrix Policy Director","2.0.0","Retired","01-25-2021",,
"TIBCO API Exchange","2.1.1","Retired","06-30-2021","11-15-2025",
"TIBCO ActiveMatrix BusinessWorks Plug-in Development Kit","6.0.0","Retired","10-31-2025","03-07-2024",
"TIBCO ActiveMatrix BusinessWorks Plug-in for IBM i","7.0.0","Retired","03-31-2018",,
"TIBCO LogLogic Unity","1.0.0","Retired","12-01-2017",,
"TIBCO ActiveMatrix BusinessWorks Plug-in for sFTP","6.0.0","Retired","01-31-2022","11-19-2022",
"TIBCO ActiveMatrix BusinessWorks Plug-in for SWIFT","5.13.0","Retired","08-31-2018",,
"TIBCO iProcess Engine (SQL)","11.0.1","Retired","07-31-2012",,
"TIBCO Hawk","5.1.1","Retired","12-31-2019","08-19-2022",
"TIBCO LogLogic Enterprise Virtual Appliance","5.5.1","Retired","06-30-2018","05-18-2022",
"TIBCO iProcess Engine (SQL)","11.0.0","Retired","07-31-2012",,
"TIBCO ActiveMatrix BusinessWorks Plug-in for REST and JSON","2.0.0","Retired","11-30-2020",,
"TIBCO LogLogic Log Management Intelligence","5.5.1","Retired","06-30-2018","05-18-2022",
"Spotfire Attivio AIE","4.2.0","Retired","11-29-2019",,
"TIBCO ActiveMatrix BusinessWorks Plug-in for NetSuite","6.0.1","Retired","03-31-2018",,
"TIBCO ActiveMatrix BusinessWorks Plug-in for Microsoft Dynamics CRM","6.0.1","Retired","03-31-2018",,
"TIBCO Business Studio - BPM Edition","3.9.0","Retired","09-30-2018",,
"TIBCO ActiveMatrix BusinessWorks Plug-in for Microsoft SharePoint","6.0.1","Retired","03-31-2018",,
"TIBCO BPM Enterprise","3.1.0","Retired","09-30-2018",,
"TIBCO iProcess Engine (DB2)","11.1.1.0","Retired","01-31-2015",,
"TIBCO ActiveMatrix BusinessWorks Plug-in for SAP Solutions","7.1.0","Retired","03-31-2018",,
"TIBCO ActiveMatrix BusinessWorks Plug-in for Marketo","6.0.1","Retired","10-31-2025","06-11-2024",
"TIBCO JasperReports Library for ActiveMatrix BPM","5.6.1","Retired","09-30-2018","07-15-2024",
"TIBCO iProcess Engine (DB2)","11.1.0.0","Retired","01-31-2015",,
"TIBCO Jaspersoft Studio for ActiveMatrix BPM","5.6.1","Retired","09-30-2018","07-15-2024",
"TIBCO iProcess Engine (DB2)","11.0.2.0","Retired","07-31-2012",,
"TIBCO ActiveMatrix BusinessWorks Plug-in for Twitter","6.0.1","Retired","03-31-2018",,
"TIBCO JasperReports Server for ActiveMatrix BPM","5.6.1","Retired","09-30-2018","07-15-2024",
"TIBCO Managed File Transfer Platform Server for zOS","7.2.0","Retired","09-30-2022","10-01-2022",
"TIBCO ActiveMatrix BusinessWorks Plug-in for ActiveSpaces","6.0.2","Retired","01-31-2019",,
"TIBCO iProcess Engine (DB2)","11.4.0","Retired","12-31-2018",,
"TIBCO Nimbus","9.5.0","Retired","04-30-2019",,
"TIBCO ActiveMatrix BusinessWorks Plug-in for CICS","2.2.0","Retired","03-31-2018",,
"TIBCO iProcess Engine (DB2)","11.0.1","Retired","07-31-2012",,
"TIBCO ActiveMatrix BusinessWorks Plug-in for Data Conversion","4.2.0","Retired","10-31-2022","11-01-2022",
"TIBCO iProcess Engine (DB2)","11.0.0","Retired","07-31-2012",,
"TIBCO OpenSpirit Runtime","4.1.0","Retired","09-01-2025","08-02-2024",
"TIBCO Database Drivers Supplement","2.0.1","Retired","07-31-2023","08-03-2022",
"TIBCO ActiveMatrix BusinessWorks Express","1.2.0","Retired","04-30-2018",,
"TIBCO OpenSpirit Developer Kit","4.1.0","Retired","09-01-2025","08-02-2024",
"TIBCO iProcess Engine (DB2)","11.1.3","Retired","01-31-2015",,
"TIBCO OpenSpirit Data Connector for Studio","3.2.0","Retired","09-01-2025","08-02-2024",
"TIBCO Enterprise Message Service for zLinux","8.2.0","Retired","04-30-2018",,
"TIBCO OpenSpirit Data Connector for KINGDOM","2.1.0","Retired","09-01-2025","08-02-2024",
"TIBCO iProcess Engine (DB2)","11.1.2","Retired","01-31-2015",,
"TIBCO Enterprise Message Service","8.2.0","Retired","04-30-2018","11-15-2025",
"TIBCO OpenSpirit Data Connector for Epos","2.0.0","Retired","09-01-2025","08-02-2024",
"TIBCO Ajax Message Service Enterprise Edition","5.1.2","Retired","10-30-2019",,
"TIBCO ActiveMatrix BusinessWorks","6.2.0","Retired","11-30-2017","05-18-2022",
"TIBCO EMS Client for z/OS (MVS)","8.2.0","Retired","04-30-2018",,
"Spotfire Automation Services","6.5.2","Retired","03-31-2017",,
"Spotfire Analyst","6.0.2","Retired","06-12-2016","05-18-2022",
"Spotfire Analyst","6.5.2","Retired","03-31-2017","05-18-2022",
"Spotfire Web Player","6.0.2","Retired","06-12-2016","05-18-2022",
"Spotfire Web Player","6.5.2","Retired","03-31-2017","05-18-2022",
"TIBCO MDM","8.3.2","Retired","08-31-2018","05-17-2023",
"TIBCO Process Engine (SQL)","8.1-x(0.2)","Retired","10-31-2020",,
"TIBCO Managed File Transfer Internet Server with RocketStream Accelerator","7.2.4","Retired","04-30-2018",,
"TIBCO Process Engine (SQL)","8.1-x(0.0)","Retired","10-31-2020",,
"TIBCO Managed File Transfer Internet Server","7.2.4","Retired","04-30-2018",,
"TIBCO Process Engine (SQL)","8.0-x(2.2)","Retired","10-31-2020",,
"TIBCO Managed File Transfer Command Center","7.2.4","Retired","04-30-2018",,
"TIBCO Process Engine (SQL)","8.0-x(1.0)","Retired","10-31-2020",,
"TIBCO Slingshot","1.9.3","Retired","10-31-2023","11-01-2023",
"TIBCO Vault","1.1.1","Retired","10-31-2023","11-01-2023",
"TIBCO Process Engine (SQL)","9.0-x(1.9)","Retired","10-31-2020",,
"TIBCO Process Engine (SQL)","9.0-x(1.8)","Retired","10-31-2020",,
"TIBCO Process Engine (SQL)","9.0-x(1.7)","Retired","10-31-2020",,
"tibbr","5.2.0","Retired","03-31-2018","05-18-2022",
"TIBCO Process Engine (SQL)","9.0-x(1.5)","Retired","10-31-2020",,
"TIBCO Process Engine (SQL)","9.0-x(1.4)","Retired","10-31-2020",,
"TIBCO Process Engine (SQL)","9.0-x(1.10)","Retired","10-31-2020",,
"TIBCO ActiveMatrix BusinessWorks Plug-in for OpenSpirit","1.4.0","Retired","09-01-2025","08-02-2024",
"TIBCO Process Engine (SQL)","9.0-x(1.1)","Retired","10-31-2020",,
"TIBCO OpenSpirit Connect Sub-Surface Viewer","1.0.0","Retired","07-31-2021",,
"TIBCO Process Engine (SQL)","9.0-x(1.0)","Retired","10-31-2020",,
"TIBCO OpenSpirit Data Connector for KINGDOM","2.0.0","Retired","09-01-2025","08-02-2024",
"TIBCO Process Engine (SQL)","9.0-x(0.8)","Retired","10-31-2020",,
"TIBCO Process Engine (SQL)","9.0-x(0.5)","Retired","10-31-2020",,
"TIBCO Process Engine (SQL)","9.0-x(0.4)","Retired","10-31-2020",,
"TIBCO BusinessConnect EDI Protocol Powered by Instream","6.6.0","Retired","12-31-2017","11-15-2025",
"TIBCO Process Engine (SQL)","9.0-x(0.11)","Retired","10-31-2020",,
"TIBCO BusinessConnect EDI Protocol HIPAA Edition Powered by Instream","6.6.0","Retired","12-31-2019","11-15-2025",
"TIBCO Process Engine (SQL)","9.0-x(0.1)","Retired","10-31-2020",,
"Spotfire Web Player","6.5.1","Retired","03-31-2017","05-18-2022",
"Spotfire Enterprise Runtime for R","2.7.1","Retired","03-31-2017","05-18-2022",
"TIBCO Process Engine (SQL)","8.1-x(4.1.9)","Retired","10-31-2020",,
"Spotfire Server","6.5.2","Retired","03-31-2017",,
"TIBCO ActiveSpaces Transactions","2.3.7","Retired","01-31-2019",,
"TIBCO Process Engine (SQL)","8.1-x(4.1.7)","Retired","10-31-2020",,
"TIBCO ActiveMatrix BusinessWorks Plug-in for BusinessConnect","6.0.0","Retired","12-31-2019",,
"TIBCO Process Engine (SQL)","8.1-x(4.1.6.4)","Retired","10-31-2020",,
"TIBCO Nimbus","9.4.1","Retired","04-30-2018","05-18-2022",
"TIBCO Process Engine (SQL)","8.1-x(4.1.6.1)","Retired","10-31-2020",,
"TIBCO Process Engine (SQL)","8.1-x(4.1.6)","Retired","10-31-2020",,
"TIBCO Process Engine (SQL)","8.1-x(0.7)","Retired","10-31-2020",,
"TIBCO Patterns","5.1.0","Retired","09-01-2020",,
"TIBCO Process Engine (SQL)","8.1-x(0.3)","Retired","10-31-2020",,
"TIBCO BusinessEvents Extreme","1.2.0","Retired","09-30-2018",,
"TIBCO ActiveSpaces Transactions","2.4.0","Retired","01-31-2019",,
"Spotfire Desktop","6.5.1","Retired","03-31-2017",,
"Spotfire Automation Services","6.5.1","Retired","03-31-2017",,
"TIBCO ActiveSpaces Transactions","2.3.6","Retired","01-31-2019",,
"TIBCO Rendezvous Network Server","1.0.0","Retired","04-30-2018",,
"TIBCO ActiveMatrix BusinessWorks Plug-in for SWIFT","5.12.0","Retired","08-31-2018",,
"Spotfire Enterprise Runtime for R","2.7.0","Retired","03-31-2017","05-18-2022",
"TIBCO LogLogic Compliance Suite - Sarbanes-Oxley Edition","3.7.0","Retired","12-23-2023","01-12-2024",
"TIBCO LogLogic Compliance Suite - PCI Edition","3.7.0","Retired","12-23-2023","01-12-2024",
"TIBCO LogLogic Visual Analytics","2.1.0","Retired","12-31-2020",,
"TIBCO LogLogic Compliance Suite - NERC Edition","3.7.0","Retired","12-23-2023","01-12-2024",
"TIBCO OpenSpirit Scan for Studio","3.0.0","Retired","09-01-2025","08-02-2024",
"TIBCO LogLogic Compliance Suite - ITIL Edition","3.7.0","Retired","12-23-2023","01-12-2024",
"TIBCO ActiveMatrix BusinessWorks Plug-in for ActiveSpaces","6.0.1","Retired","01-31-2019","02-27-2023",
"TIBCO LogLogic Compliance Suite - ISO Edition","3.7.0","Retired","12-23-2023","01-12-2024",
"TIBCO LogLogic Compliance Suite - HIPAA Edition","3.7.0","Retired","12-23-2023","01-12-2024",
"Spotfire Server","6.5.1","Retired","03-31-2017",,
"TIBCO LogLogic Compliance Suite - FISMA Edition","3.7.0","Retired","12-23-2023","01-12-2024",
"TIBCO Nimbus","9.4.0","Retired","04-30-2018","05-18-2022",
"Spotfire Server","5.0.3","Retired","06-13-2015",,
"TIBCO ActiveMatrix Decisions","1.2.0","Retired","09-30-2018","05-18-2022",
"Spotfire Server","4.5.2","Retired","12-13-2014",,
"TIBCO Business Studio ActiveMatrix Decisions Add-In","1.2.0","Retired","09-30-2018","11-15-2025",
"TIBCO Business Studio - BPM Edition","3.8.0","Retired","09-30-2018",,
"TIBCO Web Messaging for TIBCO Enterprise Message Service","3.5.14","Retired","03-21-2021",,
"TIBCO Slingshot","1.9.2","Retired","10-31-2023","11-01-2023",
"TIBCO Managed File Transfer Internet Server","7.2.3","Retired","04-30-2018",,
"TIBCO ActiveMatrix BusinessWorks Plug-in for Microsoft Dynamics CRM","6.0.0","Retired","03-31-2018",,
"TIBCO Managed File Transfer Command Center","7.2.3","Retired","04-30-2018",,
"TIBCO ActiveMatrix BusinessWorks","6.1.1","Retired","08-31-2017","05-18-2022",
"TIBCO Managed File Transfer Internet Server with RocketStream Accelerator","7.2.3","Retired","04-30-2018",,
"TIBCO ActiveMatrix BusinessWorks Express","1.1.1","Retired","04-30-2018",,
"TIBCO BPM Enterprise Distribution for TIBCO Silver Fabric","3.0.0","Retired","09-30-2018","07-15-2024",
"TIBCO BusinessConnect Palette","6.2.0","Retired","12-31-2022","01-01-2023",
"TIBCO BusinessConnect Services Plug-in","6.2.0","Retired","12-31-2021","11-15-2025",
"TIBCO BusinessConnect","6.2.0","Retired","12-31-2017","11-15-2025",
"Spotfire Metrics Modeler","6.5.1","Retired","08-01-2016",,
"Spotfire Metrics Services","6.5.1","Retired","08-01-2016",,
"TIBCO OpenSpirit Adapter for Petrel","23.0.0","Retired","09-01-2025","08-02-2024",
"TIBCO Hawk SNMP Adapter","5.1.0","Retired","10-31-2023","11-01-2023",
"TIBCO ActiveMatrix BusinessWorks Plug-in for ActiveSpaces","2.1.0","Retired","01-31-2019","02-27-2023",
"TIBCO FTL Message Switch","2.0.0","Retired","04-30-2018",,
"TIBCO iProcess Server Objects (Java)","11.3.0","Retired","12-31-2016",,
"TIBCO FTL","4.1.0","Retired","01-31-2020",,
"TIBCO iProcess Server Objects (Java)","11.2.0","Retired","01-31-2015",,
"TIBCO iProcess Server Objects (Java)","11.1.0","Retired","01-31-2015",,
"TIBCO ActiveSpaces Transactions","2.3.5","Retired","01-31-2019",,
"TIBCO iProcess Server Objects (Java)","11.0.0","Retired","07-31-2012",,
"TIBCO Vault","1.1.0","Retired","10-31-2023","11-01-2023",
"TIBCO Nimbus","9.3.1","Retired","04-30-2018","05-18-2022",
"TIBCO Fulfillment Order Management","2.1.1","Retired","07-31-2017","11-15-2025",
"TIBCO iProcess Server Objects (.NET)","11.3.0","Retired","12-31-2016",,
"TIBCO iProcess Server Objects (.NET)","11.2.0","Retired","01-31-2015",,
"TIBCO iProcess Server Objects (.NET)","11.1.0","Retired","01-31-2015",,
"TIBCO iProcess Server Objects (.NET)","11.0.0","Retired","07-31-2012",,
"TIBCO Fulfillment Catalog","2.0.0","Retired","07-31-2017",,
"TIBCO LogLogic Log Management Intelligence","5.4.1","Retired","12-01-2017","01-12-2024",
"TIBCO LogLogic Enterprise Virtual Appliance","5.4.1","Retired","12-01-2017","05-18-2022",
"TIBCO Business Studio - BPM Edition","3.5.10","Retired","01-31-2016",,
"TIBCO BPM Enterprise","2.0.0","Retired","01-31-2016",,
"TIBCO ActiveMatrix Service Grid","3.2.1","Retired","12-31-2018","08-02-2024",
"TIBCO Fulfillment Order Management","2.0.0","Retired","07-31-2017",,
"TIBCO FTL Message Switch","1.0.0","Retired","04-30-2018",,
"TIBCO Fulfillment Order Management","2.0.1","Retired","07-31-2017",,
"TIBCO Enterprise Message Service Appliance","1.0.0","Retired","03-31-2018",,
"TIBCO LogLogic Log Management Intelligence","5.4.0","Retired","12-01-2017","01-12-2024",
"TIBCO LogLogic Enterprise Virtual Appliance","5.4.0","Retired","12-01-2017","05-18-2022",
"TIBCO Business Studio - BPM Edition","3.5.20","Retired","06-30-2016",,
"TIBCO BPM Enterprise","2.1.0","Retired","06-30-2016",,
"TIBCO BusinessWorks Collaborator","5.6.1","Retired","01-31-2022",,
"TIBCO Formvine","3.2.1","Retired","08-24-2015",,
"TIBCO Messaging Appliance P-7500","8.7.0","Retired","03-18-2018",,
"TIBCO LogLogic Log Management Intelligence","5.3.1","Retired","12-01-2017",,
"TIBCO LogLogic Enterprise Virtual Appliance","5.3.1","Retired","12-01-2017","05-18-2022",
"TIBCO Business Studio - BPM Edition","3.5.5","Retired","10-31-2015",,
"TIBCO BPM Enterprise","1.3.1","Retired","10-31-2015",,
"TIBCO ActiveSpaces Transactions","2.1.2","Retired","01-31-2016",,
"TIBCO Formvine","3.1.2","Retired","04-30-2015",,
"TIBCO ActiveSpaces Transactions","2.0.3","Retired","01-31-2019",,
"Spotfire Analyst","3.1.1","Retired","07-21-2013","06-16-2022",
"TIBCO LogLogic Enterprise Virtual Appliance","5.3.0","Retired","12-01-2017","05-18-2022",
"TIBCO Business Studio - BPM Edition","3.5.3","Retired","10-31-2015",,
"TIBCO BPM Enterprise","1.3.0","Retired","06-30-2016",,
"TIBCO Formvine","3.1.1","Retired","04-30-2015",,
"TIBCO LogLogic Log Management Intelligence","5.3.0","Retired","12-01-2017","05-18-2022",
"TIBCO KPSA - Mobile","3.5.9","Retired","12-31-2013","06-10-2022",
"TIBCO ActiveSpaces Transactions","2.1.1","Retired","01-31-2016",,
"TIBCO Formvine","3.1.0","Retired","04-30-2015",,
"TIBCO ActiveSpaces Transactions","2.1.0","Retired","01-31-2016",,
"TIBCO KPSA - Mobile","3.7.0","Retired","06-30-2015","06-10-2022",
"TIBCO Ajax Message Service Enterprise Edition","4.0.1","Retired","10-30-2019",,
"TIBCO BPM Enterprise","1.2.0","Retired","10-31-2014",,
"TIBCO Formvine","3.0.0","Retired","04-30-2015",,
"TIBCO Rendezvous for z/OS","8.3.2","Retired","11-30-2016",,
"TIBCO ActiveSpaces Transactions","2.0.2","Retired","01-31-2016",,
"TIBCO iProcess Objects (C++)","10.0(0.7.1)","Retired","03-31-2010",,
"TIBCO ActiveSpaces Transactions","2.0.1","Retired","01-31-2016",,
"TIBCO iProcess Objects (C++)","10.0(0.7)","Retired","03-31-2010",,
"TIBCO iProcess Objects (COM)","9.3(5.3)","Retired","03-31-2010",,
"TIBCO iProcess Objects (C++)","10.0(0.6)","Retired","03-31-2010",,
"TIBCO Formvine","2.0.5","Retired","04-30-2015",,
"TIBCO iProcess Objects (COM)","9.3(5.2)","Retired","03-31-2010",,
"TIBCO iProcess Objects (C++)","10.0(0.3)","Retired","03-31-2010",,
"TIBCO iProcess Objects (COM)","9.3(5.0)","Retired","03-31-2010",,
"TIBCO iProcess Objects (C++)","10.0(0.1)","Retired","03-31-2010",,
"TIBCO iProcess Objects (COM)","9.3(2.0)","Retired","03-31-2010",,
"TIBCO iProcess Objects (C++)","10.0(0.0)","Retired","03-31-2010",,
"TIBCO iProcess Objects (COM)","9.3(1.0)","Retired","03-31-2010",,
"TIBCO iProcess Objects (COM)","9.2(0.4)","Retired","03-31-2010",,
"TIBCO Business Studio - BPM Edition","3.5.1","Retired","04-30-2014",,
"TIBCO iProcess Objects (COM)","9.2(0.0)","Retired","03-31-2010",,
"TIBCO BPM Enterprise","1.1.1","Retired","04-30-2014",,
"TIBCO iProcess Objects (COM)","9.1(1.1)","Retired","03-31-2010",,
"TIBCO iProcess Objects (COM)","9.1(1.0)","Retired","03-31-2010",,
"TIBCO iProcess Objects (COM)","9.1(0.0)","Retired","03-31-2010",,
"TIBCO iProcess Objects (COM)","9.0(0.5)","Retired","03-31-2010",,
"TIBCO iProcess Objects (COM)","9.0(0.3)","Retired","03-31-2010",,
"TIBCO iProcess Objects (COM)","9.0(0.0)","Retired","03-31-2010",,
"TIBCO iProcess Objects (COM)","10.0.0","Retired","03-31-2010",,
"TIBCO ActiveSpaces Transactions","2.0.0","Retired","01-31-2016",,
"TIBCO iProcess Objects (C++)","10.0.0","Retired","03-31-2010",,
"TIBCO iProcess Objects (C++)","10.0(4.2)","Retired","03-31-2010",,
"TIBCO Business Studio - BPM Edition","3.5.0","Retired","04-30-2014",,
"TIBCO BPM Enterprise","1.1.0","Retired","04-30-2014",,
"TIBCO Formvine","2.0.4","Retired","04-30-2015",,
"TIBCO Data Quality Service Engine","1.0.0","Retired","12-30-2023","12-31-2023",
"TIBCO Formvine","2.0.2","Retired","04-30-2015",,
"TIBCO ActiveSpaces Transactions","1.1.4","Retired","01-31-2019",,
"TIBCO Formvine","2.0.1","Retired","04-30-2015",,
"TIBCO BPM Enterprise","1.0.3","Retired","04-30-2014",,
"TIBCO Business Studio - BPM Edition","3.4.2","Retired","04-30-2014",,
"TIBCO BPM Enterprise","1.0.2","Retired","04-30-2014",,
"TIBCO Process Integration Broker","9.0(1.3)","Retired","04-01-2010",,
"TIBCO Enterprise Message Service - Clear Version","6.0.1","Retired","10-31-2011","06-03-2022",
"TIBCO Process Integration Broker","9.0(1.2)","Retired","04-01-2010",,
"TIBCO Rendezvous for z/OS","8.3.1","Retired","11-30-2016",,
"TIBCO Process Integration Broker","9.0(1.1)","Retired","04-01-2010",,
"TIBCO Process Integration Broker","9.0(1.0)","Retired","04-01-2010",,
"TIBCO ActiveSpaces Transactions","1.1.3","Retired","01-31-2019",,
"TIBCO Process Integration Broker","9.0(0.0)","Retired","04-01-2010",,
"TIBCO KPSA - Mobile","3.5.8","Retired","12-31-2013","06-10-2022",
"TIBCO Rendezvous for z/OS","8.3.0","Retired","11-30-2016",,
"TIBCO Enterprise Message Service - Clear Version","6.0.0","Retired","10-31-2011","06-03-2022",
"TIBCO Formvine","2.0.0","Retired","04-30-2015",,
"Spotfire Server","3.2.0","Retired","07-21-2013",,
"Spotfire Analyst","3.2.0","Retired","07-21-2013","06-16-2022",
"TIBCO Business Studio - BPM Edition","3.4.1","Retired","04-30-2014",,
"TIBCO Business Studio - BPM Edition","3.4.0","Retired","04-30-2014",,
"TIBCO BPM Enterprise","1.0.0","Retired","04-30-2014",,
"TIBCO BusinessEvents Enterprise Edition","3.0.2","Retired","03-31-2014",,
"TIBCO iProcess Analytics Export","10.6.0.3","Retired","07-31-2012",,
"TIBCO Enterprise Message Service - Clear Version","5.1.5","Retired","10-31-2011","06-03-2022",
"TIBCO iProcess Analytics Export","10.6.0.2","Retired","07-31-2012",,
"TIBCO iProcess Analytics Export","10.6.0.1","Retired","07-31-2012",,
"Spotfire Analyst","3.1.0","Retired","07-21-2013","06-16-2022",
"TIBCO ActiveMatrix BusinessWorks","5.4.3","Retired","10-31-2011",,
"TIBCO Enterprise Message Service - Clear Version","5.1.4","Retired","10-31-2011","06-03-2022",
"TIBCO Ajax Message Service Enterprise Edition","1.3.0","Retired","10-30-2019",,
"TIBCO ActiveSpaces Transactions","1.1.2","Retired","01-31-2019",,
"TIBCO Enterprise Message Service","5.1.3","Retired","11-30-2014",,
"TIBCO Enterprise Message Service - Clear Version","5.1.3","Retired","10-31-2011","06-03-2022",
"TIBCO ActiveMatrix BusinessWorks","5.4.2","Retired","10-31-2011",,
"TIBCO iProcess Workspace (Windows)","11.1.0","Retired","01-31-2015",,
"TIBCO ActiveMatrix BusinessWorks","5.4.1","Retired","10-31-2011",,
"TIBCO ActiveMatrix BusinessWorks Service Engine","5.7.2","Retired","09-30-2014",,
"TIBCO ActiveMatrix Service Grid","2.2.1","Retired","03-31-2016",,
"TIBCO ActiveMatrix Lifecycle Governance Registry Foundation","6.63.01","Retired","04-30-2019",,
"TIBCO ActiveMatrix Lifecycle Governance Framework","3.10.01","Retired","12-31-2015",,
"TIBCO ActiveMatrix BusinessWorks","5.1.4","Retired","07-31-2010",,
"TIBCO ActiveMatrix BusinessWorks Service Engine","5.7.1","Retired","09-30-2014",,
"Spotfire Server","3.0.0","Retired","07-21-2013",,
"Spotfire Developer","3.0.0","Retired","07-21-2013",,
"Spotfire Web Player","3.0.0","Retired","07-21-2013",,
"Spotfire Clinical Graphics","2.0.0","Retired","08-08-2013",,
"Spotfire Analyst","3.0.0","Retired","07-21-2013","06-16-2022",
"TIBCO ActiveMatrix BusinessWorks Plug-in for Salesforce.com","2.1.1","Retired","10-31-2014",,
"TIBCO iProcess Workspace Lite","1.0.0","Retired","01-31-2015",,
"TIBCO ActiveMatrix BusinessWorks","5.7.1","Retired","09-30-2014",,
"TIBCO ActiveMatrix BusinessWorks Plug-in for SWIFT","5.7.0","Retired","03-31-2015",,
"TIBCO iProcess Workspace (Windows)","11.0.2","Retired","07-31-2012",,
"TIBCO iProcess Technology Plug-ins","11.0.1","Retired","07-31-2012",,
"TIBCO ActiveMatrix BusinessWorks","5.2.1","Retired","07-31-2010",,
"TIBCO Adapter SDK","5.6.1","Retired","03-31-2017","05-20-2022",
"TIBCO ActiveMatrix BusinessWorks Plug-in for Files for Unix and Windows","6.0.0","Retired","04-30-2015",,
"TIBCO ActiveMatrix BusinessWorks","5.1.3","Retired","07-31-2010",,
"TIBCO Enterprise Message Service","5.1.2","Retired","11-30-2014",,
"TIBCO Enterprise Message Service - Clear Version","5.1.2","Retired","10-31-2011","06-03-2022",
"TIBCO Enterprise Message Service","5.1.1","Retired","11-30-2014",,
"TIBCO Enterprise Message Service - Clear Version","5.1.1","Retired","10-31-2011","06-03-2022",
"TIBCO Process Engine (Classic)","9.0(0.6.1)","Retired","10-31-2020",,
"TIBCO Process Engine (Classic)","9.0(0.6)","Retired","10-31-2020",,
"TIBCO ActiveMatrix BusinessWorks","5.0.0","Retired","07-31-2010",,
"TIBCO Process Engine (Classic)","9.0(0.34)","Retired","10-31-2020",,
"TIBCO ActiveMatrix BusinessWorks Plug-in for Salesforce.com","2.1.0","Retired","10-31-2014",,
"TIBCO Process Engine (Classic)","9.0(0.33)","Retired","10-31-2020",,
"TIBCO ActiveMatrix Service Grid","2.2.0","Retired","03-31-2016",,
"TIBCO Service Gateway for Files (Open Systems)","5.1.0","Retired","09-30-2013",,
"TIBCO Process Engine (Classic)","9.0(0.30)","Retired","10-31-2020",,
"TIBCO ActiveMatrix Service Bus","2.2.0","Retired","03-31-2016","08-02-2024",
"TIBCO Process Engine (Classic)","9.0(0.3)","Retired","10-31-2020",,
"TIBCO ActiveMatrix Lifecycle Governance Registry Foundation","6.63.0","Retired","04-30-2019",,
"TIBCO ActiveMatrix BusinessWorks","2.0.x","Retired","04-30-2007",,
"TIBCO Process Engine (Classic)","9.0(0.28)","Retired","10-31-2020",,
"TIBCO ActiveMatrix Lifecycle Governance Framework","3.10.0","Retired","12-31-2015",,
"TIBCO Process Engine (Classic)","9.0(0.26)","Retired","10-31-2020",,
"TIBCO ActiveMatrix BusinessWorks Plug-in for SAP Solutions","6.0.0","Retired","12-31-2016","03-10-2023",
"TIBCO Process Engine (Classic)","9.0(0.23)","Retired","10-31-2020",,
"TIBCO Process Engine (Classic)","9.0(0.20)","Retired","10-31-2020",,
"TIBCO Process Engine (Classic)","9.0(0.17)","Retired","10-31-2020",,
"TIBCO iProcess Analytics","4.1.2","Retired","09-30-2012",,
"TIBCO ActiveMatrix Policy Manager","3.0.0","Retired","01-25-2021",,
"TIBCO Process Engine (Classic)","9.0(0.12)","Retired","10-31-2020",,
"TIBCO Process Engine (Classic)","9.0(0.10)","Retired","10-31-2020",,
"TIBCO Process Engine (Classic)","9.0(0.1)","Retired","10-31-2020",,
"TIBCO ActiveMatrix BusinessWorks Service Engine","5.7.0","Retired","09-30-2014",,
"TIBCO Process Engine (Classic)","8.1(5.6)","Retired","10-31-2020",,
"TIBCO Enterprise Message Service","5.1.0","Retired","11-30-2014","11-15-2025",
"TIBCO Process Engine (Classic)","8.1(5.2)","Retired","10-31-2020",,
"TIBCO Enterprise Message Service - Clear Version","5.1.0","Retired","10-31-2011","06-03-2022",
"TIBCO Process Engine (Classic)","8.1(5.0.2)","Retired","10-31-2020",,
"TIBCO Process Engine (Classic)","8.1(4.1)","Retired","10-31-2020",,
"TIBCO ActiveMatrix BusinessWorks","1.0.0","Retired","04-30-2007",,
"TIBCO Process Engine (Classic)","8.1(3.9.6)","Retired","10-31-2020",,
"TIBCO Adapter SDK","5.6.0","Retired","03-31-2017","05-20-2022",
"TIBCO BusinessEvents Enterprise Edition","3.0.1","Retired","03-31-2014",,
"TIBCO Process Engine (Classic)","8.1(3.9.5)","Retired","10-31-2020",,
"TIBCO Process Engine (Classic)","8.1(3.9.2)","Retired","10-31-2020",,
"TIBCO ActiveMatrix BusinessWorks Plug-in for Oracle Tuxedo","5.7.0","Retired","03-31-2018",,
"TIBCO Process Engine (Classic)","8.1(3.9)","Retired","10-31-2020",,
"TIBCO Process Engine (Classic)","8.1(3.4)","Retired","10-31-2020",,
"Spotfire Miner","8.1.2","Retired","08-08-2013",,
"TIBCO Process Engine (Classic)","8.1(3.30)","Retired","10-31-2020",,
"Spotfire S+ Server","8.1.1","Retired","08-08-2013",,
"TIBCO Process Engine (Classic)","8.1(3.3)","Retired","10-31-2020",,
"TIBCO ActiveMatrix BusinessWorks Plug-in for Oracle E-Business Suite","5.4.0","Retired","10-31-2014",,
"TIBCO Process Modeler","9.0(0.16)","Retired","10-31-2020",,
"TIBCO Process Engine (Classic)","8.1(3.27)","Retired","10-31-2020",,
"TIBCO Process Modeler","9.0(0.1)","Retired","10-31-2020",,
"TIBCO Process Engine (Classic)","8.1(3.17)","Retired","10-31-2020",,
"TIBCO Process Engine (Classic)","8.1(3.16)","Retired","10-31-2020",,
"Spotfire S+","8.1.1","Retired","08-08-2013","11-15-2025",
"TIBCO Process Engine (Classic)","8.1(2.0)","Retired","10-31-2020",,
"TIBCO Process Engine (Classic)","8.1(1.9)","Retired","10-31-2020",,
"TIBCO Syndera Operation Suite","3.3.0","Retired","01-31-2017",,
"TIBCO Process Engine (Classic)","8.1(1.5.1)","Retired","10-31-2020",,
"TIBCO Process Engine (Classic)","8.1(1.5)","Retired","10-31-2020",,
"TIBCO Process Engine (Classic)","8.1(1.4.2)","Retired","10-31-2020",,
"TIBCO Process Engine (Classic)","8.1(1.10)","Retired","10-31-2020",,
"TIBCO Process Engine (Classic)","8.1(1.0)","Retired","10-31-2020",,
"TIBCO Process Engine (Classic)","8.0(2.0)","Retired","10-31-2020",,
"TIBCO BusinessWorks COBOL Copybook Plug-in","2.5.0","Retired","09-30-2013",,
"TIBCO Process Engine (Classic)","8.0(1.4)","Retired","10-31-2020",,
"Spotfire Analyst","2.2.0","Retired","07-21-2013",,
"TIBCO Process Engine (Classic)","8.0(0.2)","Retired","10-31-2020",,
"TIBCO Process Engine (Classic)","8.0(0.1)","Retired","10-31-2020",,
"TIBCO Enterprise Message Service - Clear Version","5.0.0","Retired","10-31-2011","06-03-2022",
"TIBCO ActiveMatrix Service Grid","2.1.0","Retired","03-31-2016",,
"TIBCO ActiveMatrix Service Bus","2.1.0","Retired","03-31-2016","08-02-2024",
"TIBCO RFID Interchange","2.1.0","Retired","12-31-2018",,
"TIBCO iProcess Workspace Plug-ins","11.0.0","Retired","07-30-2012",,
"TIBCO ActiveMatrix BusinessWorks Plug-in for SWIFT","5.6.0","Retired","03-31-2015",,
"TIBCO iProcess Technology Plug-ins","11.0.0","Retired","07-31-2012",,
"TIBCO BusinessConnect ebXML Protocol","1.3.0","Retired","09-01-2009",,
"TIBCO BusinessConnect cXML Protocol","1.2.0","Retired","03-01-2009",,
"TIBCO BusinessConnect cXML Protocol","1.0.0","Retired","03-01-2009",,
"TIBCO Hawk JMX Plug-in","4.9.0","Retired","11-30-2016",,
"TIBCO Hawk","4.8.1","Retired","07-31-2014","11-15-2025",
"TIBCO BusinessWorks Collaborator","5.5.1","Retired","01-31-2022",,
"TIBCO PortalBuilder","5.2.2","Retired","12-31-2014",,
"TIBCO ActiveMatrix BusinessWorks Plug-in for Files for Unix and Windows","5.4.0","Retired","03-31-2012",,
"TIBCO ActiveMatrix BusinessWorks Plug-in for Files for Unix and Windows","5.3.1","Retired","03-31-2012",,
"TIBCO ActiveMatrix BusinessWorks Plug-in for Files for Unix and Windows","5.6.0","Retired","04-30-2015",,
"TIBCO ActiveMatrix BusinessWorks Plug-in for Files for Unix and Windows","5.3.0","Retired","03-31-2012",,
"TIBCO Enterprise Message Service","3.1.3","Retired","10-30-2010",,
"TIBCO Adapter SDK","5.5.1","Retired","10-31-2014",,
"TIBCO Enterprise Message Service","3.1.2","Retired","10-30-2010",,
"TIBCO ActiveMatrix BusinessWorks Plug-in for Files for Unix and Windows","5.2.0","Retired","03-31-2012",,
"TIBCO Enterprise Message Service","3.1.1","Retired","10-30-2010",,
"TIBCO Enterprise Message Service","3.1.0","Retired","10-30-2010",,
"TIBCO ActiveMatrix BusinessWorks Plug-in for Files for Unix and Windows","5.1.0","Retired","03-31-2012",,
"TIBCO Enterprise Message Service","3.0.1","Retired","10-30-2010",,
"TIBCO ActiveMatrix BusinessWorks Plug-in for Files for Unix and Windows","5.0.1","Retired","03-31-2012",,
"TIBCO Enterprise Message Service","3.0.0","Retired","10-30-2010",,
"TIBCO Enterprise Message Service","5.0.0","Retired","11-30-2014","11-15-2025",
"TIBCO ActiveMatrix BusinessWorks Plug-in for Files for Unix and Windows","5.0.0","Retired","03-31-2012",,
"Spotfire Developer","2.1.0","Retired","07-21-2013",,
"TIBCO Enterprise Message Service","2.7.0","Retired","10-30-2010",,
"TIBCO Enterprise Message Service","2.0.2","Retired","10-30-2010",,
"Spotfire Web Player","2.1.0","Retired","07-21-2013",,
"TIBCO Enterprise Message Service","2.0.1","Retired","10-30-2010",,
"TIBCO Enterprise Message Service","2.0.0","Retired","10-30-2010",,
"TIBCO Enterprise Message Service","1.3.0","Retired","10-30-2010",,
"TIBCO Enterprise Message Service","1.1.0","Retired","10-30-2010",,
"TIBCO Adapter for EJB","5.0.0","Retired","04-30-2011",,
"TIBCO iProcess Workspace (Windows)","11.0.0","Retired","07-31-2012",,
"TIBCO Hawk","4.8.0","Retired","07-31-2014","11-15-2025",
"TIBCO Enterprise Message Service","4.4.3","Retired","07-31-2012","11-15-2025",
"TIBCO ActiveMatrix Service Grid","2.0.2","Retired","09-09-2011",,
"TIBCO ActiveMatrix Service Bus","2.0.2","Retired","09-09-2011","08-02-2024",
"TIBCO iProcess Decisions Studio","4.1.1","Retired","12-31-2014",,
"TIBCO iProcess Decisions Server","4.1.1","Retired","12-31-2014",,
"TIBCO ActiveMatrix BusinessWorks Plug-in for Files for Unix and Windows","6.2.1","Retired","12-31-2018",,
"TIBCO ActiveMatrix BusinessWorks Plug-in for Files for Unix and Windows","6.2.0","Retired","12-31-2018",,
"TIBCO Rendezvous","8.1.1","Retired","11-30-2014",,
"TIBCO Ajax Message Service Enterprise Edition","1.2.0","Retired","10-30-2019",,
"TIBCO ActiveMatrix BusinessWorks Plug-in for Files for Unix and Windows","5.5.0","Retired","04-30-2015",,
"TIBCO Rendezvous","8.1.0","Retired","11-30-2014",,
"TIBCO ActiveMatrix BusinessWorks Plug-in for Salesforce.com","2.0.0","Retired","10-31-2014",,
"TIBCO ActiveMatrix Service Bus","2.0.1","Retired","09-09-2011","08-02-2024",
"TIBCO ActiveMatrix Service Grid","2.0.1","Retired","09-09-2011",,
"TIBCO Ajax Message Service Enterprise Edition","1.1.0","Retired","10-30-2019",,
"TIBCO ActiveMatrix Adapter for Websphere MQ","6.2.1","Retired","12-31-2015",,
"TIBCO Enterprise Message Service","4.4.2","Retired","07-31-2012","11-15-2025",
"TIBCO ActiveMatrix Adapter for Websphere MQ","6.2.0","Retired","12-31-2015",,
"TIBCO Adapter SDK","5.5.0","Retired","10-31-2014",,
"TIBCO ActiveMatrix Adapter for Websphere MQ","6.0.0","Retired","07-31-2015",,
"TIBCO ActiveMatrix Adapter for Websphere MQ","5.0.0","Retired","10-31-2012",,
"TIBCO SmartSockets","6.8.1","Retired","12-31-2020",,
"TIBCO BusinessConnect","5.2.1","Retired","12-31-2012",,
"TIBCO ActiveMatrix Adapter for Websphere MQ","4.1.0","Retired","04-30-2007",,
"TIBCO ActiveMatrix Adapter for Websphere MQ","4.0.2","Retired","04-30-2007",,
"TIBCO ActiveMatrix Adapter for Websphere MQ","4.0.1","Retired","04-30-2007",,
"TIBCO ActiveMatrix Adapter for Websphere MQ","4.0.0","Retired","04-30-2007",,
"TIBCO ActiveMatrix Adapter for Websphere MQ","5.4.1","Retired","07-31-2015",,
"TIBCO ActiveMatrix Adapter for Websphere MQ","2.x","Retired","12-31-2004",,
"TIBCO BusinessWorks Collaborator","5.5.0","Retired","01-31-2022",,
"TIBCO RFID Interchange","2.0.1","Retired","12-31-2018",,
"TIBCO iProcess Analytics","4.1.0","Retired","09-30-2012",,
"TIBCO iProcess Analytics Export","10.6.0","Retired","07-31-2012",,
"TIBCO ActiveMatrix BusinessWorks Plug-in for SWIFT","5.0.0","Retired","03-31-2011",,
"TIBCO ActiveMatrix Service Bus","2.0.0","Retired","09-09-2011","08-02-2024",
"TIBCO ActiveMatrix Service Grid","2.0.0","Retired","09-09-2011",,
"TIBCO ActiveMatrix BusinessWorks Plug-in for Oracle E-Business Suite","5.3.2","Retired","10-31-2014",,
"TIBCO iProcess Web Services Server Plug-in","10.6.0","Retired","01-31-2015",,
"TIBCO Rendezvous","8.0.0","Retired","11-30-2014","11-15-2025",
"TIBCO InConcert","7.3.0","Retired","01-31-2022",,
"TIBCO ActiveMatrix Adapter for Websphere MQ","5.4.0","Retired","10-31-2012",,
"TIBCO JasperReports","6.1.1","Retired","11-20-2017","05-18-2022",
"TIBCO Jaspersoft ETL (all editions)","6.0.1","Retired","09-01-2018",,
"TIBCO JasperReports","6.1.0","Retired","11-20-2017","05-18-2022",
"TIBCO Jaspersoft ETL (all editions)","5.6.2","Retired","03-01-2018",,
"TIBCO JasperReports","6.0.1","Retired","05-29-2017","05-18-2022",
"TIBCO Jaspersoft ETL (all editions)","5.5.1","Retired","06-01-2017",,
"TIBCO JasperReports","6.0.0","Retired","05-29-2017","05-18-2022",
"TIBCO BusinessWorks COBOL Copybook Plug-in","2.2.0","Retired","10-31-2011",,
"TIBCO Jaspersoft ETL (all editions)","5.4.1","Retired","12-01-2016",,
"TIBCO ActiveMatrix BusinessWorks Plug-in for Oracle Tuxedo","5.6.0","Retired","03-31-2011",,
"TIBCO JasperReports Server","6.1.1","Retired","11-20-2017",,
"TIBCO JasperReports Server","6.1.0","Retired","11-20-2017",,
"TIBCO JasperReports Server","6.0.1","Retired","05-29-2017",,
"TIBCO JasperReports Server","6.0.0","Retired","05-29-2017",,
"TIBCO Service Gateway for WMQ (Open Systems)","5.0.0","Retired","09-30-2013",,
"TIBCO Service Gateway for Oracle (Open Systems)","5.0.0","Retired","09-30-2013",,
"TIBCO Service Gateway for ODBC (Open Systems)","5.0.0","Retired","09-30-2013",,
"TIBCO Service Gateway for Files (Open Systems)","5.0.0","Retired","09-30-2013",,
"TIBCO Jaspersoft iReport","5.6.0","Retired","11-30-2016",,
"TIBCO ActiveMatrix BusinessWorks Plug-in for SWIFT","5.5.0","Retired","03-31-2015",,
"TIBCO BusinessConnect","5.2.0","Retired","12-31-2012",,
"TIBCO JasperReports","6.2.1","Retired","06-28-2018","05-18-2022",
"TIBCO ActiveMatrix BusinessWorks Plug-in for Salesforce.com","1.0.0","Retired","10-31-2014",,
"TIBCO Jaspersoft Studio","6.1.1","Retired","11-20-2017","05-18-2022",
"TIBCO Jaspersoft Studio","6.1.0","Retired","11-20-2017","05-18-2022",
"TIBCO Jaspersoft Studio","6.0.1","Retired","05-29-2017","05-18-2022",
"TIBCO Jaspersoft Studio","6.0.0","Retired","05-29-2017","05-18-2022",
"TIBCO iProcess Technology Plug-ins","11.6.0","Retired","07-31-2024","04-05-2024",
"TIBCO iProcess Engine (Oracle)","11.6.0","Retired","07-31-2024","04-05-2024",
"TIBCO Rendezvous for zLinux","8.4.5","Retired","10-31-2020",,
"TIBCO Rendezvous","8.4.5","Retired","10-31-2020","08-19-2022",
"TIBCO BusinessWorks XA Transaction Manager","1.0.2","Retired","10-30-2022","10-31-2022",
"TIBCO Rendezvous","7.5.4","Retired","10-30-2010","11-15-2025",
"TIBCO ActiveMatrix BusinessWorks Plug-in for Workday","6.0.0","Retired","10-31-2025","03-07-2024",
"TIBCO RFID Interchange","2.0.0","Retired","12-31-2018",,
"TIBCO ActiveSpaces Transactions","2.5.3","Retired","01-31-2019",,
"TIBCO Rendezvous","7.5.3","Retired","10-30-2010",,
"TIBCO Live Datamart","2.1.2","Retired","05-31-2019",,
"TIBCO LiveView Desktop","2.1.2","Retired","12-31-2018",,
"TIBCO LogLogic Enterprise Virtual Appliance","5.6.2","Retired","09-30-2019",,
"TIBCO BusinessConnect","5.1.3","Retired","01-31-2012",,
"TIBCO ActiveMatrix BusinessWorks Plug-in for Oracle Tuxedo","5.5.0","Retired","03-31-2011",,
"TIBCO PortalBuilder","5.2.1","Retired","12-31-2014",,
"TIBCO Enterprise Message Service","4.4.1","Retired","07-31-2012","11-15-2025",
"TIBCO ActiveMatrix Adapter for Lotus Notes","5.3.0","Retired","10-31-2014","05-20-2022",
"TIBCO iProcess Engine (DB2)","11.6.0","Retired","07-31-2024","04-05-2024",
"Spotfire Developer","7.5.0","Retired","06-30-2018",,
"TIBCO Ajax Message Service Enterprise Edition","1.0.0","Retired","10-30-2019",,
"TIBCO iProcess Workspace Plug-ins","11.6.0","Retired","07-31-2024","08-01-2024",
"Spotfire Connectors","7.5.0","Retired","06-30-2018",,
"TIBCO Rendezvous for z/OS","8.4.5","Retired","10-31-2020",,
"TIBCO ActiveMatrix Service Grid","1.0.1","Retired","06-09-2011",,
"TIBCO ActiveMatrix BusinessWorks Plug-in for Database","5.3.0","Retired","03-31-2012",,
"TIBCO iProcess Workspace (Windows)","11.6.0","Retired","07-31-2024","08-01-2024",
"TIBCO Adapter for Teradata","5.4.0","Retired","01-31-2016",,
"Spotfire Server","7.5.0","Retired","06-30-2018",,
"Spotfire Desktop","7.5.0","Retired","06-30-2018",,
"Spotfire Qualification","7.5.0","Retired","06-30-2018",,
"Spotfire Analyst","7.5.0","Retired","06-30-2018","05-18-2022",
"TIBCO BPM Enterprise Distribution for TIBCO Silver Fabric","4.0.0","Retired","07-31-2019","07-15-2024",
"TIBCO ActiveMatrix BusinessWorks Plug-in for sFTP","6.1.0","Retired","01-31-2022","11-19-2022",
"TIBCO BusinessWorks Collaborator","5.4.0","Retired","01-31-2022",,
"TIBCO InConcert","7.2.1","Retired","04-30-2011",,
"TIBCO Adapter for CORBA","5.4.0","Retired","01-31-2016",,
"TIBCO BusinessWorks XA Transaction Manager","1.0.1","Retired","10-30-2022","10-31-2022",
"TIBCO LogLogic Enterprise Virtual Appliance","5.6.3","Retired","09-30-2019",,
"TIBCO Adapter for Remedy","5.2.0","Retired","12-31-2018",,
"TIBCO LogLogic Log Management Intelligence","5.6.3","Retired","09-30-2019",,
"TIBCO Fulfillment Catalog","3.0.1","Retired","10-31-2020","11-15-2025",
"TIBCO ActiveMatrix BusinessWorks Plug-in for Oracle E-Business Suite","5.3.1","Retired","10-31-2014",,
"TIBCO ActiveMatrix BusinessWorks Plug-in for IBM i","7.0.2","Retired","03-31-2018",,
"TIBCO BusinessConnect SOAP Protocol","5.0.1","Retired","03-31-2011",,
"TIBCO Fulfillment Order Management","3.0.1","Retired","08-31-2020","11-15-2025",
"TIBCO BusinessConnect","5.1.2","Retired","01-31-2012",,
"TIBCO ActiveMatrix BusinessWorks Plug-in for Large XML","6.1.0","Retired","12-31-2019",,
"TIBCO LiveView Desktop","2.1.1","Retired","12-31-2018",,
"TIBCO Live Datamart","2.1.1","Retired","05-31-2019",,
"TIBCO ActiveMatrix BusinessWorks Plug-in for PDF","6.1.0","Retired","08-31-2018",,
"TIBCO ActiveMatrix BusinessWorks Plug-in for Oracle Tuxedo","5.4.0","Retired","03-31-2011",,
"TIBCO ActiveMatrix Adapter for Websphere MQ","5.3.0","Retired","10-31-2012",,
"TIBCO ActiveMatrix BusinessWorks Plug-in for Microsoft SharePoint","6.1.0","Retired","12-31-2019",,
"TIBCO Hawk","4.7.0","Retired","04-30-2013","11-15-2025",
"TIBCO iProcess Decisions Studio","4.0.1","Retired","12-31-2014",,
"TIBCO iProcess Decisions Server","4.0.1","Retired","12-31-2014",,
"TIBCO ActiveMatrix Service Grid","1.0.0","Retired","06-09-2011",,
"TIBCO ActiveMatrix BusinessWorks Plug-in for SWIFT","5.4.0","Retired","03-31-2011",,
"TIBCO Live Datamart","1.6.6","Retired","03-31-2016",,
"TIBCO FTL Message Switch","2.1.1","Retired","04-30-2018",,
"TIBCO ActiveMatrix BusinessWorks Plug-in for CICS","2.3.0","Retired","12-31-2019","11-15-2025",
"TIBCO InConcert","7.2.0","Retired","04-30-2011",,
"TIBCO API Exchange Gateway Distribution for TIBCO Silver Fabric","2.2.1","Retired","06-30-2021","10-31-2022",
"TIBCO LogLogic Unity","2.2.0","Retired","09-30-2020","01-12-2024",
"TIBCO ActiveMatrix BusinessWorks Plug-in for LDAP","5.4.0","Retired","10-31-2014",,
"TIBCO ActiveMatrix BusinessWorks Plug-in Development Kit","6.1.1","Retired","10-31-2025","03-07-2024",
"TIBCO API Exchange","2.2.1","Retired","06-30-2021","11-15-2025",
"TIBCO Enterprise Message Service","4.4.0","Retired","07-31-2012","11-15-2025",
"TIBCO ActiveSpaces","1.1.0","Retired","03-31-2015","06-03-2022",
"TIBCO LogLogic Universal Collector","2.7.0","Retired","12-31-2020",,
"TIBCO LogLogic Unity","1.2","Retired","12-01-2017","01-12-2024",
"TIBCO Collaborative Information Manager","6.1.0","Retired","10-15-2009",,
"TIBCO LiveView Web","1","Retired","10-31-2017",,
"TIBCO PortalBuilder","5.2.0","Retired","12-31-2014",,
"TIBCO OpenSpirit Data Connector for GeoFrame","2.0.1","Retired","09-01-2025","08-02-2024",
"TIBCO OpenSpirit Data Connector for PPDM","2.1.0","Retired","09-01-2025","08-02-2024",
"TIBCO OpenSpirit Data Connector for Recall","2.0.1","Retired","09-01-2025","08-02-2024",
"TIBCO OpenSpirit Data Connector for SEGY","2.0.1","Retired","09-01-2025","08-02-2024",
"TIBCO OpenSpirit Data Connector for Petra","2.1.0","Retired","09-01-2025","08-02-2024",
"TIBCO OpenSpirit Copy Manager","2015.0.1","Retired","09-01-2025","08-02-2024",
"TIBCO OpenSpirit Data Connector for Studio","3.4.0","Retired","09-01-2025","08-02-2024",
"TIBCO ActiveMatrix BusinessWorks Plug-in Development Kit","6.1.0","Retired","10-31-2025","03-07-2024",
"TIBCO OpenSpirit Data Connector for Epos","2.2.0","Retired","09-01-2025","08-02-2024",
"TIBCO OpenSpirit Data Connector for OpenWorks","2.2.0","Retired","09-01-2025","08-02-2024",
"TIBCO OpenSpirit Data Connector for KINGDOM","2.1.1","Retired","09-01-2025","08-02-2024",
"TIBCO BusinessConnect SOAP Protocol","5.0.0","Retired","03-31-2011",,
"TIBCO OpenSpirit Runtime","4.2.0","Retired","09-01-2025","08-02-2024",
"TIBCO ActiveMatrix BusinessWorks Plug-in for SAP Solutions","8.0.0","Retired","03-31-2018","05-18-2022",
"TIBCO OpenSpirit Developer Kit","4.2.0","Retired","09-01-2025","08-02-2024",
"TIBCO ActiveMatrix Lifecycle Governance Framework","10.1.0","Retired","04-30-2019",,
"TIBCO Live Datamart","2.0.5","Retired","12-31-2016",,
"TIBCO Rendezvous","7.5.0","Retired","10-30-2010","11-15-2025",
"TIBCO Adapter SDK","5.4.0","Retired","10-31-2014",,
"Spotfire Enterprise Runtime for R","4.0.2","Retired","03-31-2018","05-18-2022",
"TIBCO Ajax Message Service Enterprise Edition","6.0.1","Retired","10-30-2019",,
"TIBCO BusinessConnect","5.1.1","Retired","01-31-2012",,
"TIBCO ActiveMatrix BusinessWorks Plug-in for Oracle E-Business Suite","5.3.0","Retired","10-31-2014",,
"TIBCO LiveView Desktop","2.0.5","Retired","10-31-2017",,
"TIBCO SmartSockets","6.8.0","Retired","12-31-2020",,
"TIBCO Streaming","7.5.5","Retired","12-31-2016",,
"TIBCO ActiveMatrix BusinessWorks Plug-in for Database","5.2.2","Retired","03-31-2012",,
"TIBCO Rendezvous","7.5.2","Retired","10-30-2010",,
"TIBCO Clarity - Enterprise Edition","2.3.0","Retired","07-31-2023","08-01-2023",
"TIBCO BPM","3.0.0","Retired","12-31-2016",,
"TIBCO ActiveSpaces Enterprise Edition for z/Linux","2.1.6","Retired","01-31-2019",,
"TIBCO MDM","9.0.0","Retired","08-31-2020","05-17-2023",
"TIBCO eFTL","2.0.0","Retired","04-30-2018","11-15-2025",
"TIBCO FTL","4.3.0","Retired","01-31-2020",,
"TIBCO BusinessConnect RosettaNet Protocol","5.1.0","Retired","03-31-2011",,
"TIBCO LogLogic Unity","1.1.1","Retired","09-30-2020","01-12-2024",
"TIBCO BusinessConnect","5.1.0","Retired","01-31-2012",,
"TIBCO LogLogic Unity","2.0.0","Retired","12-01-2017","01-12-2024",
"TIBCO Hawk","4.6.1","Retired","04-30-2013","11-15-2025",
"TIBCO Managed File Transfer Platform Server for zLinux","7.2.0","Retired","09-30-2022","10-01-2022",
"TIBCO ActiveMatrix BusinessWorks Plug-in for IBM MQ for z/Linux","7.6.0","Retired","10-31-2022","11-01-2022",
"TIBCO Managed File Transfer Platform Server for UNIX","7.2.0","Retired","09-30-2022","11-07-2022",
"TIBCO ActiveMatrix BusinessWorks Plug-in for IBM MQ","7.6.0","Retired","10-31-2022","11-01-2022",
"TIBCO Rendezvous","7.5.1","Retired","10-30-2010",,
"TIBCO Service Gateway for IMS/DB","4.1.1","Retired","01-15-2011",,
"TIBCO Service Gateway for IDMS/DB","4.1.1","Retired","01-15-2011",,
"TIBCO Service Gateway for DB2","4.1.1","Retired","01-15-2011",,
"TIBCO LiveView Web","1.0.0","Retired","10-31-2017",,
"TIBCO Business Studio - BPM Edition","4.0.0","Retired","07-31-2019",,
"TIBCO LogLogic Log Management Intelligence","5.6.2","Retired","09-30-2019",,
"TIBCO PortalBuilder","5.1.1","Retired","12-31-2014",,
"TIBCO Enterprise Message Service","4.3.0","Retired","10-30-2010","11-15-2025",
"Spotfire Analyst","1.2.1","Retired","07-21-2013",,
"TIBCO ActiveMatrix BusinessWorks Plug-in for Data Conversion","4.4.0","Retired","10-31-2022","11-01-2022",
"TIBCO Database Drivers Supplement","2.0.4","Retired","07-31-2023","07-11-2022",
"TIBCO BPM Enterprise","4.0.0","Retired","07-31-2019",,
"TIBCO BusinessWorks XA Transaction Manager","1.0.0","Retired","10-30-2022","10-31-2022",
"TIBCO Live Datamart","2.1.0","Retired","05-31-2019",,
"TIBCO Hawk JMX Plug-in","2.0.0","Retired","07-31-2014","11-15-2025",
"TIBCO LiveView Desktop","2.1.0","Retired","12-31-2018",,
"TIBCO Rendezvous","7.4.1","Retired","10-30-2010",,
"TIBCO Enterprise Message Service for zLinux","8.2.2","Retired","04-30-2018",,
"TIBCO Managed File Transfer Internet Server","7.3.0","Retired","04-30-2019",,
"TIBCO Enterprise Message Service","8.2.2","Retired","04-30-2018","11-15-2025",
"TIBCO Managed File Transfer Command Center","7.3.0","Retired","04-30-2019",,
"Spotfire Enterprise Runtime for R","4.0.1","Retired","03-31-2018","05-18-2022",
"TIBCO BusinessConnect RosettaNet Protocol","5.0.0","Retired","03-31-2011",,
"TIBCO Adapter SDK","5.3.2","Retired","09-30-2011",,
"TIBCO Nimbus","9.5.2","Retired","10-30-2019",,
"TIBCO BusinessConnect Trading Community Management","5.0.0","Retired","12-31-2014",,
"TIBCO JasperReports Library for ActiveMatrix BPM","6.1.1","Retired","07-31-2019","07-15-2024",
"TIBCO JasperReports Server for ActiveMatrix BPM","6.1.1","Retired","07-31-2019","07-15-2024",
"TIBCO BusinessConnect","5.0.0","Retired","01-31-2012",,
"TIBCO Clarity - Enterprise Edition","2.2.0","Retired","07-31-2023","08-01-2023",
"TIBCO RFID Interchange","1.0.2","Retired","12-31-2018",,
"TIBCO Jaspersoft Studio for ActiveMatrix BPM","6.1.1","Retired","07-31-2019","07-15-2024",
"TIBCO ActiveMatrix BusinessWorks Plug-in for SWIFT","5.3.0","Retired","03-31-2011",,
"TIBCO Managed File Transfer Internet Server","7.2.5","Retired","04-30-2018",,
"TIBCO API Exchange","2.2.0","Retired","06-30-2021","11-15-2025",
"TIBCO PortalBuilder","5.1.0","Retired","12-31-2014",,
"TIBCO Managed File Transfer Internet Server with RocketStream Accelerator","7.2.5","Retired","04-30-2018",,
"TIBCO ActiveMatrix Adapter for Lotus Notes","5.2.0","Retired","03-31-2011","05-24-2022",
"TIBCO API Exchange Gateway Distribution for TIBCO Silver Fabric","2.2.0","Retired","06-30-2021","10-31-2022",
"TIBCO Managed File Transfer Command Center","7.2.5","Retired","04-30-2018",,
"TIBCO Slingshot","1.9.4","Retired","10-31-2023","11-01-2023",
"Spotfire Server","7.0.1","Retired","03-31-2018",,
"TIBCO Vault","2.0.1","Retired","10-31-2023","11-01-2023",
"Spotfire Enterprise Runtime for R","4.0.0","Retired","03-31-2018","05-18-2022",
"TIBCO Adapter for CORBA","5.3.0","Retired","10-31-2012",,
"Spotfire Server","6.0.5","Retired","06-12-2016",,
"TIBCO iProcess COM Server Plug-in","10.3.0","Retired","03-31-2010",,
"TIBCO Adapter for EJB","5.2.0","Retired","04-30-2011",,
"Spotfire Server","5.5.4","Retired","12-12-2015",,
"TIBCO iProcess COM Client Plug-in","10.3.0","Retired","03-31-2010",,
"TIBCO Streaming","7.5.4","Retired","12-31-2016",,
"TIBCO Live Datamart","2.0.4","Retired","12-31-2016",,
"TIBCO BusinessFactor","5.1.0","Retired","03-31-2014",,
"TIBCO BusinessWorks COBOL Copybook Plug-in","1.1.0","Retired","07-31-2010",,
"TIBCO OpenSpirit Scan for Studio","4.0.0","Retired","09-01-2025","08-02-2024",
"TIBCO Web Messaging for TIBCO Enterprise Message Service","4.0.9","Retired","03-21-2021",,
"TIBCO Hawk","4.6.0","Retired","04-30-2013","11-15-2025",
"TIBCO Substation ES","2.9.0","Retired","03-31-2021",,
"TIBCO Messaging Appliance P-7500","8.7.2","Retired","03-18-2018",,
"TIBCO Adapter SDK","5.3.0","Retired","09-30-2011",,
"TIBCO Rendezvous Network Server","1.1.1","Retired","09-30-2021",,
"TIBCO ActiveMatrix Adapter for Websphere MQ","5.2.1","Retired","10-31-2012",,
"TIBCO ObjectStar Integration Foundation","4.1.0","Retired","01-15-2011","06-03-2022",
"TIBCO Rendezvous for z/OS","8.4.4","Retired","10-31-2020",,
"TIBCO ActiveMatrix BusinessWorks Plug-in for LDAP","5.3.0","Retired","10-31-2012",,
"TIBCO Rendezvous for zLinux","8.4.4","Retired","10-31-2020",,
"TIBCO Rendezvous","8.4.4","Retired","10-31-2020","08-19-2022",
"TIBCO SmartSockets","6.7.0","Retired","01-31-2013",,
"TIBCO Adapter for CORBA","5.2.0","Retired","10-31-2012","06-03-2022",
"TIBCO InConcert","7.1.0","Retired","04-30-2011",,
"TIBCO ActiveMatrix BusinessWorks Plug-in for Oracle E-Business Suite","5.2.1","Retired","04-30-2011",,
"TIBCO BusinessConnect","6.2.1","Retired","12-31-2017","11-15-2025",
"TIBCO Rendezvous","7.4.0","Retired","10-30-2010",,
"TIBCO BusinessConnect ebXML Protocol","6.1.0","Retired","09-30-2021","11-15-2025",
"TIBCO ActiveMatrix BusinessWorks Plug-in for IBM MQ","8.3.1","Retired","10-31-2022","11-01-2022",
"TIBCO ActiveMatrix BusinessWorks Plug-in for SWIFT","6.0.0","Retired","03-31-2018",,
"TIBCO BusinessEvents Extreme","1.3.2","Retired","12-31-2020","11-15-2025",
"TIBCO BusinessFactor","5.0.0","Retired","03-31-2014",,
"TIBCO Adapter for EJB","5.1.2","Retired","04-30-2011","05-24-2022",
"TIBCO ActiveSpaces Transactions","2.5.2","Retired","01-31-2019",,
"TIBCO OpenSpirit Adapter for Petrel","24.0.0","Retired","09-01-2025","08-02-2024",
"TIBCO ActiveMatrix BusinessWorks Plug-in for OSISoft PI System","6.0.0","Retired","08-31-2018",,
"TIBCO ActiveMatrix BusinessWorks Plug-in for Database","5.2.1","Retired","03-31-2012",,
"TIBCO ActiveMatrix BusinessWorks Plug-in for PeopleSoft","5.1.2","Retired","03-31-2011","05-24-2022",
"TIBCO ActiveMatrix BusinessWorks Plug-in for IBM i","5.2.1","Retired","09-30-2011",,
"TIBCO iProcess Decisions Server Plug-in","10.2.0","Retired","04-01-2010",,
"TIBCO XML Canon","3.1.1","Retired","03-21-2023","03-22-2023",
"TIBCO ActiveMatrix BusinessWorks Plug-in for SWIFT","5.2.0","Retired","03-31-2011","05-24-2022",
"TIBCO Adapter SDK","5.2.1","Retired","09-30-2011",,
"TIBCO Enterprise Message Service","4.2.0","Retired","10-30-2010","11-15-2025",
"TIBCO PortalBuilder","4.5.3","Retired","12-31-2014",,
"TIBCO iProcess Objects (Java)","10.2.0","Retired","03-31-2010",,
"TIBCO ActiveMatrix BusinessWorks Plug-in for Oracle Tuxedo","5.3.0","Retired","03-31-2011",,
"TIBCO RFID Interchange","1.0.0","Retired","12-31-2018",,
"TIBCO BusinessWorks Collaborator","5.2.0","Retired","01-15-2009",,
"TIBCO ActiveMatrix Adapter for Websphere MQ","5.2.0","Retired","10-31-2012","05-24-2022",
"TIBCO Hawk HTTP Adapter","4.1.1","Retired","07-31-2014","11-15-2025",
"TIBCO ActiveMatrix BusinessWorks Plug-in for IBM i","5.2.0","Retired","09-30-2011",,
"TIBCO XML Canon","3.1.0","Retired","03-31-2023","04-01-2023",
"TIBCO ActiveMatrix BusinessWorks Plug-in for EJB","5.2.0","Retired","07-31-2010",,
"TIBCO Hawk","4.5.1","Retired","03-15-2008",,
"TIBCO ActiveMatrix BusinessWorks Plug-in for Siebel","5.2.0","Retired","03-31-2011",,
"TIBCO ActiveMatrix BusinessWorks Plug-in for PeopleSoft","5.1.1","Retired","03-31-2011",,
"TIBCO Adapter SDK","5.2.0","Retired","09-30-2011",,
"TIBCO iProcess Decisions Client Plug-in","10.0.4","Retired","04-01-2010",,
"TIBCO iProcess Decisions Server Plug-in","10.0.4","Retired","04-01-2010",,
"TIBCO iProcess Objects (COM)","10.0.6","Retired","03-31-2010",,
"TIBCO ActiveMatrix BusinessWorks Plug-in for Oracle E-Business Suite","5.2.0","Retired","04-30-2011",,
"TIBCO ActiveMatrix BusinessWorks Plug-in for Database","5.2.0","Retired","03-31-2012",,
"TIBCO BusinessWorks COBOL Copybook Plug-in","1.0.0","Retired","07-31-2010",,
"TIBCO iProcess Objects (Java)","10.0.4","Retired","03-31-2010",,
"TIBCO iProcess Objects (COM)","10.0.4","Retired","03-31-2010",,
"TIBCO Hawk JMX Plug-in","1.0.0","Retired","07-31-2014","11-15-2025",
"TIBCO Hawk","4.5.0","Retired","03-15-2008",,
"TIBCO ActiveMatrix BusinessWorks Plug-in for Oracle Tuxedo","5.2.0","Retired","03-31-2011",,
"TIBCO BusinessConnect","3.5.1","Retired","01-31-2012","11-15-2025",
"TIBCO Adapter for CORBA","5.1.1","Retired","10-31-2012",,
"TIBCO ActiveMatrix BusinessWorks Plug-in for LDAP","5.2.0","Retired","10-31-2012","05-24-2022",
"TIBCO Hawk","4.2.1","Retired","03-15-2008","11-15-2025",
"TIBCO InConcert","6.2.1","Retired","06-30-2008",,
"TIBCO ActiveMatrix BusinessWorks Plug-in for SWIFT","5.1.1","Retired","03-31-2011",,
"TIBCO Adapter for EJB","5.1.1","Retired","04-30-2011",,
"TIBCO SmartSockets","6.6.0","Retired","01-31-2013",,
"TIBCO Enterprise Message Service","4.1.0","Retired","10-30-2010","11-15-2025",
"TIBCO BusinessConnect ebXML Protocol","1.3.1","Retired","09-01-2009",,
"TIBCO BusinessConnect cXML Protocol","1.4.0","Retired","03-01-2009",,
"TIBCO Adapter SDK","5.1.3","Retired","09-30-2011",,
"TIBCO Enterprise Message Service","4.0.0","Retired","10-30-2010","11-15-2025",
"TIBCO SmartSockets","6.5.1","Retired","01-31-2013",,
"TIBCO BusinessConnect Protocol for UCCnet Services","2.5.0","Retired","04-30-2013",,
"TIBCO ActiveMatrix BusinessWorks Plug-in for EJB","5.1.3","Retired","07-31-2010",,
"TIBCO ActiveMatrix BusinessWorks Plug-in for LDAP","5.1.0","Retired","10-31-2012",,
"TIBCO PortalBuilder","4.5.2","Retired","12-31-2014","06-03-2022",
"TIBCO ActiveMatrix BusinessWorks Plug-in for Oracle Tuxedo","5.1.0","Retired","03-31-2011",,
"TIBCO Adapter for Remedy","5.1.0","Retired","03-31-2011","05-24-2022",
"TIBCO Adapter for EJB","5.1.0","Retired","04-30-2011",,
"TIBCO Adapter for CORBA","5.1.0","Retired","10-31-2012",,
"TIBCO ActiveMatrix BusinessWorks Plug-in for Database","5.1.0","Retired","03-31-2012",,
"TIBCO ActiveMatrix BusinessWorks Plug-in for EJB","5.1.2","Retired","07-31-2010",,
"TIBCO ActiveMatrix Adapter for Websphere MQ","5.1.0","Retired","10-31-2012",,
"TIBCO InConcert","6.2.0","Retired","06-30-2008",,
"TIBCO SmartPGM","4.1.0","Retired","09-30-2017",,
"TIBCO ActiveMatrix Adapter for Lotus Notes","5.1.0","Retired","03-31-2011","05-24-2022",
"TIBCO ActiveMatrix BusinessWorks Plug-in for SWIFT","5.1.0","Retired","03-31-2011",,
"TIBCO ActiveMatrix BusinessWorks Plug-in for Oracle E-Business Suite","5.1.0","Retired","04-30-2011",,
"TIBCO BusinessConnect Protocol for UCCnet Services","2.0.0","Retired","04-30-2013",,
"TIBCO ActiveMatrix Adapter for Websphere MQ","5.0.2","Retired","10-31-2012",,
"TIBCO PortalPack for Jive Forums","3.0.0","Retired","12-31-2014","06-03-2022",
"TIBCO Adapter SDK","5.1.2","Retired","09-30-2011",,
"TIBCO ActiveMatrix BusinessWorks Plug-in for LDAP","5.0.1","Retired","10-31-2012",,
"TIBCO Hawk","4.2.0","Retired","03-15-2008",,
"TIBCO ActiveMatrix BusinessWorks Plug-in for SWIFT","5.0.1","Retired","03-31-2011",,
"TIBCO SmartSockets","6.5.0","Retired","01-31-2013",,
"TIBCO Adapter for EJB","5.0.1","Retired","04-30-2011",,
"TIBCO ActiveMatrix BusinessWorks Plug-in for Oracle Tuxedo","5.0.1","Retired","03-31-2011",,
"TIBCO Adapter for Remedy","5.0.1","Retired","03-31-2011","05-24-2022",
"TIBCO Hawk HTTP Adapter","4.1.0","Retired","07-31-2014",,
"TIBCO ActiveMatrix BusinessWorks Plug-in for Database","5.0.1","Retired","09-15-2005",,
"TIBCO IntegrationManager","5.0.1","Retired","03-10-2008",,
"TIBCO SmartSockets","5.5.5","Retired","01-31-2013",,
"TIBCO BusinessConnect cXML Protocol","1.3.1","Retired","03-01-2009",,
"TIBCO InConcert","6.1.1","Retired","06-30-2008",,
"TIBCO Hawk","4.1.1","Retired","03-15-2008",,
"TIBCO SmartPGM","4.0.1","Retired","09-30-2017",,
"TIBCO PortalPack for BusinessWorks","2.0.0","Retired","12-31-2014","06-03-2022",
"TIBCO PortalBuilder","4.5.1","Retired","12-31-2014","06-03-2022",
"TIBCO Adapter SDK","5.0.1","Retired","09-30-2011",,
"TIBCO Adapter for Remedy","4.1.2","Retired","06-30-2008","05-23-2022",
"TIBCO ActiveMatrix BusinessWorks Plug-in for Oracle E-Business Suite","5.0.1","Retired","04-30-2011",,
"TIBCO SmartPGM","3.2.11","Retired","09-30-2017",,
"TIBCO ActiveMatrix Adapter for Websphere MQ","5.0.1","Retired","10-31-2012",,
"TIBCO BusinessConnect ebXML Protocol","1.2.0","Retired","09-01-2009",,
"TIBCO BusinessConnect RosettaNet Protocol","2.8.0","Retired","09-15-2007","06-07-2022",
"TIBCO BusinessConnect","3.5.0","Retired","01-31-2012",,
"TIBCO SmartPGM","4.0.0","Retired","09-30-2017",,
"TIBCO InConcert","6.1.0","Retired","06-30-2008",,
"TIBCO SmartPGM","3.2.10","Retired","09-30-2017",,
"TIBCO ActiveMatrix BusinessWorks Plug-in for Oracle Tuxedo","4.2.0","Retired","04-30-2007",,
"TIBCO SmartSockets","6.4.1","Retired","01-31-2013",,
"TIBCO SmartSockets","6.4.2","Retired","01-31-2013",,
"TIBCO Hawk","4.1.0","Retired","03-15-2008","11-15-2025",
"TIBCO ActiveMatrix BusinessWorks Plug-in for LDAP","4.2.0","Retired","04-30-2007",,
"TIBCO PortalPack for BusinessWorks","1.0.0","Retired","12-31-2014","06-03-2022",
"TIBCO Adapter for Teradata","4.1.1","Retired","04-30-2007",,
"TIBCO BusinessConnect RosettaNet Protocol","2.7.0","Retired","09-15-2007","06-07-2022",
"TIBCO BusinessConnect","3.0.1","Retired","01-31-2012",,
"TIBCO ActiveMatrix Adapter for Websphere MQ","4.2.0","Retired","04-30-2007",,
"TIBCO PortalBuilder","4.5.0","Retired","12-31-2014","06-03-2022",
"TIBCO Hawk Adapter for Tivoli","4.0.1","Retired","04-30-2013","11-15-2025",
"TIBCO BusinessConnect ebXML Protocol","1.1.0","Retired","09-01-2009",,
"TIBCO IntegrationManager","4.5.0","Retired","04-30-2007",,
"TIBCO SmartSockets","6.2.2","Retired","01-31-2013",,
"TIBCO Hawk","4.0.5","Retired","03-15-2008",,
"TIBCO ActiveMatrix BusinessWorks Plug-in for Database","4.2.0","Retired","04-30-2007",,
"TIBCO InConcert","5.1.2","Retired","06-30-2008",,
"TIBCO ActiveMatrix Adapter for Lotus Notes","4.2.0","Retired","04-30-2007","05-23-2022",
"TIBCO Hawk Database Adapter","4.0.0","Retired","07-31-2014","11-15-2025",
"TIBCO Adapter for CORBA","4.1.1","Retired","04-30-2007",,
"TIBCO SmartPGM","3.2.0","Retired","09-30-2017",,
"TIBCO SmartSockets Cache","1.0.1","Retired","01-31-2018",,
"TIBCO Adapter for Remedy","4.1.1","Retired","06-30-2008","05-23-2022",
"TIBCO ActiveMatrix BusinessWorks Plug-in for Oracle Tuxedo","4.1.1","Retired","04-30-2007",,
"TIBCO SmartPGM","3.1.2","Retired","09-30-2017",,
"TIBCO BusinessConnect ebXML Protocol","1.0.1","Retired","09-01-2009",,
"TIBCO SmartSockets","6.2.1","Retired","01-31-2013",,
"TIBCO PortalBuilder","4.0.2","Retired","12-31-2014","06-03-2022",
"TIBCO Hawk","4.0.3","Retired","03-15-2008",,
"TIBCO BusinessConnect","3.0.0","Retired","01-31-2012",,
"TIBCO ActiveMatrix BusinessWorks Plug-in for LDAP","4.1.1","Retired","04-30-2007",,
"TIBCO IntegrationManager","4.1.0","Retired","04-30-2007",,
"TIBCO Adapter for CORBA","4.0.0","Retired","04-30-2007","06-03-2022",
"TIBCO ActiveMatrix Adapter for Websphere MQ","4.1.1","Retired","04-30-2007",,
"TIBCO Hawk Adapter for Tivoli","4.0.0","Retired","04-30-2013",,
"TIBCO Hawk SNMP Adapter","4.0.0","Retired","07-31-2014","11-15-2025",
"TIBCO Hawk HTTP Adapter","4.0.0","Retired","07-31-2014",,
"TIBCO Hawk HTTP Adapter","1.0.0","Retired","07-31-2014",,
"TIBCO Hawk","3.1.4","Retired","03-15-2008",,
"TIBCO XML Transform","1.1.0","Retired","09-30-2011",,
"TIBCO InConcert","6.0.0","Retired","06-30-2008",,
"TIBCO PartnerExpress","2.5.0","Retired","12-31-2012","05-24-2022",
"TIBCO PortalPack for PeopleSoft","1.0.2","Retired","03-31-2010","06-03-2022",
"TIBCO BusinessConnect ebXML Protocol","1.0.0","Retired","09-01-2009","06-07-2022",
"TIBCO BusinessConnect RosettaNet Protocol","2.6.0","Retired","09-15-2007","06-07-2022",
"TIBCO BusinessConnect cXML Protocol","1.3.0","Retired","03-01-2009",,
"TIBCO PortalBuilder","4.0.1","Retired","12-31-2014","06-03-2022",
"TIBCO Adapter for Teradata","4.1.0","Retired","04-30-2007",,
"Spotfire Enterprise Runtime for R","2.6.0","Retired","03-31-2017","05-18-2022",
"tibbr","5.1.1","Retired","03-31-2018",,
"TIBCO ActiveMatrix BusinessWorks Plug-in for Marketo","6.0.0","Retired","10-31-2025","03-05-2024",
"TIBCO ActiveMatrix BusinessWorks Plug-in for Database","4.1.0","Retired","04-30-2007",,
"tibbr","5.1.0","Retired","03-31-2018",,
"TIBCO LogLogic Visual Analytics","2.0.0","Retired","12-31-2020",,
"Spotfire Developer","3.1.0","Retired","07-21-2013",,
"TIBCO ActiveMatrix BusinessWorks Express","1.1.0","Retired","04-30-2018",,
"Spotfire Server","3.1.0","Retired","07-21-2013",,
"TIBCO LogLogic Log Management Intelligence","5.5.0","Retired","06-30-2018",,
"TIBCO ActiveMatrix BusinessWorks Plug-in for IBM i","6.0.0","Retired","03-31-2018",,
"TIBCO LogLogic Enterprise Virtual Appliance","5.5.0","Retired","06-30-2018",,
"TIBCO Rendezvous","8.2.2","Retired","11-30-2014","11-15-2025",
"TIBCO LogLogic Universal Collector","2.5.0","Retired","06-30-2018",,
"TIBCO XML Canon","3.2.0","Retired","03-21-2023","03-22-2023",
"TIBCO ActiveMatrix BusinessWorks","5.12.0","Retired","06-30-2019","11-15-2025",
"TIBCO ActiveMatrix BusinessWorks Service Engine","5.8.0","Retired","04-30-2015",,
"TIBCO BusinessConnect EDI Protocol Powered by Instream","6.5.1","Retired","12-31-2016","11-15-2025",
"TIBCO ActiveMatrix BusinessWorks","5.8.0","Retired","04-30-2015",,
"TIBCO ActiveMatrix BusinessWorks Plug-in for Salesforce.com","2.2.0","Retired","03-31-2015",,
"TIBCO ActiveMatrix Service Grid","2.3.0","Retired","12-31-2016","11-15-2025",
"TIBCO ActiveMatrix Service Bus","2.3.0","Retired","12-31-2016","08-02-2024",
"TIBCO ActiveMatrix BusinessWorks Plug-in for CICS","2.1.0","Retired","03-31-2018",,
"Spotfire Statistics Services","6.5.0","Retired","03-31-2017",,
"TIBCO ActiveMatrix BusinessWorks Plug-in for Oracle E-Business Suite","6.0.0","Retired","03-31-2018",,
"Spotfire Qualification","6.5.0","Retired","03-31-2017","05-31-2022",
"TIBCO ActiveMatrix Policy Manager","3.1.0","Retired","01-25-2021",,
"TIBCO ActiveMatrix BusinessWorks Plug-in for NetSuite","6.0.0","Retired","03-31-2018",,
"Spotfire Automation Services","6.5.0","Retired","03-31-2017",,
"TIBCO ActiveMatrix BusinessWorks Plug-in for Facebook","6.0.0","Retired","08-31-2018",,
"TIBCO ActiveMatrix BusinessWorks Plug-in for Big Data","6.0.0","Retired","10-31-2025","03-04-2024",
"Spotfire Analyst","6.5.0","Retired","03-31-2017","05-18-2022",
"TIBCO RFID Interchange","2.2.0","Retired","12-31-2018",,
"TIBCO ActiveMatrix BusinessWorks Plug-in for Data Conversion","4.1.0","Retired","10-31-2022","11-01-2022",
"Spotfire Metrics Modeler","6.5.0","Retired","08-01-2016",,
"TIBCO BusinessConnect ConfigStore Management Interface Protocol","1.0.0","Retired","09-30-2014",,
"TIBCO ActiveMatrix BusinessWorks Plug-in for IBM MQ","8.1.0","Retired","10-31-2022","11-01-2022",
"Spotfire Web Player","6.5.0","Retired","03-31-2017","05-18-2022",
"TIBCO BusinessConnect","5.3.1","Retired","12-31-2013",,
"TIBCO ActiveMatrix BusinessWorks Plug-in for Microsoft SharePoint","6.0.0","Retired","03-31-2018",,
"Spotfire Metrics Services","6.5.0","Retired","08-01-2016",,
"TIBCO ActiveMatrix BusinessWorks Plug-in for Twitter","6.0.0","Retired","03-31-2018",,
"Spotfire Developer","6.5.0","Retired","03-31-2017",,
"Spotfire Statistics Services","3.1.0","Retired","08-08-2013","11-08-2023",
"Spotfire Web Player","3.1.0","Retired","07-21-2013",,
"Spotfire Desktop","6.5.0","Retired","03-31-2017",,
"TIBCO Enterprise Message Service","5.1.4","Retired","11-30-2014","11-15-2025",
"TIBCO iProcess Engine (DB2)","11.4.1","Retired","12-31-2018","11-15-2025",
"TIBCO ActiveMatrix BusinessWorks Plug-in for PeopleSoft","6.0.0","Retired","03-31-2018",,
"TIBCO iProcess Workspace Plug-ins","11.2.0","Retired","01-31-2015","08-19-2022",
"TIBCO ActiveMatrix BusinessWorks Plug-in for IBM MQ","8.0.0","Retired","10-31-2022","11-01-2022",
"Spotfire Server","6.5.0","Retired","03-31-2017",,
"TIBCO ActiveMatrix BusinessWorks Plug-in for Data Conversion","4.0.0","Retired","10-31-2022","11-01-2022",
"TIBCO Rendezvous","8.2.1","Retired","11-30-2014",,
"TIBCO Trading Partner Management REST API","1.0.0","Retired","12-31-2021","11-15-2025",
"TIBCO iProcess Technology Plug-ins","11.2.0","Retired","01-31-2015",,
"TIBCO ActiveMatrix BusinessWorks Plug-in for Mobile Integration","6.0.0","Retired","10-31-2025","03-06-2024",
"Spotfire Server","3.0.1","Retired","07-21-2013",,
"TIBCO Hawk","5.1.0","Retired","12-31-2019","11-15-2025",
"TIBCO ActiveMatrix BusinessWorks Plug-in for CICS","2.0.0","Retired","03-31-2018",,
"TIBCO ActiveMatrix Lifecycle Governance Registry Foundation","6.64.01","Retired","04-30-2019",,
"TIBCO API Exchange Gateway Distribution for TIBCO Silver Fabric","2.1.0","Retired","06-30-2021","10-31-2022",
"TIBCO ActiveMatrix BusinessWorks Plug-in for ActiveSpaces","6.0.0","Retired","01-31-2019",,
"TIBCO ActiveMatrix Lifecycle Governance Framework","3.20.01","Retired","12-31-2015",,
"TIBCO Nimbus","9.3.0","Retired","04-30-2018","05-18-2022",
"TIBCO Web Messaging for TIBCO Enterprise Message Service","4.0.5","Retired","03-21-2021",,
"Spotfire Clinical Graphics","2.0.1","Retired","08-08-2013",,
"TIBCO ActiveMatrix BusinessWorks","5.7.2","Retired","09-30-2014",,
"TIBCO Enterprise Message Service for zLinux","8.1.0","Retired","04-30-2018",,
"TIBCO Enterprise Message Service","8.1.0","Retired","04-30-2018","08-19-2022",
"TIBCO ActiveMatrix BusinessWorks Plug-in for Data Conversion","3.0.0","Retired","10-31-2022","11-01-2022",
"DataSynapse GridServer","5.1.1","Retired","12-31-2020",,
"TIBCO Business Studio - BPM Edition","3.7.0","Retired","09-30-2018",,
"TIBCO BPM Enterprise","3.0.0","Retired","09-30-2018",,
"TIBCO Business Studio ActiveMatrix Decisions Add-In","1.1.1","Retired","12-31-2017","11-15-2025",
"Spotfire Enterprise Runtime for R","2.5.0","Retired","03-31-2017","05-18-2022",
"TIBCO ActiveMatrix Decisions","1.1.1","Retired","12-31-2017","05-18-2022",
"TIBCO Adapter SDK","5.6.2","Retired","03-31-2017","05-20-2022",
"TIBCO ActiveSpaces Transactions","2.3.4","Retired","01-31-2019",,
"TIBCO ActiveMatrix BusinessWorks Plug-in for Data Conversion","3.4.0","Retired","10-31-2022","11-01-2022",
"TIBCO Vault","1.0.1","Retired","10-31-2023","11-01-2023",
"TIBCO ActiveMatrix Adapter for Lotus Notes","6.0.0","Retired","12-18-2018",,
"TIBCO Slingshot","1.9.1","Retired","10-31-2023","11-01-2023",
"TIBCO iProcess Decisions Studio","4.1.2","Retired","12-31-2014",,
"TIBCO iProcess Workspace (Windows)","11.4.2","Retired","12-31-2018","11-15-2025",
"TIBCO Managed File Transfer Internet Server","7.2.2","Retired","04-30-2018",,
"TIBCO iProcess Decisions Server","4.1.2","Retired","12-31-2014",,
"TIBCO iProcess Workspace (Browser)","11.4.1","Retired","07-31-2024","08-01-2024",
"TIBCO Managed File Transfer Command Center","7.2.2","Retired","04-30-2018",,
"TIBCO Rendezvous","8.2.0","Retired","11-30-2014",,
"TIBCO iProcess Workspace Plug-ins","11.4.1","Retired","12-31-2018","11-15-2025",
"TIBCO PortalBuilder","5.3.0","Retired","12-31-2014","06-03-2022",
"TIBCO Messaging Appliance P-7500","8.7.1","Retired","03-18-2018",,
"TIBCO iProcess Engine (SQL)","11.4.1","Retired","12-31-2018","08-22-2022",
"Spotfire Developer","3.0.1","Retired","07-21-2013","11-15-2025",
"TIBCO Adapter for CORBA","5.5.0","Retired","01-31-2016",,
"TIBCO iProcess Technology Plug-ins","11.4.1","Retired","12-31-2018","11-15-2025",
"TIBCO BusinessConnect","5.3.0","Retired","12-31-2013",,
"TIBCO BusinessConnect SOAP Protocol","6.0.0","Retired","06-30-2017","11-15-2025",
"TIBCO Spotfire Advanced Data Services","1.0.0","Retired","08-02-2014",,
"Spotfire Desktop","6.0.1","Retired","06-12-2016",,
"TIBCO Spotfire Application Data Services for Siebel eBusiness Applications","1.0.0","Retired","08-01-2014",,
"TIBCO Spotfire Application Data Services for Salesforce.com","1.0.0","Retired","08-01-2014",,
"Spotfire Web Player","4.0.4","Retired","06-12-2014",,
"TIBCO Spotfire Application Data Services for SAP ERP","1.0.0","Retired","08-01-2014",,
"Spotfire Web Player","4.5.2","Retired","12-13-2014",,
"TIBCO Spotfire Application Data Services for SAP BW","1.0.0","Retired","08-01-2014",,
"Spotfire Web Player","5.0.2","Retired","06-13-2015",,
"TIBCO iProcess Web Services Server Plug-in","10.6.1","Retired","01-31-2015",,
"Spotfire Web Player","5.5.1","Retired","12-12-2015",,
"Spotfire Web Player","6.0.1","Retired","06-12-2016","05-18-2022",
"TIBCO Rendezvous","8.4.2","Retired","10-31-2020","11-15-2025",
"Spotfire Web Player","2.2.0","Retired","07-21-2013",,
"TIBCO ActiveMatrix BusinessWorks Plug-in for IBM MQ for z/Linux","7.4.0","Retired","12-31-2015",,
"Spotfire Developer","2.2.0","Retired","07-21-2013",,
"TIBCO ActiveMatrix BusinessWorks Plug-in for IBM MQ","7.4.0","Retired","12-16-2016",,
"TIBCO SmartSockets","6.8.2","Retired","12-31-2020",,
"TIBCO OpenSpirit Scan for Studio","2.0.0","Retired","09-01-2025","08-02-2024",
"TIBCO iProcess Analytics Export","11.0.0","Retired","09-30-2017",,
"Spotfire Automation Services","4.0.4","Retired","06-12-2014",,
"Spotfire Automation Services","4.5.2","Retired","12-13-2014",,
"TIBCO API Exchange","2.1.0","Retired","06-30-2021","11-15-2025",
"tibbr","5.0.2","Retired","03-31-2018",,
"Spotfire Analyst","4.0.4","Retired","06-12-2014",,
"Spotfire Analyst","4.5.2","Retired","12-13-2014",,
"Spotfire Analyst","5.0.2","Retired","06-13-2015",,
"Spotfire Analyst","5.5.1","Retired","12-12-2015",,
"Spotfire Analyst","6.0.1","Retired","06-12-2016","05-18-2022",
"Spotfire Server","3.3.4","Retired","06-12-2014",,
"TIBCO ActiveMatrix BusinessWorks","5.7.0","Retired","09-30-2014",,
"Spotfire Server","4.5.1","Retired","12-12-2014",,
"Spotfire Server","5.0.2","Retired","06-13-2015",,
"Spotfire Server","5.5.1","Retired","12-12-2015",,
"TIBCO API Exchange Gateway Distribution for TIBCO Silver Fabric","2.0.0","Retired","02-28-2016","10-31-2022",
"Spotfire Server","6.0.2","Retired","06-12-2016",,
"TIBCO Adapter for Teradata","5.5.0","Retired","01-31-2016",,
"TIBCO BusinessConnect ebXML Protocol","5.0.0","Retired","06-30-2015",,
"TIBCO BusinessConnect SOAP Protocol","5.1.0","Retired","04-29-2016","05-25-2022",
"TIBCO BusinessConnect RosettaNet Protocol","5.2.0","Retired","12-31-2021","11-15-2025",
"TIBCO Substation ES","2.8.1","Retired","03-31-2021",,
"TIBCO Rendezvous for zLinux","8.4.2","Retired","10-31-2020",,
"TIBCO iProcess Web Services Client Plug-in","10.6.0","Retired","07-31-2024","08-01-2024",
"TIBCO Rendezvous","8.1.2","Retired","11-30-2014","11-15-2025",
"TIBCO Rendezvous for z/OS","8.4.2","Retired","10-31-2020",,
"TIBCO ActiveMatrix BusinessWorks Plug-in for JD Edwards EnterpriseOne","5.3.0","Retired","12-31-2016",,
"TIBCO Hawk Adapter for Tivoli","4.1.0","Retired","07-31-2014","11-15-2025",
"TIBCO Service Gateway for WMQ (z/OS)","5.0.0","Retired","09-30-2013",,
"TIBCO Service Gateway for IMS TM","5.0.0","Retired","09-30-2013",,
"TIBCO Service Gateway for IMS/DB","5.0.0","Retired","09-30-2013",,
"TIBCO Service Gateway for IDMS/DB","5.0.0","Retired","09-30-2013",,
"TIBCO Service Gateway for DB2","5.0.0","Retired","10-31-2013",,
"TIBCO BusinessWorks OSB Plug-in","5.0.0","Retired","09-30-2013",,
"TIBCO BusinessConnect cXML Protocol","5.0.0","Retired","09-30-2015","05-24-2022",
"TIBCO Formvine","3.3.2","Retired","03-31-2017","06-23-2022",
"TIBCO Process Engine (Classic)","9.0.0","Retired","10-31-2020",,
"TIBCO Adapter for EJB","5.3.0","Retired","12-31-2018",,
"Spotfire Enterprise Runtime for R","2.1.0","Retired","03-31-2017","05-18-2022",
"TIBCO Process User Validation API","9.0.0","Retired","10-31-2020",,
"TIBCO BusinessConnect Trading Community Management","5.1.0","Retired","12-31-2014",,
"tibbr","5.0.1","Retired","03-31-2018",,
"TIBCO Hawk SNMP Adapter","4.6.0","Retired","07-31-2014","11-15-2025",
"TIBCO Process Modeler","9.0.1","Retired","10-31-2020",,
"TIBCO iProcess Decisions Server Plug-in","10.3.0","Retired","05-31-2020",,
"TIBCO ActiveMatrix Lifecycle Governance Framework","4.10.0","Retired","04-30-2019",,
"TIBCO iProcess Decisions Client Plug-in","10.3.0","Retired","05-31-2020",,
"TIBCO ActiveMatrix BusinessWorks Plug-in for REST and JSON","1.1.1","Retired","12-30-2018",,
"TIBCO Hawk Database Adapter","4.6.0","Retired","11-30-2016","11-15-2025",
"TIBCO SmartPGM","5.0.0","Retired","09-30-2017",,
"Spotfire Desktop","6.0.0","Retired","06-12-2016",,
"TIBCO SmartSockets Cache","1.1.0","Retired","01-31-2018",,
"TIBCO LogLogic Universal Collector","2.4.0","Retired","06-30-2018",,
"TIBCO Process User Validation API","8.1.5","Retired","10-31-2020",,
"TIBCO OpenSpirit Scan Utility","2013.0.0","Retired","09-01-2025","08-02-2024",
"TIBCO OpenSpirit Data Connector for Studio","3.1.0","Retired","09-01-2025","08-02-2024",
"TIBCO BusinessEvents Extreme","1.1.1","Retired","09-30-2018",,
"TIBCO LogLogic Compliance Manager","2.1.0","Retired","12-31-2020",,
"TIBCO IntegrationManager","5.0.2","Retired","03-31-2016",,
"TIBCO Hawk Database Adapter for z/Linux","4.6.0","Retired","11-30-2016",,
"Spotfire Server","6.0.1","Retired","06-12-2016",,
"TIBCO Web Messaging for TIBCO Enterprise Message Service","3.5.13","Retired","03-21-2021",,
"TIBCO BusinessConnect","3.6.0","Retired","01-31-2012","11-15-2025",
"TIBCO ActiveSpaces Transactions","2.3.3","Retired","01-31-2019",,
"TIBCO Hawk for z/Linux","4.9.1","Retired","11-30-2016",,
"TIBCO ActiveMatrix BusinessWorks Plug-in for OpenSpirit","1.3.0","Retired","09-01-2025","08-02-2024",
"Spotfire Developer","6.0.0","Retired","06-12-2016",,
"Spotfire Statistics Services","6.0.0","Retired","06-12-2016",,
"Spotfire Qualification","6.0.0","Retired","06-12-2016",,
"TIBCO LogLogic Security Event Manager Enterprise Virtual Appliance","3.6.0","Retired","12-15-2017",,
"Spotfire Web Player","6.0.0","Retired","06-12-2016","05-18-2022",
"Spotfire Server","6.0.0","Retired","06-12-2016",,
"TIBCO Substation ES","2.8.0","Retired","12-31-2017",,
"tibbr Community","5.0.0","Retired","03-31-2018","05-18-2022",
"tibbr","5.0.0","Retired","03-31-2018",,
"TIBCO ActiveMatrix BusinessWorks Express","1.0.0","Retired","04-30-2018",,
"TIBCO API Exchange","2.0.0","Retired","02-28-2016","11-15-2025",
"TIBCO FTL Message Switch","1.1.0","Retired","04-30-2018",,
"TIBCO BusinessWorks XA Transaction Manager","1.1.1","Retired","10-30-2022","10-31-2022",
"TIBCO ActiveMatrix BusinessWorks Plug-in for Large XML","1.0.0","Retired","03-31-2018",,
"TIBCO Web Messaging for TIBCO Enterprise Message Service","4.0.2","Retired","03-21-2021",,
"TIBCO BusinessEvents Extreme","1.0.5","Retired","09-30-2018",,
"TIBCO Vault","1.0.0","Retired","10-31-2023","11-01-2023",
"TIBCO Fulfillment Catalog","2.1.0","Retired","07-31-2017",,
"TIBCO ActiveMatrix BusinessWorks Plug-in for IBM MQ for z/Linux","7.3.0","Retired","04-02-2016",,
"TIBCO ActiveMatrix BusinessWorks Plug-in for IBM MQ","7.3.0","Retired","04-02-2016",,
"Spotfire Metrics Services","6.0.0","Retired","08-01-2016",,
"Spotfire Metrics Modeler","6.0.0","Retired","08-01-2016",,
"TIBCO BusinessEvents Extreme","1.1.0","Retired","09-30-2018",,
"Spotfire Enterprise Runtime for R","2.0.0","Retired","06-12-2016","05-18-2022",
"TIBCO Fulfillment Order Management","2.1.0","Retired","07-31-2017","11-15-2025",
"TIBCO LogLogic Log Management Intelligence","5.4.2","Retired","12-01-2017",,
"TIBCO LogLogic Enterprise Virtual Appliance","5.4.2","Retired","12-01-2017",,
"TIBCO ActiveMatrix BusinessWorks Service Engine","5.11.0","Retired","03-31-2019","11-15-2025",
"TIBCO BPM Enterprise Distribution for TIBCO Silver Fabric","2.2.0","Retired","01-31-2016","07-15-2024",
"TIBCO Business Studio - BPM Edition","3.6.0","Retired","12-31-2017",,
"TIBCO BPM Enterprise","2.2.0","Retired","12-31-2017",,
"TIBCO OpenSpirit Copy Manager","2013.1.0","Retired","09-01-2025","08-02-2024",
"TIBCO ActiveMatrix Service Bus","3.3.0","Retired","12-31-2021","06-22-2022",
"TIBCO ActiveMatrix Service Grid","3.3.0","Retired","12-31-2021","08-02-2024",
"TIBCO Managed File Transfer Internet Server","7.2.1","Retired","04-30-2018",,
"TIBCO Managed File Transfer Command Center","7.2.1","Retired","04-30-2018",,
"TIBCO MDM","8.3.1","Retired","03-31-2017",,
"TIBCO Foresight Instream MAC Adapter","3.0.0","Retired","09-30-2020",,
"TIBCO iProcess Decisions Server","4.3.2","Retired","05-31-2016",,
"TIBCO iProcess Decisions Studio","4.3.2","Retired","05-31-2016",,
"TIBCO ActiveSpaces Transactions","2.3.2","Retired","01-31-2019",,
"TIBCO Business Studio ActiveMatrix Decisions Add-In","1.1.0","Retired","12-31-2017","11-15-2025",
"TIBCO ActiveMatrix Decisions","1.1.0","Retired","12-31-2017","05-18-2022",
"TIBCO iProcess Workspace (Windows)","11.4.1","Retired","12-31-2018","08-19-2022",
"TIBCO ActiveMatrix BusinessWorks Plug-in for Mobile Integration","1.1.0","Retired","05-31-2019","11-15-2025",
"DataSynapse GridServer","5.1.3","Retired","12-31-2020",,
"TIBCO OpenSpirit Data Connector for Studio","3.0.0","Retired","09-01-2025","08-02-2024",
"TIBCO iProcess Technology Plug-ins","11.4.0","Retired","12-31-2018","11-15-2025",
"TIBCO ActiveMatrix BusinessWorks Plug-in for JD Edwards EnterpriseOne","6.0.0","Retired","12-31-2023","11-15-2025",
"TIBCO iProcess Workspace Plug-ins","11.4.0","Retired","12-31-2018","08-19-2022",
"TIBCO iProcess Workspace (Windows)","11.4.0","Retired","12-31-2018","08-19-2022",
"TIBCO ActiveMatrix BusinessWorks Plug-in for REST and JSON","1.1.0","Retired","12-30-2018",,
"TIBCO ActiveMatrix Adapter for Oracle BRM","6.0.0","Retired","12-31-2018",,
"TIBCO BusinessConnect ebXML Protocol","6.0.1","Retired","09-30-2017","11-15-2025",
"TIBCO ActiveMatrix BusinessWorks Plug-in for sFTP","1.0.0","Retired","01-31-2022","11-19-2022",
"TIBCO Hawk","4.9.1","Retired","11-30-2016","11-15-2025",
"TIBCO OpenSpirit Adapter for Petrel","22.0.0","Retired","09-01-2025","08-02-2024",
"TIBCO Rendezvous","8.4.1","Retired","10-31-2020","11-15-2025",
"TIBCO ActiveMatrix BusinessWorks Plug-in for SAP Solutions","7.0.0","Retired","03-31-2018",,
"TIBCO ActiveSpaces Transactions","2.3.1","Retired","01-31-2019",,
"TIBCO Web Messaging for TIBCO Enterprise Message Service","3.5.11","Retired","03-21-2021",,
"TIBCO BusinessEvents Extreme","1.0.4","Retired","09-30-2018",,
"TIBCO Formvine","3.3.1","Retired","03-31-2017",,
"TIBCO LogLogic Compliance Suite - Sarbanes-Oxley Edition","3.6.0","Retired","12-01-2017",,
"TIBCO LogLogic Compliance Suite - PCI Edition","3.6.0","Retired","12-01-2017",,
"TIBCO LogLogic Compliance Suite - NERC Edition","3.6.0","Retired","12-01-2017",,
"TIBCO LogLogic Compliance Suite - ITIL Edition","3.6.0","Retired","12-01-2017",,
"TIBCO LogLogic Compliance Suite - ISO Edition","3.6.0","Retired","12-01-2017",,
"TIBCO LogLogic Compliance Suite - HIPAA Edition","3.6.0","Retired","12-01-2017",,
"TIBCO LogLogic Compliance Suite - FISMA Edition","3.6.0","Retired","12-01-2017","05-18-2022",
"TIBCO EMS Client for z/OS (MVS)","8.0.0","Retired","04-30-2018",,
"Spotfire Desktop","5.5.0","Retired","12-12-2015",,
"Spotfire Developer","5.5.0","Retired","12-12-2015",,
"TIBCO Enterprise Message Service for zLinux","8.0.0","Retired","04-30-2018",,
"Spotfire Statistics Services","5.5.0","Retired","12-12-2015",,
"TIBCO Enterprise Message Service","8.0.0","Retired","04-30-2018","08-19-2022",
"Spotfire Qualification","5.5.0","Retired","12-12-2015",,
"TIBCO BusinessEvents Extreme","1.0.3","Retired","09-30-2018",,
"Spotfire Web Player","5.5.0","Retired","12-12-2015",,
"Spotfire Server","5.5.0","Retired","12-12-2015",,
"Spotfire Analyst","5.5.0","Retired","12-12-2015",,
"TIBCO BusinessConnect EDI Protocol HIPAA Edition Powered by Instream","6.5.0","Retired","12-31-2016","11-15-2025",
"TIBCO BusinessConnect EDI Protocol Powered by Instream","6.5.0","Retired","12-31-2016","11-15-2025",
"TIBCO BusinessConnect Services Plug-in","6.1.0","Retired","10-31-2016","11-15-2025",
"TIBCO BusinessConnect ebXML Protocol","6.0.0","Retired","09-30-2017","11-15-2025",
"TIBCO BusinessConnect","6.1.0","Retired","09-30-2016","11-15-2025",
"TIBCO ActiveSpaces Enterprise Edition for z/Linux","2.1.2","Retired","01-31-2019",,
"TIBCO OpenSpirit Copy Manager","2013.0.0","Retired","09-01-2025","08-02-2024",
"DataSynapse GridServer","6.1.1","Retired","12-31-2020",,
"TIBCO OpenSpirit Runtime","4.0.3","Retired","09-01-2025","08-02-2024",
"Spotfire Enterprise Runtime for R","1.5.0","Retired","12-12-2015",,
"TIBCO ActiveMatrix BusinessWorks Plug-in for Mobile Integration","1.0.0","Retired","05-31-2019",,
"TIBCO Web Messaging for TIBCO Enterprise Message Service","3.5.8","Retired","03-21-2021",,
"TIBCO ActiveMatrix BusinessWorks Plug-in for Oracle E-Business Suite","1.2.0","Retired","03-31-2018",,
"TIBCO ActiveMatrix BusinessWorks Plug-in for Salesforce.com","2.4.0","Retired","03-31-2018",,
"TIBCO ActiveMatrix BusinessWorks Plug-in for IBM MQ","7.2.0","Retired","04-02-2016",,
"TIBCO Hawk","5.0.0","Retired","11-30-2016","11-15-2025",
"TIBCO Web Messaging for TIBCO Enterprise Message Service","3.5.6","Retired","03-21-2021",,
"TIBCO Data Quality Service Engine","2.0.0","Retired","12-30-2023","12-31-2023",
"TIBCO Enterprise Message Service for zLinux","7.0.1","Retired","06-30-2017",,
"TIBCO Data Quality and TIBCO Data Discovery","2.0.0","Retired","12-30-2023","12-31-2023",
"TIBCO Enterprise Message Service","7.0.1","Retired","06-30-2017","08-19-2022",
"TIBCO ActiveMatrix Policy Director","1.0.1","Retired","03-31-2017",,
"TIBCO Spotfire Application Data Services for SAP BW","6.2.2","Retired","01-31-2017","01-04-2023",
"TIBCO Spotfire Advanced Data Services","6.2.2","Retired","01-31-2017",,
"TIBCO Formvine","3.3.0","Retired","03-31-2017",,
"TIBCO BusinessEvents Extreme","1.0.2","Retired","09-30-2018",,
"TIBCO MDM","8.3.0","Retired","03-31-2017",,
"Spotfire Developer","5.0.1","Retired","06-13-2015",,
"Spotfire Statistics Services","5.0.1","Retired","06-13-2015",,
"Spotfire Qualification","5.0.1","Retired","06-13-2015",,
"Spotfire Enterprise Runtime for R","1.1.1","Retired","06-13-2015",,
"Spotfire Web Player","5.0.1","Retired","06-13-2015",,
"Spotfire Server","5.0.1","Retired","06-13-2015",,
"Spotfire Analyst","5.0.1","Retired","06-13-2015",,
"Spotfire Statistics Services","4.5.1","Retired","12-13-2014","11-15-2025",
"Spotfire Automation Services","4.5.1","Retired","12-13-2014",,
"Spotfire Web Player","4.5.1","Retired","12-13-2014",,
"TIBCO OpenSpirit Runtime","4.0.2","Retired","09-01-2025","08-02-2024",
"Spotfire Analyst","4.5.1","Retired","12-13-2014",,
"TIBCO ActiveMatrix BusinessWorks Plug-in for OpenSpirit","1.2.0","Retired","09-01-2025","08-02-2024",
"Spotfire Automation Services","4.0.3","Retired","06-12-2014",,
"TIBCO Mainframe RED","1.1.0","Retired","09-30-2022","10-01-2022",
"Spotfire Web Player","4.0.3","Retired","06-12-2014",,
"TIBCO OpenSpirit Adapter for Petrel","21.1.0","Retired","09-01-2025","08-02-2024",
"Spotfire Analyst","4.0.3","Retired","06-12-2014",,
"TIBCO Database Drivers Supplement","2.0.0","Retired","07-31-2023","08-03-2022",
"TIBCO ActiveSpaces Transactions","2.3.0","Retired","01-31-2019",,
"Spotfire Statistics Services","3.3.1","Retired","06-12-2014",,
"TIBCO ActiveSpaces Transactions","2.2.4","Retired","01-31-2016",,
"TIBCO ActiveMatrix BusinessWorks Plug-in for Microsoft SharePoint","1.0.0","Retired","03-31-2018",,
"Spotfire Web Player","3.3.3","Retired","11-01-2013",,
"TIBCO Patterns","5.0.0","Retired","01-31-2019","02-27-2023",
"Spotfire Analyst","3.3.3","Retired","11-01-2013","06-16-2022",
"TIBCO ActiveMatrix BusinessWorks Plug-in for Data Conversion","3.3.0","Retired","10-31-2022","11-01-2022",
"TIBCO ActiveMatrix BusinessWorks Plug-in for IBM MQ for z/Linux","7.1.0","Retired","03-31-2015",,
"TIBCO ActiveMatrix BusinessWorks Plug-in for IBM MQ","7.1.0","Retired","03-31-2015",,
"TIBCO Slingshot","1.9.0","Retired","10-31-2023","11-01-2023",
"TIBCO Silver Fabric","5.0.2","Retired","03-31-2017",,
"TIBCO LogLogic Compliance Suite - Sarbanes-Oxley Edition","3.5.0","Retired","12-01-2017",,
"TIBCO Foresight Studio","8.2.0","Retired","09-30-2019","11-15-2025",
"TIBCO LogLogic Compliance Suite - PCI Edition","3.5.0","Retired","12-01-2017",,
"TIBCO LogLogic Compliance Suite - NERC Edition","3.5.0","Retired","12-01-2017",,
"TIBCO LogLogic Compliance Suite - ITIL Edition","3.5.0","Retired","12-01-2017",,
"TIBCO LogLogic Compliance Suite - ISO Edition","3.5.0","Retired","12-01-2017",,
"TIBCO LogLogic Compliance Suite - HIPAA Edition","3.5.0","Retired","12-01-2017",,
"TIBCO LogLogic Compliance Suite - FISMA Edition","3.5.0","Retired","12-01-2017","05-18-2022",
"TIBCO ActiveMatrix BusinessWorks Plug-in for ActiveSpaces","2.0.0","Retired","01-31-2019","11-15-2025",
"TIBCO Web Messaging for TIBCO Enterprise Message Service","3.5.3","Retired","03-21-2021",,
"TIBCO ActiveSpaces Transactions","2.2.2","Retired","01-31-2016",,
"TIBCO ActiveSpaces Transactions","2.2.3","Retired","01-31-2016",,
"TIBCO Mainframe RED","1.0.0","Retired","09-30-2022","10-01-2022",
"TIBCO LogLogic Universal Collector","2.3.0","Retired","12-01-2017",,
"TIBCO ActiveMatrix BusinessWorks","5.11.0","Retired","03-31-2019","05-18-2022",
"TIBCO BusinessWorks XA Transaction Manager for zLinux","1.1.0","Retired","10-30-2022","10-31-2022",
"TIBCO ActiveMatrix BusinessWorks Plug-in for REST and JSON","1.0.0","Retired","12-31-2018",,
"Spotfire Qualification","5.0.0","Retired","06-13-2015",,
"TIBCO Silver Fabric","5.0.1","Retired","03-31-2017",,
"DataSynapse GridServer","6.1.0","Retired","12-31-2020",,
"Spotfire Web Player","5.0.0","Retired","06-13-2015",,
"TIBCO BusinessConnect Trading Community Management","6.0.0","Retired","12-31-2022","01-01-2023",
"Spotfire Server","5.0.0","Retired","06-13-2015",,
"TIBCO Hawk SNMP Adapter","4.9.0","Retired","11-30-2016","11-15-2025",
"Spotfire Analyst","5.0.0","Retired","06-13-2015",,
"TIBCO Hawk Adapter for Tivoli","4.9.0","Retired","10-31-2023","11-01-2023",
"TIBCO LogLogic Management Center","2.1.0","Retired","12-31-2020",,
"TIBCO ActiveMatrix BusinessWorks Plug-in for Formvine","1.0.0","Retired","03-31-2017",,
"TIBCO BusinessConnect","6.0.2","Retired","06-30-2015",,
"TIBCO ActiveMatrix BusinessWorks Plug-in for IBM MQ for z/Linux","7.0.0","Retired","03-31-2015",,
"TIBCO ActiveMatrix BusinessWorks Plug-in for IBM MQ","7.0.0","Retired","03-31-2015",,
"TIBCO ActiveMatrix Policy Manager","3.1.1","Retired","01-25-2021",,
"TIBCO ActiveMatrix Implementation Type for TIBCO Adapters","1.0.0","Retired","12-31-2020","03-10-2023",
"TIBCO ActiveMatrix BusinessWorks Plug-in for OSISoft PI System","1.0.0","Retired","08-31-2018","06-24-2024",
"Spotfire Statistics Services","5.0.0","Retired","06-13-2015",,
"Spotfire Enterprise Runtime for R","1.1.0","Retired","06-13-2015",,
"TIBCO Web Messaging for TIBCO Enterprise Message Service","3.5.0","Retired","03-21-2021",,
"TIBCO OpenSpirit Data Connector for Epos","1.0.0","Retired","09-01-2025","08-02-2024",
"Spotfire Developer","5.0.0","Retired","06-13-2015",,
"TIBCO ActiveMatrix BusinessWorks Plug-in for LDAP","6.1.1","Retired","12-31-2023","01-01-2024",
"TIBCO ActiveMatrix BusinessWorks Plug-in for CICS","1.2.0","Retired","10-31-2022","02-27-2023",
"TIBCO ActiveSpaces Transactions","2.2.1","Retired","01-31-2016",,
"TIBCO iProcess Workspace Plug-ins","11.3.1","Retired","12-31-2016","08-19-2022",
"TIBCO iProcess Technology Plug-ins","11.3.1","Retired","12-31-2016",,
"TIBCO ActiveSpaces Enterprise Edition for z/Linux","2.0.1","Retired","01-31-2017",,
"TIBCO ActiveMatrix Adapter for LDAP for z/Linux","6.1.1","Retired","12-22-2022","12-23-2022",
"TIBCO BusinessConnect ConfigStore Management Interface Protocol","6.0.0","Retired","12-31-2021","11-15-2025",
"Spotfire Enterprise Runtime for R","1.0.0","Retired","06-13-2015",,
"TIBCO ActiveMatrix BusinessWorks Service Engine","5.10.0","Retired","03-31-2017","11-15-2025",
"TIBCO Hawk SNMP Adapter for z/Linux","4.9.0","Retired","11-30-2016","11-15-2025",
"TIBCO BusinessEvents Extreme","1.0.1","Retired","09-30-2018",,
"TIBCO OpenSpirit Scan Utility","2011.0.1","Retired","09-01-2025","08-02-2024",
"TIBCO OpenSpirit Extension for ArcGIS","2010.1.1","Retired","09-01-2025","08-02-2024",
"TIBCO Silver Fabric","5.0.0","Retired","03-31-2017",,
"TIBCO ActiveMatrix Policy Director","1.0.0","Retired","03-31-2017",,
"TIBCO Object Service Broker Adapter for JDBC-ODBC","6.0.0","Retired","12-31-2015","03-09-2026",
"TIBCO ActiveMatrix Binding Type for Adapters","3.2.0","Retired","12-31-2021","03-10-2023",
"TIBCO ActiveMatrix Service Grid","3.2.0","Retired","12-31-2018","11-15-2025",
"TIBCO OpenSpirit Runtime","4.0.1","Retired","09-01-2025","08-02-2024",
"TIBCO Enterprise Message Service for zLinux","7.0.0","Retired","06-30-2017",,
"TIBCO Enterprise Message Service","7.0.0","Retired","06-30-2017","08-19-2022",
"TIBCO OpenSpirit Extension for ArcGIS","2010.1.0","Retired","09-01-2025","08-02-2024",
"TIBCO OpenSpirit Adapter for Petrel","21.0.0","Retired","09-01-2025","08-02-2024",
"TIBCO ActiveMatrix Adapter for Files for z/Linux","6.1.0","Retired","12-22-2022","12-23-2022",
"TIBCO ActiveMatrix BusinessWorks Plug-in for OpenSpirit","1.1.0","Retired","09-01-2025","08-02-2024",
"TIBCO ActiveMatrix BusinessWorks Plug-in for SWIFT","5.10.0","Retired","08-31-2015",,
"TIBCO Web Messaging for TIBCO Enterprise Message Service","3.3.0","Retired","03-21-2021",,
"TIBCO OpenSpirit Scan for Studio Find","1.0.0","Retired","09-01-2025","08-02-2024",
"TIBCO Spotfire Extension for OpenSpirit","1.0.0","Retired","09-01-2025","08-02-2024",
"TIBCO ActiveMatrix BusinessWorks Plug-in for IBM i","6.1.0","Retired","03-31-2018",,
"TIBCO EMS Client for z/OS (MVS)","7.0.0","Retired","06-30-2017",,
"TIBCO ActiveMatrix Adapter for Amdocs CRM","5.5.0","Retired","01-31-2016",,
"TIBCO ActiveMatrix Lifecycle Governance Framework","4.0.3","Retired","12-31-2015",,
"TIBCO iProcess Workspace (Windows)","11.3.1","Retired","12-31-2016","08-19-2022",
"TIBCO ActiveMatrix BusinessWorks Plug-in for SAP Solutions","6.2.1","Retired","12-31-2016",,
"TIBCO ActiveSpaces Transactions","2.2.0","Retired","01-31-2016",,
"TIBCO Service Gateway for Oracle (Open Systems)","6.0.0","Retired","12-31-2015","10-15-2024",
"TIBCO BusinessConnect EDI Protocol HIPAA Edition Powered by Instream","6.4.0","Retired","06-30-2015",,
"TIBCO Service Gateway for Files (z/OS)","6.0.0","Retired","12-31-2015","03-09-2026",
"TIBCO BusinessConnect EDI Protocol Powered by Instream","6.4.0","Retired","06-30-2015",,
"TIBCO Service Gateway for Files (Open Systems)","6.0.0","Retired","12-31-2015","03-09-2026",
"TIBCO Service Gateway for WMQ (Open Systems)","6.0.0","Retired","12-31-2015","03-09-2026",
"TIBCO LogLogic Compliance Suite - Sarbanes-Oxley Edition","3.4.0","Retired","12-01-2017",,
"TIBCO Service Gateway for ODBC (Open Systems)","6.0.0","Retired","12-31-2015","03-09-2026",
"TIBCO LogLogic Compliance Suite - PCI Edition","3.4.0","Retired","12-01-2017",,
"TIBCO Service Gateway for WMQ (z/OS)","6.0.0","Retired","12-31-2015","03-09-2026",
"TIBCO LogLogic Compliance Suite - NERC Edition","3.4.0","Retired","12-01-2017",,
"TIBCO Service Gateway for IMS TM","6.0.0","Retired","12-31-2015","03-09-2026",
"TIBCO LogLogic Compliance Suite - ITIL Edition","3.4.0","Retired","12-01-2017",,
"TIBCO Service Gateway for IMS/DB","6.0.0","Retired","12-31-2015","03-09-2026",
"TIBCO LogLogic Compliance Suite - ISO Edition","3.4.0","Retired","12-01-2017",,
"TIBCO Service Gateway for IDMS/DB","6.0.0","Retired","12-31-2015","10-15-2024",
"TIBCO LogLogic Compliance Suite - HIPAA Edition","3.4.0","Retired","12-01-2017",,
"TIBCO Service Gateway for DB2","6.0.0","Retired","12-31-2015","03-09-2026",
"TIBCO LogLogic Compliance Suite - FISMA Edition","3.4.0","Retired","12-01-2017","05-18-2022",
"TIBCO Service Gateway for CICS","6.0.0","Retired","12-31-2015","03-09-2026",
"TIBCO ActiveMatrix BusinessWorks","5.10.0","Retired","03-31-2017","05-18-2022",
"TIBCO Object Service Broker for Open Systems","6.0.0","Retired","12-31-2015","03-09-2026",
"TIBCO Object Service Broker for z/OS","6.0.0","Retired","12-31-2015","03-09-2026",
"TIBCO Managed File Transfer Internet Server","7.2.0","Retired","04-30-2018",,
"TIBCO Spotfire Application Data Services for Oracle E-Business Suites","6.1.0","Retired","08-01-2014",,
"TIBCO Managed File Transfer Command Center","7.2.0","Retired","04-30-2018",,
"TIBCO Spotfire Application Data Services for Siebel eBusiness Applications","6.1.0","Retired","08-01-2014",,
"TIBCO Spotfire Application Data Services for Salesforce.com","6.1.0","Retired","08-01-2014",,
"TIBCO BusinessEvents Extreme","1.0.0","Retired","09-30-2018",,
"TIBCO Spotfire Application Data Services for SAP ERP","6.1.0","Retired","08-01-2014",,
"TIBCO Spotfire Application Data Services for SAP BW","6.1.0","Retired","08-01-2014",,
"TIBCO Spotfire Advanced Data Services","6.1.0","Retired","08-02-2014",,
"TIBCO ActiveMatrix BusinessWorks Plug-in for Facebook","1.0.0","Retired","03-31-2018",,
"TIBCO OpenSpirit Extension for ArcGIS","2010.0.1","Retired","09-01-2025","08-02-2024",
"Spotfire Qualification","4.5.0","Retired","12-13-2014",,
"Spotfire Automation Services","4.5.0","Retired","12-13-2014",,
"Spotfire Developer","4.5.0","Retired","12-13-2014",,
"Spotfire Web Player","4.5.0","Retired","12-13-2014",,
"Spotfire Server","4.5.0","Retired","12-13-2014",,
"Spotfire Analyst","4.5.0","Retired","12-13-2014",,
"TIBCO LogLogic Universal Collector","2.2.0","Retired","12-01-2017",,
"TIBCO LogLogic Universal Collector","2.1.0","Retired","12-01-2017",,
"TIBCO LogLogic Management Center","2.0.0","Retired","12-31-2020",,
"TIBCO LogLogic Lasso Enterprise","2.1.2","Retired","09-30-2017",,
"TIBCO LogLogic Compliance Suite - Sarbanes-Oxley Edition","3.3.0","Retired","12-01-2017",,
"TIBCO LogLogic Compliance Suite - Sarbanes-Oxley Edition","3.2.0","Retired","12-01-2017",,
"TIBCO iProcess Workspace (Browser)","11.4.0","Retired","07-31-2024","08-01-2024",
"TIBCO LogLogic Compliance Suite - PCI Edition","3.3.0","Retired","12-01-2017",,
"TIBCO LogLogic Compliance Suite - PCI Edition","3.2.0","Retired","12-01-2017",,
"TIBCO LogLogic Compliance Suite - NERC Edition","3.3.0","Retired","12-01-2017",,
"TIBCO Business Studio ActiveMatrix Decisions Add-In","1.0.1","Retired","12-31-2017","11-15-2025",
"TIBCO LogLogic Compliance Suite - NERC Edition","3.2.0","Retired","12-01-2017",,
"TIBCO ActiveMatrix Decisions","1.0.1","Retired","12-31-2017","05-18-2022",
"TIBCO LogLogic Compliance Suite - ITIL Edition","3.3.0","Retired","12-01-2017",,
"TIBCO Enterprise Message Service for zLinux","6.3.0","Retired","06-30-2017","11-15-2025",
"TIBCO LogLogic Compliance Suite - ITIL Edition","3.2.0","Retired","12-01-2017",,
"TIBCO Rendezvous for zLinux","8.4.0","Retired","10-31-2020",,
"TIBCO LogLogic Compliance Suite - ISO Edition","3.3.0","Retired","12-01-2017",,
"TIBCO LogLogic Compliance Suite - ISO Edition","3.2.0","Retired","12-01-2017",,
"TIBCO OpenSpirit Adapter for Petrel","20.1.0","Retired","09-01-2025","08-02-2024",
"TIBCO LogLogic Compliance Suite - HIPAA Edition","3.3.0","Retired","12-01-2017",,
"TIBCO OpenSpirit Copy Manager","2012.0.0","Retired","09-01-2025","08-02-2024",
"TIBCO LogLogic Compliance Suite - HIPAA Edition","3.2.0","Retired","12-01-2017",,
"TIBCO LogLogic Compliance Suite - FISMA Edition","3.3.0","Retired","12-01-2017","05-18-2022",
"TIBCO LogLogic Compliance Suite - FISMA Edition","3.2.0","Retired","12-01-2017","05-18-2022",
"TIBCO LogLogic Compliance Manager","2.0.0","Retired","12-31-2020",,
"TIBCO OpenSpirit Developer Kit","4.0.0","Retired","09-01-2025","08-02-2024",
"Spotfire Statistics Services","4.5.0","Retired","12-13-2014",,
"TIBCO BusinessConnect Plug-in for SSH Server","1.0.0","Retired","12-31-2022","01-01-2023",
"TIBCO Managed File Transfer Platform Server for zLinux","7.1.0","Retired","04-30-2020",,
"TIBCO BusinessConnect","6.0.1","Retired","06-30-2015",,
"TIBCO Managed File Transfer Platform Server for UNIX","7.1.0","Retired","04-30-2020",,
"TIBCO Managed File Transfer Platform Server for Windows","7.1.1","Retired","07-31-2019","11-15-2025",
"TIBCO OpenSpirit Runtime","4.0.0","Retired","09-01-2025","08-02-2024",
"TIBCO ActiveMatrix BusinessWorks Plug-in for SAP Solutions","6.2.0","Retired","12-31-2016",,
"TIBCO ActiveMatrix BusinessWorks Plug-in for LDAP","6.1.0","Retired","03-31-2018",,
"Spotfire Analyst","3.2.2","Retired","07-21-2013","06-16-2022",
"Spotfire Server","3.1.3","Retired","07-21-2013",,
"TIBCO ActiveMatrix BusinessWorks Service Engine","5.8.2","Retired","04-30-2015",,
"Spotfire Web Player","3.3.2","Retired","11-01-2013",,
"Spotfire Analyst","3.3.2","Retired","11-01-2013","06-16-2022",
"Spotfire Server","3.2.2","Retired","07-21-2013",,
"TIBCO ActiveMatrix Service Grid","2.3.2","Retired","12-31-2016","11-15-2025",
"Spotfire Automation Services","4.0.2","Retired","06-12-2014",,
"TIBCO ActiveMatrix Service Bus","2.3.2","Retired","12-31-2016","08-02-2024",
"Spotfire Web Player","4.0.2","Retired","06-12-2014",,
"TIBCO ActiveMatrix Service Grid","3.1.5","Retired","09-01-2016",,
"TIBCO ActiveMatrix Service Bus","3.1.5","Retired","09-01-2016","08-02-2024",
"Spotfire Analyst","4.0.2","Retired","06-12-2014",,
"DataSynapse GridServer","6.0.2","Retired","06-30-2017",,
"Spotfire Server","3.3.3","Retired","06-12-2014",,
"TIBCO Rendezvous for z/OS","8.4.0","Retired","10-31-2020",,
"TIBCO Rendezvous","8.4.0","Retired","10-31-2020","11-15-2025",
"TIBCO Spotfire Advanced Data Services","6.0.0","Retired","08-02-2014",,
"TIBCO Spotfire Application Data Services for Oracle E-Business Suites","6.0.0","Retired","08-01-2014",,
"TIBCO Spotfire Application Data Services for Siebel eBusiness Applications","6.0.0","Retired","08-01-2014",,
"TIBCO Spotfire Application Data Services for Salesforce.com","6.0.0","Retired","08-01-2014",,
"TIBCO Spotfire Application Data Services for SAP ERP","6.0.0","Retired","08-01-2014",,
"TIBCO Spotfire Application Data Services for SAP BW","6.0.0","Retired","08-01-2014",,
"TIBCO OpenSpirit Adapter for Petrel","20.0.2","Retired","09-01-2025","08-02-2024",
"TIBCO Enterprise Message Service","6.3.0","Retired","06-30-2017","11-15-2025",
"TIBCO ActiveMatrix BusinessWorks Plug-in for CICS","1.1.0","Retired","03-31-2015",,
"TIBCO ActiveMatrix BusinessWorks Plug-in for ActiveSpaces","1.1.0","Retired","01-31-2017","11-15-2025",
"TIBCO Web Messaging for TIBCO Enterprise Message Service","3.2.5","Retired","03-21-2021",,
"Spotfire Web Player","4.0.0","Retired","06-12-2014",,
"Spotfire Web Player","4.0.1","Retired","06-12-2014",,
"Spotfire Qualification","4.0.0","Retired","06-12-2014",,
"Spotfire Qualification","4.0.1","Retired","06-12-2014",,
"Spotfire Analyst","4.0.0","Retired","06-12-2014",,
"Spotfire Developer","4.0.0","Retired","06-12-2014",,
"Spotfire Automation Services","4.0.1","Retired","06-12-2014",,
"Spotfire Developer","4.0.1","Retired","06-12-2014",,
"Spotfire Automation Services","4.0.0","Retired","06-12-2014",,
"Spotfire Analyst","4.0.1","Retired","06-12-2014",,
"Spotfire Server","3.3.2","Retired","06-12-2014",,
"TIBCO Substation ES","2.7.0","Retired","12-31-2017",,
"TIBCO ActiveSpaces","2.0.0","Retired","01-31-2017",,
"TIBCO OpenSpirit Scan Utility","2011.0.0","Retired","09-01-2025","08-02-2024",
"TIBCO BusinessWorks XA Transaction Manager","1.1.0","Retired","10-30-2022","10-31-2022",
"TIBCO iProcess Workspace Plug-ins","11.3.0","Retired","12-31-2016","08-19-2022",
"TIBCO iProcess Technology Plug-ins","11.3.0","Retired","12-31-2016",,
"TIBCO BusinessConnect","6.0.0","Retired","06-30-2015",,
"TIBCO Business Studio ActiveMatrix Decisions Add-In","1.0.0","Retired","12-31-2017","11-15-2025",
"TIBCO ActiveMatrix Decisions","1.0.0","Retired","12-31-2017","05-18-2022",
"TIBCO Web Messaging for TIBCO Enterprise Message Service","3.2.3","Retired","03-21-2021",,
"TIBCO ActiveMatrix BusinessWorks Plug-in for Data Conversion","3.2.0","Retired","10-31-2022","11-01-2022",
"TIBCO OpenSpirit Adapter for Petrel","20.0.1","Retired","09-01-2025","08-02-2024",
"TIBCO Managed File Transfer Platform Server for zOS","7.1.0","Retired","03-31-2019",,
"TIBCO Managed File Transfer Platform Server for Windows","7.1.0","Retired","07-31-2019",,
"TIBCO ActiveMatrix BusinessWorks Plug-in for OpenSpirit","1.0.0","Retired","09-01-2025","08-02-2024",
"TIBCO iProcess Workspace (Windows)","11.3.0","Retired","12-31-2016","08-19-2022",
"TIBCO ActiveMatrix BusinessWorks Plug-in for Files for Unix and Windows","6.1.0","Retired","12-31-2016",,
"TIBCO Patterns","4.5.1","Retired","01-31-2019",,
"TIBCO ActiveMatrix Lifecycle Governance Framework","4.0.2","Retired","12-31-2015",,
"TIBCO Slingshot","1.8.1","Retired","10-31-2023","11-01-2023",
"TIBCO ActiveMatrix BusinessWorks Plug-in for SWIFT","5.9.0","Retired","03-31-2015",,
"Spotfire Server","3.3.1","Retired","06-12-2014",,
"Spotfire Server","3.2.1","Retired","07-21-2013",,
"Spotfire Server","3.1.2","Retired","07-21-2013",,
"Spotfire Server","3.0.2","Retired","07-21-2013",,
"TIBCO ActiveMatrix BusinessWorks Plug-in for ActiveSpaces","1.0.0","Retired","03-31-2015",,
"TIBCO Web Messaging for TIBCO Enterprise Message Service","3.1.2","Retired","03-21-2021",,
"TIBCO Enterprise Message Service","6.1.0","Retired","11-30-2016","11-15-2025",
"TIBCO Rendezvous","8.3.2","Retired","11-30-2016","11-15-2025",
"TIBCO ActiveMatrix BusinessWorks Plug-in for Siebel","5.3.2","Retired","10-31-2014",,
"TIBCO Service Gateway for Files (z/OS)","5.3.0","Retired","10-31-2014",,
"TIBCO ActiveMatrix BusinessWorks Plug-in for Oracle E-Business Suite","5.4.1","Retired","10-31-2014",,
"TIBCO ActiveMatrix Service Grid","3.1.3","Retired","10-31-2015",,
"Spotfire Analyst","3.3.1","Retired","11-01-2013","06-16-2022",
"TIBCO Web Messaging for TIBCO Enterprise Message Service","3.1.1","Retired","03-21-2021",,
"TIBCO Adapter for Remedy","5.2.2","Retired","12-31-2018",,
"TIBCO Matching Platform","4.4.3","Retired","01-31-2019","11-15-2025",
"TIBCO Machine Learning Engine","4.4.3","Retired","01-31-2019",,
"TIBCO Matching Engine","4.4.3","Retired","01-31-2019","11-15-2025",
"DataSynapse GridServer","6.0.1","Retired","06-30-2017",,
"TIBCO OpenSpirit Adapter for Petrel","20.0.0","Retired","09-01-2025","08-02-2024",
"TIBCO BusinessConnect EDI Protocol HIPAA Edition Powered by Instream","6.3.0","Retired","06-30-2014",,
"TIBCO BusinessConnect EDI Protocol Powered by Instream","6.3.0","Retired","06-30-2014",,
"TIBCO iProcess Workspace (Windows)","11.1.3","Retired","01-31-2015",,
"TIBCO ActiveMatrix Binding Type for Adapters","3.1.2","Retired","12-31-2021","03-10-2023",
"TIBCO ActiveMatrix Service Grid","3.1.2","Retired","10-31-2015",,
"TIBCO ActiveMatrix Service Bus","3.1.2","Retired","10-31-2015",,
"TIBCO OpenSpirit Runtime","3.2.3","Retired","09-01-2025","08-02-2024",
"Spotfire Qualification","3.3.0","Retired","11-01-2013",,
"TIBCO ActiveMatrix Lifecycle Governance Framework","4.0.1","Retired","12-31-2015",,
"TIBCO Foresight Instream MAC Adapter","2.4.0","Retired","09-30-2020",,
"Spotfire Developer","3.3.0","Retired","11-01-2013",,
"Spotfire Web Player","3.3.0","Retired","11-01-2013",,
"Spotfire Server","3.3.0","Retired","06-12-2014",,
"Spotfire Analyst","3.3.0","Retired","11-04-2013","06-16-2022",
"TIBCO ActiveMatrix BusinessWorks Plug-in for CICS","1.0.0","Retired","10-31-2014",,
"DataSynapse GridServer","5.1.2","Retired","12-31-2020",,
"TIBCO ActiveMatrix BusinessWorks Plug-in for Siebel","6.0.1","Retired","03-31-2018",,
"TIBCO Data Quality and TIBCO Data Discovery","1.0.0","Retired","12-30-2023","12-31-2023",
"Spotfire Statistics Services","3.3.0","Retired","06-12-2014",,
"TIBCO InConcert","7.4.0","Retired","01-31-2022",,
"TIBCO ActiveMatrix BusinessWorks Plug-in for Oracle E-Business Suite","1.1.0","Retired","03-31-2015",,
"TIBCO BusinessConnect EDI Protocol HIPAA Edition Powered by Instream","6.2.0","Retired","01-31-2014",,
"TIBCO BusinessConnect EDI Protocol Powered by Instream","6.2.1","Retired","01-31-2014",,
"TIBCO BusinessConnect EDI Protocol Powered by Instream","6.2.0","Retired","01-31-2014",,
"TIBCO ActiveMatrix Service Grid","3.0.2","Retired","10-31-2015",,
"TIBCO ActiveMatrix Service Bus","3.0.2","Retired","10-31-2015",,
"TIBCO Business Studio - BPM Edition","3.4.3","Retired","04-30-2014","08-19-2022",
"TIBCO ActiveMatrix Lifecycle Governance Framework","4.0.0","Retired","12-31-2015",,
"TIBCO Enterprise Message Service","6.0.1","Retired","11-30-2016","11-15-2025",
"TIBCO ActiveMatrix Lifecycle Governance Registry Foundation","6.65.0","Retired","04-30-2019",,
"TIBCO Rendezvous","8.3.1","Retired","11-30-2016","11-15-2025",
"TIBCO ActiveMatrix BusinessWorks Plug-in for Salesforce.com","2.3.0","Retired","03-31-2017",,
"TIBCO Hawk","4.9.0","Retired","11-30-2016","08-19-2022",
"TIBCO Slingshot","1.8.0","Retired","10-31-2023","11-01-2023",
"TIBCO Matching Platform","4.4.2","Retired","01-31-2019","11-15-2025",
"TIBCO Machine Learning Engine","4.4.2","Retired","01-31-2019","11-15-2025",
"TIBCO ActiveMatrix Binding Type for Adapters","3.0.1","Retired","10-31-2015",,
"TIBCO Matching Engine","4.4.2","Retired","01-31-2019","11-15-2025",
"TIBCO ActiveMatrix Binding Type for Adapters","3.0.0","Retired","10-31-2015",,
"TIBCO Slingshot","1.7.0","Retired","10-31-2023","11-01-2023",
"TIBCO Adapter SDK","5.7.0","Retired","10-30-2020",,
"DataSynapse GridServer","6.0.0","Retired","06-30-2017",,
"TIBCO OpenSpirit Web Server","2008.0.0","Retired","12-20-2017",,
"TIBCO OpenSpirit Runtime","3.2.2","Retired","09-01-2025","08-02-2024",
"TIBCO OpenSpirit Runtime","3.1.5","Retired","09-01-2025","08-02-2024",
"TIBCO Business Studio iProcess Add-in","3.4.0","Retired","01-31-2015","08-19-2022",
"TIBCO OpenSpirit Extension for ArcGIS","2010.0.0","Retired","09-01-2025","08-02-2024",
"TIBCO OpenSpirit Developer Kit","3.2.2","Retired","09-01-2025","08-02-2024",
"TIBCO OpenSpirit Copy Manager","2010.0.0","Retired","09-01-2025","08-02-2024",
"TIBCO ActiveMatrix Service Grid","2.3.1","Retired","12-31-2016","11-15-2025",
"TIBCO ActiveMatrix Service Bus","2.3.1","Retired","12-31-2016","08-02-2024",
"TIBCO iProcess Analytics","4.1.3","Retired","09-30-2012",,
"Spotfire Developer","3.2.1","Retired","07-21-2013",,
"Spotfire Web Player","3.2.1","Retired","07-21-2013",,
"TIBCO ActiveMatrix Binding Type for EJB","3.0.1","Retired","10-31-2015",,
"Spotfire Analyst","3.2.1","Retired","07-21-2013","06-16-2022",
"TIBCO ActiveMatrix BusinessWorks Plug-in for Data Conversion","3.1.0","Retired","10-31-2022","11-01-2022",
"TIBCO ActiveMatrix Service Grid","3.0.1","Retired","10-31-2015",,
"TIBCO ActiveMatrix Service Bus","3.0.1","Retired","10-31-2015",,
"TIBCO BusinessConnect EDI Protocol HIPAA Edition Powered by Instream","6.1.0","Retired","01-31-2014",,
"TIBCO BusinessConnect EDI Protocol Powered by Instream","6.1.0","Retired","01-31-2014",,
"TIBCO BusinessConnect","5.3.3","Retired","12-31-2013",,
"TIBCO Service Gateway for Files (Open Systems)","5.2.0","Retired","10-31-2014",,
"TIBCO Service Gateway for WMQ (Open Systems)","5.2.0","Retired","10-31-2014",,
"TIBCO Service Gateway for Oracle (Open Systems)","5.2.0","Retired","10-31-2014",,
"TIBCO Service Gateway for ODBC (Open Systems)","5.2.0","Retired","10-31-2014",,
"TIBCO Service Gateway for WMQ (z/OS)","5.2.0","Retired","10-31-2014",,
"TIBCO BusinessConnect EDI Protocol Powered by Instream","6.0.0","Retired","01-31-2014",,
"TIBCO Service Gateway for IMS TM","5.2.0","Retired","10-31-2014",,
"TIBCO Service Gateway for IMS/DB","5.2.0","Retired","10-31-2014",,
"Spotfire Developer","3.2.0","Retired","07-21-2013",,
"TIBCO Service Gateway for IDMS/DB","5.2.0","Retired","10-31-2014",,
"Spotfire Web Player","3.2.0","Retired","07-21-2013",,
"TIBCO Service Gateway for DB2","5.2.0","Retired","10-31-2014",,
"TIBCO Service Gateway for CICS","5.2.0","Retired","10-31-2014",,
"TIBCO BusinessWorks OSB Plug-in","5.2.0","Retired","10-31-2014",,
"TIBCO Object Service Broker for Open Systems","5.2.0","Retired","10-31-2014",,
"TIBCO Object Service Broker for z/OS","5.2.0","Retired","10-31-2014",,
"TIBCO ActiveMatrix Lifecycle Governance Framework","3.22.0","Retired","04-30-2019",,
"TIBCO ActiveMatrix BusinessWorks Plug-in for SWIFT","5.8.0","Retired","03-31-2015",,
"Spotfire Statistics Services","3.1.1","Retired","08-08-2013","11-08-2023",
"TIBCO Rendezvous","8.3.0","Retired","11-30-2016","11-15-2025",
"TIBCO Enterprise Message Service","6.0.0","Retired","11-30-2016","11-15-2025",
"TIBCO Matching Platform","4.4.0","Retired","01-31-2019","11-15-2025",
"TIBCO Machine Learning Engine","4.4.0","Retired","01-31-2019","11-15-2025",
"TIBCO Matching Engine","4.4.0","Retired","01-31-2019","11-15-2025",
"TIBCO Matching Engine - Standard Edition","4.4.0","Retired","01-31-2019",,
"TIBCO ActiveMatrix BusinessWorks Plug-in for Oracle E-Business Suite","1.0.0","Retired","10-31-2014",,
"TIBCO BusinessConnect","5.3.2","Retired","12-31-2013",,
"TIBCO BusinessConnect EDI Protocol HIPAA Edition Powered by Instream","6.0.0","Retired","01-31-2014",,
"TIBCO iProcess Workspace (Windows)","11.1.1","Retired","01-31-2015",,
"TIBCO Business Studio iProcess Add-in","3.3.0","Retired","01-31-2015",,
"TIBCO Matching Platform","4.3.4","Retired","01-31-2019","11-15-2025",
"TIBCO Machine Learning Engine","4.3.4","Retired","01-31-2019","11-15-2025",
"TIBCO Matching Engine","4.3.4","Retired","01-31-2019","11-15-2025",
"TIBCO ActiveMatrix Binding Type for EJB","3.0.0","Retired","10-31-2015",,
"Spotfire Server","3.1.1","Retired","07-21-2013",,
"TIBCO ActiveMatrix Service Grid","3.0.0","Retired","10-31-2015",,
"TIBCO ActiveMatrix Service Bus","3.0.0","Retired","10-31-2015",,
"TIBCO Enterprise Message Service","5.1.5","Retired","11-30-2014","11-15-2025",
"TIBCO API Exchange","2.5.1","Retired","06-30-2025","11-15-2025",
"ibi WebFOCUS","8207.28.09","Retired","09-04-2025","09-05-2024",
"TIBCO ActiveMatrix BusinessWorks Plug-in for Database","8.5.0","Retirement Announced","05-31-2027","05-05-2026",
"TIBCO Managed File Transfer Internet Server","8.4.1","Retirement Announced","12-31-2026","12-11-2025",
"TIBCO Managed File Transfer Command Center","8.4.1","Retirement Announced","12-31-2026","12-11-2025",
"ibi Data Migrator","9.0.0","Retired","12-04-2025","12-09-2024",
"TIBCO Enterprise Message Service Distribution for TIBCO Silver Fabric","8.6.0","Retired","09-01-2025","11-15-2025",
"TIBCO iProcess Web Services Server Plug-in","11.8.1","Retirement Announced","09-30-2026","11-15-2025",
"TIBCO iProcess Web Services Client Plug-in","11.8.1","Retirement Announced","09-30-2026","11-15-2025",
"TIBCO iProcess Engine (Oracle)","11.8.1","Retirement Announced","09-30-2026","11-15-2025",
"TIBCO iProcess Workspace Plug-ins","11.8.1","Retirement Announced","09-30-2026","11-15-2025",
"TIBCO iProcess Technology Plug-ins","11.8.1","Retirement Announced","09-30-2026","11-15-2025",
"TIBCO iProcess Engine (DB2)","11.8.1","Retirement Announced","09-30-2026","11-15-2025",
"TIBCO ActiveMatrix BusinessWorks Plug-in for Marketo","7.2.2","Retirement Announced","09-30-2026","04-13-2026",
"TIBCO BusinessEvents Enterprise Edition","6.2.1","Retired","10-31-2024","06-13-2024",
"ibi WebFOCUS","8207.28.06","Retired","09-04-2025","09-05-2024",
"ibi WebFOCUS","8207.28.05","Retired","09-04-2025","09-05-2024",
"TIBCO ActiveMatrix BusinessWorks Plug-in for Amazon SQS and SNS","6.5.1","Retired","10-31-2025","03-21-2026",
"TIBCO ActiveMatrix BusinessWorks Plug-in for NetSuite","6.3.4","Retired","10-31-2025","04-03-2026",
"TIBCO Managed File Transfer Internet Server","8.4.0","Retirement Announced","12-31-2026","12-11-2025",
"TIBCO ActiveMatrix BusinessWorks Plug-in for Salesforce.com","6.9.2","Retired","10-31-2025","04-15-2026",
"TIBCO ActiveMatrix BusinessWorks Plug-in for TIBCO AuditSafe","6.3.1","GA","06-30-2027","05-05-2026",
"TIBCO BusinessEvents Enterprise Edition","6.2.0","Retired","10-31-2024","06-13-2024",
"TIBCO ActiveMatrix BusinessWorks Plug-in for Data Conversion","3.5.1","Retired","10-31-2025","06-24-2024",
"TIBCO Nimbus","10.4.1","Retired","07-31-2025","11-15-2025",
"TIBCO Patterns","5.7.0","Retirement Announced","06-30-2027","07-24-2026",
"TIBCO ActiveMatrix BusinessWorks","5.15.0","Retirement Announced","11-30-2026","11-15-2025",
"ibi WebFOCUS","8207.28.0","Retired","09-04-2025","09-05-2024",
"TIBCO Managed File Transfer Platform Server for zLinux","8.1.0","Retirement Announced","03-31-2027","11-15-2025",
"TIBCO ModelOps","1.0.0","Retired","06-30-2024","11-21-2024",
"TIBCO Offer and Price Engine","5.1.0","Retired","02-28-2026","11-15-2025",
"TIBCO BusinessEvents Enterprise Edition","6.1.1","Retired","01-31-2024","08-01-2023",
"TIBCO Data Virtualization","8.4.0","Retired","11-30-2023","03-16-2023",
"TIBCO Administrator - Enterprise Edition Distribution for TIBCO Silver Fabric","5.10.3","Retired","09-01-2025","11-15-2025",
"TIBCO Silver Fabric","6.0.4","Retired","09-01-2025","11-15-2025",
"EBX","5.9.26","Retirement Announced","05-27-2027","05-27-2026",
"TIBCO Hawk","6.3.0","Retirement Announced","09-30-2026","11-15-2025",
"Spotfire Enterprise Runtime for R - Server Edition","1.12.3","Retired","01-31-2026","05-08-2025",
"Spotfire Service for Python","1.12.3","Retired","01-31-2026","05-08-2025",
"TIBCO BusinessWorks Container Edition","2.8.1","Retired","05-31-2026","11-15-2025",
"TIBCO Operational Intelligence Hawk RedTail","7.2.1","Retired","12-31-2025","11-25-2025",
"Spotfire Data Science Team Studio","7.0.0","Retired","07-30-2026","11-15-2025",
"TIBCO Silver Fabric","6.0.3","Retired","09-01-2025","11-15-2025",
"ibi Data Migrator","9.0.4","Retired","12-04-2025","12-09-2024",
"ibi WebFOCUS","9.0.4","Retired","12-04-2025","12-09-2024",
"TIBCO Administrator - Enterprise Edition Distribution for TIBCO Silver Fabric","5.12.0","Retired","09-01-2025","11-15-2025",
"TIBCO ActiveMatrix BusinessWorks","6.9.0","Retired","05-31-2026","11-15-2025",
"Spotfire Statistics Services","12.0.2","Retired","10-31-2025","11-01-2024",
"TIBCO FTL","1.0.0","Retired","06-30-2016",,
"TIBCO ActiveMatrix BusinessWorks","5.14.1","Retired","03-31-2026","11-15-2025",
"TIBCO ActiveMatrix BusinessWorks Plug-in for NetSuite","6.3.5","Retired","10-31-2025","04-03-2026",
"TIBCO BPM Enterprise Distribution for TIBCO Silver Fabric","4.3.2","Retired","09-01-2025","11-15-2025",
"TIBCO Business Studio - BPM Edition","4.3.2","Retired","06-02-2026","11-19-2025",
"TIBCO BPM Enterprise","4.3.2","Retired","06-02-2026","11-19-2025",
"ibi WebFOCUS","8207.28.11","Retired","09-04-2025","09-05-2024",
"TIBCO Managed File Transfer Internet Server","8.4.2","Retirement Announced","12-31-2026","12-11-2025",
"TIBCO Enterprise Administrator Distribution for TIBCO Silver Fabric","2.4.0","Retired","09-01-2025","11-15-2025",
"TIBCO ActiveMatrix BusinessWorks Distribution for TIBCO Silver Fabric","6.7.0","Retired","09-01-2025","11-15-2025",
"ibi WebFOCUS","8207.28.10","Retired","09-04-2025","09-05-2024",
"TIBCO Managed File Transfer Platform Server for UNIX","8.0.1","Retirement Announced","04-30-2027","06-12-2026",
"TIBCO BusinessEvents Distribution for TIBCO Silver Fabric","6.2.2","Retired","09-01-2025","11-15-2025",
"TIBCO Managed File Transfer Platform Server for zLinux","8.1.1","Retirement Announced","03-31-2027","11-15-2025",
"Spotfire Server","12.0.5","Retired","01-31-2026","05-08-2025",
"Spotfire Service for Python","1.12.4","Retired","01-31-2026","05-08-2025",
"Spotfire Enterprise Runtime for R - Server Edition","1.12.4","Retired","01-31-2026","05-08-2025",
"TIBCO Messaging - Schema Repository for Apache Kafka - Enterprise Edition","1.5.0","Retired","05-31-2026","11-15-2025",
"Spotfire Statistica","14.1.0","Retirement Announced","05-05-2028","05-15-2026",
"Spotfire Statistics Services","12.0.4","Retired","10-31-2025","11-01-2024",
"Spotfire Statistics Services","12.0.3","Retired","10-31-2025","11-01-2024",
"Spotfire Business Author","12.0.0","Retired","01-31-2026","05-08-2025",
"Spotfire Analyst","12.0.0","Retired","01-31-2026","05-08-2025",
"Spotfire Service for Python","1.12.0","Retired","01-31-2026","05-08-2025",
"Spotfire Enterprise Runtime for R - Server Edition","1.12.0","Retired","01-31-2026","05-08-2025",
"TIBCO Managed File Transfer Command Center","8.5.0","Retirement Announced","12-31-2026","12-11-2025",
"TIBCO ActiveMatrix BusinessWorks Distribution for TIBCO Silver Fabric","6.5.1","Retired","09-01-2025","11-15-2025",
"EBX","6.1.0","Retirement Announced","05-31-2027","05-27-2026",
"TIBCO API Exchange","2.3.2","Retired","12-31-2022","09-19-2024",
"TIBCO Enterprise Message Service Distribution for TIBCO Silver Fabric","8.5.0","Retired","09-01-2025","11-15-2025",
"TIBCO ModelOps","1.2.0","Retired","06-30-2024","11-15-2025",
"Spotfire Developer","12.0.0","Retired","01-31-2026","05-08-2025",
"Spotfire Qualification","12.0.0","Retired","01-31-2026","05-08-2025",
"Spotfire Connectors","12.0.0","Retired","01-31-2026","05-08-2025",
"Spotfire Cloud Enterprise","12.0.0","Retired","01-31-2026","05-08-2025",
"TIBCO ActiveMatrix BusinessWorks Distribution for TIBCO Silver Fabric","6.8.0","Retired","09-01-2025","11-15-2025",
"TIBCO BusinessEvents Enterprise Edition","6.2.2","Retired","05-31-2026","11-15-2025",
"Spotfire Server","14.0.3","Retirement Announced","11-30-2027","12-10-2025",
"TIBCO BPM Enterprise","5.3.0","Retired","03-25-2026","11-19-2025",
"TIBCO Business Studio - BPM Edition","5.3.0","Retired","03-25-2026","11-19-2025",
"Spotfire Statistica","14.2.0","Retired","08-01-2026","11-15-2025",
"TIBCO Managed File Transfer Internet Server","8.4.4","Retirement Announced","12-31-2026","12-11-2025",
"TIBCO Managed File Transfer Internet Server","8.5.2","Retirement Announced","12-31-2026","12-11-2025",
"TIBCO ActiveMatrix BusinessWorks Plug-in for Salesforce.com","6.6.0","Retired","10-31-2025","04-15-2026",
"TIBCO iProcess Engine (SQL)","11.9.1","Retirement Announced","06-30-2027","01-15-2026",
"TIBCO iProcess Engine (DB2)","11.9.1","Retirement Announced","06-30-2027","01-15-2026",
"TIBCO iProcess Engine (Oracle)","11.9.1","Retirement Announced","06-30-2027","01-15-2026",
"Spotfire Analyst","14.0.2","Retirement Announced","11-30-2027","12-10-2025",
"Spotfire Server","12.0.10","Retired","01-31-2026","11-01-2024",
"Spotfire Enterprise Runtime for R - Server Edition","1.17.2","Retirement Announced","11-30-2027","12-10-2025",
"Spotfire Enterprise Runtime for R - Server Edition","1.12.7","Retired","01-31-2026","11-01-2024",
"TIBCO BusinessWorks Container Edition","2.9.1","Retirement Announced","11-30-2026","11-15-2025",
"TIBCO FTL","6.10.2","Retired","12-31-2025","11-15-2025",
"Spotfire Server","14.0.2","Retirement Announced","11-30-2027","12-10-2025",
"TIBCO Adapter for Files (Unix/Win) Distribution for TIBCO Silver Fabric","7.1.1","Retired","09-01-2025","11-15-2025",
"Spotfire Analyst","12.0.9","Retired","01-31-2026","11-01-2024",
"TIBCO Adapter for Database Distribution for TIBCO Silver Fabric","7.3.1","Retired","09-01-2025","11-15-2025",
"Spotfire Server","12.0.9","Retired","01-31-2026","11-01-2024",
"Spotfire Service for Python","1.17.1","Retirement Announced","11-30-2027","12-10-2025",
"Spotfire Service for Python","1.12.6","Retired","01-31-2026","11-01-2024",
"Spotfire Service for R","1.17.1","Retirement Announced","11-30-2027","12-10-2025",
"Spotfire Statistics Services","12.0.6","Retired","10-31-2025","11-01-2024",
"Spotfire Enterprise Runtime for R - Server Edition","1.17.1","Retirement Announced","11-30-2027","12-10-2025",
"TIBCO Flogo","2.5.0","Retired","04-30-2022",,
"Spotfire Analyst","12.0.8","Retired","01-31-2026","11-01-2024",
"EBX","6.1.3","Retirement Announced","05-31-2027","05-27-2026",
"TIBCO ActiveMatrix BusinessWorks Plug-in for Microsoft SharePoint","6.2.1","Retired","10-31-2025","06-24-2024",
"TIBCO ActiveMatrix BusinessWorks Plug-in for Big Data","6.4.0","Retired","10-31-2025","03-04-2024",
"TIBCO ActiveMatrix BusinessWorks Plug-in for Apache Kafka","6.1.0","Retired","10-31-2025","03-04-2024",
"TIBCO Spotfire Advanced Data Services","8.8.0","Retirement Announced","01-05-2028","06-23-2026",
"Spotfire Analyst","10.0.0","Retired","03-31-2020",,
"Spotfire Statistics Services","10.0.0","Retired","07-31-2021",,
"TIBCO ActiveMatrix BusinessWorks","5.15.1","Retirement Announced","11-30-2026","11-15-2025",
"Spotfire Server","10.0.0","Retired","03-31-2020",,
"TIBCO Enterprise Message Service Distribution for TIBCO Silver Fabric","10.2.1","Retired","09-01-2025","01-08-2025",
"TIBCO Hawk Microagent for TIBCO BusinessWorks Container Edition","2.1.1","Retirement Announced","09-30-2026","02-25-2026",
"TIBCO Messaging - Schema Repository for Apache Kafka - Enterprise Edition","1.6.0","Retired","05-31-2026","11-15-2025",
"TIBCO Messaging Castle - Powered by Apache Kafka","3.6.0-1","Retired","11-30-2025","02-26-2026",
"Spotfire Developer","14.0.0","Retirement Announced","11-30-2027","12-10-2025",
"Spotfire Qualification","14.0.0","Retirement Announced","11-30-2027","12-10-2025",
"Spotfire Connectors","14.0.0","Retirement Announced","11-30-2027","12-10-2025",
"Spotfire Cloud Enterprise","14.0.0","Retirement Announced","11-30-2027","12-10-2025",
"Spotfire Business Author","14.0.0","Retirement Announced","11-30-2027","12-10-2025",
"Spotfire Consumer","14.0.0","Retirement Announced","11-30-2027","12-10-2025",
"Spotfire Web Player","14.0.0","Retirement Announced","11-30-2027","12-10-2025",
"Spotfire Service for Python","1.17.0","Retirement Announced","11-30-2027","12-10-2025",
"TIBCO ActiveMatrix BusinessWorks Plug-in for Salesforce.com","6.5.1","Retired","10-31-2025","04-15-2026",
"Spotfire Analyst","14.0.0","Retirement Announced","11-30-2027","03-06-2026",
"Spotfire Server","14.0.0","Retirement Announced","11-30-2027","12-10-2025",
"EBX","6.1.2","Retirement Announced","05-31-2027","05-27-2026",
"TIBCO BusinessConnect Container Edition - EDI Protocol HIPAA Edition powered by Instream","1.0.0","Retirement Announced","09-30-2026","11-15-2025",
"TIBCO BusinessConnect Container Edition - EDI Protocol powered by Instream","1.2.0","Retirement Announced","09-30-2026","10-17-2025",
"TIBCO AuditSafe","1.3.0","Retired","09-01-2025","01-14-2026",
"Spotfire Analyst","12.0.6","Retired","01-31-2026","05-08-2025",
"Spotfire Analyst","12.0.5","Retired","01-31-2026","05-08-2025",
"TIBCO Fulfillment Catalog","4.0.2","Retired","08-31-2024","09-01-2024",
"Spotfire Enterprise Runtime for R - Server Edition","1.12.5","Retired","01-31-2026","05-08-2025",
"Spotfire Statistics Services","12.0.5","Retired","10-31-2025","11-01-2024",
"TIBCO Flogo","2.2.0","Retired","08-31-2021",,
"ibi WebFOCUS","9.0.5","Retired","12-04-2025","12-09-2024",
"TIBCO ActiveSpaces","4.9.0","Retired","09-30-2025","11-15-2025",
"TIBCO BusinessEvents Enterprise Edition","6.3.0","Retirement Announced","09-30-2026","11-15-2025",
"Spotfire Data Science Team Studio","7.1.0","Retired","07-30-2026","07-29-2025",
"TIBCO Product and Service Catalog powered by TIBCO EBX","2.0.0","Retirement Announced","02-28-2027","03-23-2026",
"TIBCO Silver Fabric Enabler for TIBCO BusinessEvents","3.4.0","Retired","09-01-2025","11-15-2025",
"TIBCO BusinessConnect Container Edition","1.2.0","Retired","12-31-2025","10-26-2023",
"TIBCO ActiveMatrix BusinessWorks Distribution for TIBCO Silver Fabric","6.8.1","Retired","09-01-2025","11-15-2025",
"TIBCO BusinessConnect Container Edition - RosettaNet Protocol","1.2.0","Retired","12-31-2025","12-06-2023",
"TIBCO ActiveMatrix BusinessWorks Plug-in for Facebook","6.5.0","Retirement Announced","09-30-2026","04-13-2026",
"TIBCO FTL","6.10.1","Retired","12-31-2025","11-15-2025",
"TIBCO eFTL","6.10.1","Retired","12-31-2025","05-07-2025",
"Spotfire Enterprise Runtime for R - Server Edition","1.12.1","Retired","01-31-2026","05-08-2025",
"Spotfire Server","12.0.1","Retired","01-31-2026","05-08-2025",
"Spotfire Analyst","12.0.1","Retired","01-31-2026","05-08-2025",
"TIBCO Flogo","2.1.0","Retired","05-31-2021",,
"TIBCO BusinessWorks Container Edition","2.3.4","Retired","07-31-2021","02-27-2023",
"TIBCO ActiveMatrix BusinessWorks Plug-in for PDF","6.2.1","Retired","03-31-2021","11-15-2025",
"TIBCO ActiveMatrix BusinessWorks Plug-in for OData","6.1.0","Retired","10-31-2025","03-06-2024",
"TIBCO ActiveMatrix BusinessWorks Plug-in for Files for Unix and Windows","8.1.0","Retired","06-30-2022","03-05-2024",
"TIBCO ActiveMatrix BusinessWorks Plug-in for Database","8.1.0","Retired","01-31-2022",,
"TIBCO ActiveMatrix BusinessWorks Plug-in for Microsoft SharePoint","6.2.0","Retired","12-31-2020",,
"ibi WebFOCUS","9.0.3","Retired","12-04-2025","12-09-2024",
"TIBCO Operational Intelligence Hawk RedTail","7.2.0","Retired","12-31-2025","11-25-2025",
"TIBCO Enterprise Message Service","1.0.0","Retired","10-30-2010",,
"TIBCO API Exchange Gateway Distribution for TIBCO Silver Fabric","2.4.1","Retired","09-01-2025","11-15-2025",
"TIBCO ActiveMatrix BusinessWorks Plug-in for NetSuite","6.3.1","Retired","10-31-2025","04-03-2026",
"TIBCO BusinessWorks ProcessMonitor","3.2.0","Retired","09-01-2025","03-03-2025",
"TIBCO Enterprise Message Service Appliance","3.0.1","Retired","01-31-2021",,
"TIBCO Silver Fabric Enabler for Red Hat JBoss Enterprise Application","6.0.0","Retired","09-01-2025","11-15-2025",
"TIBCO Jaspersoft ETL (all editions)","7.3.1","Retired","12-31-2024","01-07-2025",
"TIBCO ActiveMatrix BusinessWorks Plug-in for Salesforce.com","6.8.0","Retired","10-31-2025","04-15-2026",
"TIBCO Adapter for SAP Distribution for TIBCO Silver Fabric","7.2.1","Retired","09-01-2025","01-07-2025",
"TIBCO ActiveMatrix BusinessWorks Plug-in for LDAP","7.1.1","Retired","12-31-2020","11-15-2025",
"TIBCO ActiveMatrix BusinessWorks Plug-in for Database","8.0.0","Retired","01-31-2022",,
"TIBCO Spotfire Data Science","6.3.2","Retired","03-31-2020",,
"Spotfire Desktop","7.8.1","Retired","06-30-2019",,
"Spotfire Desktop","7.9.2","Retired","09-30-2019",,
"Spotfire Desktop","7.10.2","Retired","12-31-2019",,
"TIBCO API Exchange","2.3.3","Retired","12-31-2022","09-19-2024",
"Spotfire Desktop","7.11.1","Retired","07-31-2021",,
"Spotfire Server","7.11.1","Retired","07-31-2021",,
"Spotfire Analyst","7.13.0","Retired","09-30-2019",,
"Spotfire Server","7.13.0","Retired","09-30-2019",,
"TIBCO Silver Fabric Enabler for Docker","2.0.0","Retired","09-01-2025","11-15-2025",
"TIBCO Administrator - Enterprise Edition Distribution for TIBCO Silver Fabric","5.10.1","Retired","09-01-2025","01-07-2025",
"TIBCO BusinessEvents Distribution for TIBCO Silver Fabric","5.5.0","Retired","01-31-2022","10-31-2022",
"TIBCO eFTL","3.4.0","Retired","09-30-2021",,
"TIBCO FTL","5.4.0","Retired","09-30-2021","06-25-2024",
"TIBCO FTL","5.1.0","Retired","01-31-2020",,
"TIBCO eFTL","3.1.0","Retired","01-31-2020","11-15-2025",
"TIBCO Fulfillment Catalog","4.0.1","Retired","08-31-2024","09-01-2024",
"EBX","5.7.0","Retired","03-31-2020","05-18-2022",
"EBX","5.6.1","Retired","06-30-2020","05-18-2022",
"TIBCO ActiveMatrix BusinessWorks Plug-in for Amazon SQS and SNS","6.2.0","Retired","10-31-2025","03-21-2026",
"TIBCO Hawk Microagent for TIBCO BusinessWorks Container Edition","1.0.0","Retired","05-08-2020","03-23-2023",
"TIBCO Silver Fabric Enabler for IBM WebSphere","6.0.0","Retired","09-01-2025","11-15-2025",
"Spotfire Desktop","7.11.2","Retired","07-31-2021",,
"TIBCO ActiveMatrix BusinessWorks Plug-in for MongoDB","6.2.1","Retired","10-31-2025","04-03-2026",
"TIBCO Silver Fabric Enabler for ActiveMatrix BPM","1.4.1","Retired","09-01-2025","01-06-2025",
"TIBCO BusinessWorks Container Edition","2.3.2","Retired","07-31-2021","11-15-2025",
"TIBCO ActiveMatrix BusinessWorks","6.4.2","Retired","07-31-2021","11-15-2025",
"Spotfire Statistics Services","7.11.0","Retired","07-31-2021",,
"Spotfire Server","7.11.0","Retired","07-31-2021",,
"TIBCO BusinessConnect ebXML Protocol","6.3.0","GA","09-30-2027","07-26-2022",
"TIBCO ActiveMatrix BusinessWorks Plug-in for NetSuite","6.3.3","Retired","10-31-2025","04-03-2026",
"Spotfire Statistica","13.6.0","Retired","11-26-2022","11-27-2022",
"TIBCO ActiveSpaces Enterprise Edition for z/Linux","2.4.1","Retired","06-30-2023","07-01-2023",
"TIBCO MDM","9.2.0","Retired","05-31-2026","11-15-2025",
"TIBCO ActiveMatrix BusinessWorks Plug-in for MongoDB","6.2.0","Retired","10-31-2025","04-03-2026",
"DataSynapse High-Performance Computing Cloud Adapter","1.2.0","Retirement Announced","03-31-2027","04-21-2026",
"TIBCO Foresight Translator Standard Edition for z/Linux","3.7.0","Retired","09-30-2020",,
"TIBCO Foresight Translator Healthcare Edition for z/Linux","3.7.0","Retired","09-30-2020",,
"TIBCO Enterprise Message Service Appliance","3.0.0","Retired","01-31-2021",,
"TIBCO Enterprise Message Service Appliance","3.0.2","Retired","01-31-2021",,
"TIBCO ActiveMatrix BusinessWorks Distribution for TIBCO Silver Fabric","6.4.2","Retired","09-01-2025","11-15-2025",
"TIBCO ActiveMatrix BusinessWorks Plug-in for MongoDB","6.4.1","Retired","10-31-2025","11-15-2025",
"TIBCO ActiveMatrix BusinessWorks Plug-in for Files for Unix and Windows","8.0.0","Retired","01-31-2022",,
"DataSynapse High-Performance Computing Cloud Adapter","1.4.0","Retirement Announced","03-31-2027","04-21-2026",
"Spotfire Analyst","7.10.1","Retired","12-31-2019",,
"Spotfire Desktop","7.10.1","Retired","12-31-2019",,
"TIBCO iProcess Workspace (Browser)","11.8.0","Retirement Announced","09-30-2026","11-15-2025",
"TIBCO Foresight Transaction Insight","5.1.1","Retired","06-23-2023","07-21-2023",
"TIBCO Foresight Instream","8.7.0","Retired","09-30-2020",,
"TIBCO Enterprise Message Service","8.3.0","Retired","02-28-2020","08-19-2022",
"TIBCO ActiveMatrix BusinessWorks Plug-in for Salesforce.com","6.2.0","Retired","12-31-2019",,
"TIBCO ActiveMatrix BusinessWorks Plug-in for IBM i","7.1.0","Retired","11-30-2020",,
"Spotfire Analyst","7.10.0","Retired","12-31-2019",,
"TIBCO BusinessConnect Trading Community Management","6.1.0","GA","09-30-2027","07-26-2022",
"TIBCO Fulfillment Catalog","4.0.0","Retired","08-31-2024","09-01-2024",
"Spotfire Desktop","7.10.0","Retired","12-31-2019",,
"Spotfire Statistica","11.0A","Retired","04-13-2015","05-18-2022",
"TIBCO Scribe Insight","7.9.5","Retired","11-30-2022","11-15-2025",
"TIBCO ActiveMatrix BusinessWorks Plug-in for MongoDB","6.4.0","Retired","10-31-2025","11-15-2025",
"TIBCO Hawk Microagent for TIBCO BusinessWorks Container Edition","2.0.0","Retirement Announced","09-30-2026","02-25-2026",
"TIBCO JasperReports","6.2.3","Retired","06-28-2018","05-18-2022",
"Spotfire Developer","7.9.0","Retired","09-30-2019",,
"TIBCO JasperReports","6.1.2","Retired","11-20-2017","05-18-2022",
"Spotfire Server","7.9.0","Retired","09-30-2019",,
"Spotfire Server","7.8.0","Retired","06-30-2019",,
"Spotfire Developer","7.8.0","Retired","06-30-2019",,
"Spotfire Server","10.2.0","Retired","06-30-2020",,
"TIBCO ActiveSpaces","2.3.0","Retired","07-31-2021","11-14-2023",
"Spotfire Server","7.6.1","Retired","12-31-2018",,
"Spotfire Server","7.7.0","Retired","03-31-2019",,
"TIBCO ActiveMatrix BusinessWorks Plug-in for Salesforce.com","6.5.2","Retired","10-31-2025","04-15-2026",
"TIBCO Jaspersoft ETL (all editions)","6.3.1","Retired","01-01-2020",,
"TIBCO ActiveMatrix BusinessWorks Plug-in for ActiveSpaces","6.3.1","Retired","10-04-2023","10-05-2023",
"TIBCO ActiveMatrix BusinessWorks Plug-in for Microsoft Dynamics CRM","6.7.0","Retired","10-31-2025","04-02-2026",
"Spotfire Server","10.1.0","Retired","03-31-2020",,
"Spotfire Statistica","6","Retired","01-14-2007",,
"Spotfire Statistica","8","Retired","03-30-2010",,
"TIBCO ActiveSpaces Enterprise Edition for z/Linux","2.4.0","Retired","06-30-2023","07-01-2023",
"Spotfire Statistica","11","Retired","02-10-2015",,
"TIBCO Managed File Transfer Platform Server for zLinux","8.0.0","Retirement Announced","03-31-2027","04-18-2025",
"Spotfire Statistica","12 SP2","Retired","07-17-2016",,
"Spotfire Statistica","12.0A","Retired","04-05-2016",,
"TIBCO Enterprise Message Service Appliance","3.0.3","Retired","01-31-2021",,
"TIBCO ActiveMatrix BusinessWorks Plug-in for SAP Solutions","8.2.2","Retired","01-31-2022","02-27-2023",
"TIBCO ActiveMatrix BusinessWorks Plug-in for NetSuite","6.3.2","Retired","10-31-2025","04-03-2026",
"TIBCO ActiveMatrix BusinessWorks Plug-in for Microsoft Dynamics CRM","6.6.0","Retired","10-31-2025","03-05-2024",
"Spotfire Server","7.11.2","Retired","07-31-2021",,
"TIBCO ActiveMatrix BusinessWorks Plug-in for Big Data","6.5.0","Retired","10-31-2025","03-04-2024",
"TIBCO ActiveMatrix BusinessWorks Plug-in for Apache Kafka","6.1.1","Retired","10-31-2025","03-04-2024",
"Spotfire Desktop","7.9.0","Retired","09-30-2019",,
"TIBCO ActiveMatrix BusinessWorks Plug-in for OData","6.2.0","Retired","10-31-2025","03-06-2024",
"TIBCO FTL","6.0.1","Retired","10-31-2020",,
"TIBCO eFTL","6.0.1","Retired","10-31-2020",,
"TIBCO ActiveMatrix BusinessWorks Plug-in for LDAP","7.2.0","Retired","12-31-2023","12-02-2022",
"TIBCO ActiveMatrix BusinessWorks Plug-in for Database","8.3.0","Retired","01-31-2022","11-15-2025",
"TIBCO API Exchange","2.3.1","Retired","12-31-2022","09-19-2024",
"TIBCO BusinessWorks Container Edition","2.4.2","Retired","03-31-2022","11-15-2025",
"Spotfire Server","7.8.1","Retired","06-30-2019",,
"TIBCO Enterprise Message Service Appliance","2.5.1","Retired","10-31-2020",,
"TIBCO BusinessWorks Container Edition","2.2.1","Retired","02-29-2020",,
"TIBCO Foresight EDISIM","6.18.0","Retired","09-30-2021","02-27-2023",
"TIBCO ActiveMatrix BusinessWorks Plug-in for Mobile Integration","6.2.0","Retired","10-31-2025","03-06-2024",
"TIBCO ActiveMatrix BusinessWorks Plug-in for Big Data","6.3.0","Retired","10-31-2025","03-04-2024",
"TIBCO ActiveMatrix BusinessWorks Plug-in for AMQP","6.0.1","Retired","10-31-2025","03-04-2024",
"TIBCO Flogo","2.3.0","Retired","11-30-2021",,
"TIBCO ActiveMatrix BusinessWorks Plug-in for PDF","6.2.0","Retired","03-31-2021",,
"TIBCO eFTL","6.0.0","Retired","10-31-2020",,
"TIBCO ActiveMatrix BusinessWorks Plug-in for Microsoft Excel","6.1.0","Retired","01-31-2022","11-15-2025",
"TIBCO ActiveMatrix BusinessWorks Plug-in for Big Data","6.2.0","Retired","10-31-2025","03-04-2024",
"TIBCO ActiveMatrix BusinessWorks Plug-in for Big Data","6.1.0","Retired","10-31-2025","03-04-2024",
"TIBCO ActiveMatrix BusinessWorks","6.3.1","Retired","02-29-2020","11-15-2025",
"TIBCO ActiveMatrix BusinessWorks","6.3.2","Retired","02-29-2020","11-15-2025",
"TIBCO ActiveMatrix BusinessWorks","6.2.2","Retired","11-30-2017","11-15-2025",
"TIBCO ActiveMatrix BusinessWorks Plug-in for Oracle Tuxedo","6.0.0","Retired","01-31-2022","10-21-2022",
"TIBCO ActiveMatrix BusinessWorks Plug-in for Salesforce.com","6.1.1","Retired","12-31-2019",,
"TIBCO ActiveMatrix BusinessWorks Plug-in for Mobile Integration","6.1.0","Retired","10-31-2025","03-06-2024",
"Spotfire Statistica","13.5.0","Retired","11-26-2022","02-07-2023",
"TIBCO ActiveMatrix BusinessWorks Plug-in for ServiceNow","6.0.0","Retired","12-31-2023","01-01-2024",
"TIBCO ActiveMatrix BusinessWorks Plug-in for Salesforce.com","6.1.0","Retired","12-31-2019","04-03-2026",
"TIBCO ActiveMatrix BusinessWorks Plug-in for Oracle E-Business Suite","6.1.0","Retired","12-31-2019",,
"TIBCO ActiveMatrix BusinessWorks Plug-in for NetSuite","6.2.0","Retired","11-30-2020",,
"TIBCO ActiveMatrix BusinessWorks Plug-in for NetSuite","6.1.0","Retired","03-31-2018",,
"TIBCO ActiveMatrix BusinessWorks Plug-in for Microsoft Dynamics CRM","6.3.0","Retired","12-31-2019",,
"TIBCO ActiveMatrix BusinessWorks Plug-in for Microsoft Dynamics CRM","6.2.0","Retired","03-31-2018",,
"TIBCO ActiveMatrix BusinessWorks Plug-in for Marketo","7.0.0","Retired","10-31-2025","03-05-2024",
"TIBCO ActiveMatrix BusinessWorks Plug-in for Database","8.4.0","Retired","10-31-2025","03-21-2026",
"TIBCO BusinessConnect cXML Protocol","6.0.1","Retired","06-30-2022","07-01-2022",
"TIBCO ActiveMatrix BusinessWorks","6.3.5","Retired","02-29-2020","11-15-2025",
"TIBCO Order Management","5.1.0","Retired","02-28-2026","11-15-2025",
"TIBCO BusinessConnect Remote","5.0.0","Retired","06-30-2022","07-01-2022",
"TIBCO BusinessConnect EDI Protocol Powered by Instream","6.7.0","Retired","12-31-2019","11-15-2025",
"TIBCO ActiveMatrix BusinessWorks Plug-in for TIBCO AuditSafe","6.3.0","GA","06-30-2027","05-05-2026",
"TIBCO BusinessConnect cXML Protocol","6.0.0","Retired","06-30-2022","07-01-2022",
"TIBCO BusinessConnect","6.3.0","Retired","12-31-2019","11-15-2025",
"TIBCO ActiveMatrix BusinessWorks","5.13.0","Retired","01-31-2024","02-01-2024",
"TIBCO ActiveMatrix BusinessWorks","6.3.0","Retired","11-30-2018","05-18-2022",
"TIBCO MDM","9.3.0","Retired","05-31-2026","11-15-2025",
"TIBCO ActiveMatrix BusinessWorks Distribution for TIBCO Silver Fabric","6.3.4","Retired","09-01-2025","11-15-2025",
"TIBCO ActiveMatrix BusinessWorks Distribution for TIBCO Silver Fabric","6.3.3","Retired","09-01-2025","11-15-2025",
"TIBCO ActiveMatrix BusinessWorks Plug-in for Database","7.2.0","Retired","12-31-2023","01-01-2024",
"TIBCO BusinessEvents Enterprise Edition","6.1.0","Retired","01-31-2024","08-01-2023",
"TIBCO BusinessEvents Enterprise Edition","6.0.0","Retired","08-31-2023","08-01-2023",
"Spotfire Automation Services","7.5.0","Retired","06-30-2018",,
"TIBCO Enterprise Message Service Appliance","2.5.0","Retired","10-31-2020",,
"Spotfire Statistics Services","7.5.0","Retired","12-31-2019",,
"TIBCO Silver Fabric Enabler for Spotfire Web Player","2.1.3","Retired","09-01-2025","11-15-2025",
"Spotfire Server","6.5.4","Retired","03-31-2017",,
"TIBCO RTView for TIBCO BusinessEvents","3.5.0","Retired","09-01-2025","08-23-2025",
"Spotfire Analyst","7.5.1","Retired","06-30-2018","05-18-2022",
"Spotfire Server","7.0.2","Retired","03-31-2018",,
"Spotfire Desktop","7.0.2","Retired","03-31-2018",,
"Spotfire Desktop","7.5.1","Retired","06-30-2018",,
"Spotfire Desktop","7.6.1","Retired","12-31-2018",,
"Spotfire Desktop","7.7.1","Retired","03-31-2019",,
"Spotfire Desktop","7.8.0","Retired","06-30-2019",,
"TIBCO Flogo","2.9.0","Retired","06-30-2023","07-01-2023",
"TIBCO iProcess Workspace (Windows)","11.8.0","Retirement Announced","09-30-2026","11-15-2025",
"TIBCO iProcess Engine (SQL)","11.8.0","Retirement Announced","09-30-2026","11-15-2025",
"TIBCO Silver Fabric Enabler for TIBCO Hawk","1.2.0","Retired","09-01-2025","11-15-2025",
"TIBCO Jaspersoft Studio","6.2.1","Retired","06-28-2018","05-18-2022",
"TIBCO JasperReports Server","6.2.1","Retired","06-28-2018",,
"TIBCO Jaspersoft Studio","6.2.0","Retired","06-28-2018","05-18-2022",
"TIBCO JasperReports Server","6.2.0","Retired","06-28-2018",,
"TIBCO JasperReports","6.2.0","Retired","06-28-2018","05-18-2022",
"DataSynapse High-Performance Computing Cloud Adapter","1.0.0","Retirement Announced","03-31-2027","04-21-2026",
"TIBCO Jaspersoft ETL (all editions)","6.2.1","Retired","08-01-2019",,
"TIBCO ActiveMatrix BusinessWorks Plug-in for SAP Solutions","7.2.0","Retired","01-31-2022",,
"TIBCO ActiveMatrix BusinessWorks Plug-in for MongoDB","6.1.1","Retired","10-31-2025","04-03-2026",
"TIBCO BusinessEvents Distribution for TIBCO Silver Fabric","5.3.0","Retired","04-01-2020","10-31-2022",
"TIBCO ActiveMatrix BusinessWorks Plug-in for OData","6.0.1","Retired","10-31-2025","11-15-2025",
"Spotfire Server","7.6.0","Retired","12-31-2018",,
"TIBCO Silver Fabric Enabler for TIBCO BusinessEvents","3.2.0","Retired","09-01-2025","01-06-2025",
"TIBCO LiveView Desktop","2.1.5","Retired","12-31-2018",,
"TIBCO ActiveMatrix BusinessWorks Plug-in for ActiveSpaces","8.0.1","Retired","06-30-2025","11-15-2025",
"TIBCO API Exchange","2.3.0","Retired","12-31-2022","09-19-2024",
"TIBCO ActiveSpaces","2.2.0","Retired","04-30-2020",,
"TIBCO BusinessWorks Container Edition","2.0.0","Retired","05-31-2019",,
"TIBCO Cloud API Management - Local Edition","3.1.1","Retired","03-31-2019",,
"TIBCO ActiveMatrix BusinessWorks Plug-in for OData","6.0.0","Retired","10-31-2025","11-15-2025",
"TIBCO Silver Fabric Enabler for ActiveMatrix BusinessWorks","3.2.0","Retired","09-01-2025","01-06-2025",
"TIBCO Adapter for SAP Distribution for TIBCO Silver Fabric","7.2.0","Retired","09-01-2025","11-15-2025",
"TIBCO ActiveMatrix BusinessWorks Plug-in for SmartMapper","7.1.0","Retired","12-31-2023","01-01-2024",
"TIBCO Silver Fabric Enabler for ActiveSpaces Enterprise Edition","1.1.0","Retired","09-01-2025","01-06-2025",
"TIBCO BusinessConnect Distribution for TIBCO Silver Fabric","6.3.0","Retired","09-01-2025","11-15-2025",
"TIBCO BusinessEvents Enterprise Edition","5.3.0","Retired","04-01-2020","11-15-2025",
"TIBCO ActiveMatrix BusinessWorks Plug-in for ActiveSpaces","6.3.0","Retired","10-04-2023","10-05-2023",
"TIBCO BusinessWorks Container Edition","2.1.0","Retired","11-30-2019",,
"TIBCO Enterprise Message Service Distribution for TIBCO Silver Fabric","8.3.0","Retired","09-01-2025","11-15-2025",
"TIBCO Silver Fabric Enabler for ActiveMatrix BusinessWorks","3.3.0","Retired","09-01-2025","01-06-2025",
"TIBCO Silver Fabric Enabler for ActiveMatrix BPM","1.4.0","Retired","09-01-2025","01-06-2025",
"TIBCO Silver Fabric","5.8.0","Retired","09-01-2025","01-08-2025",
"TIBCO Silver Fabric Enabler for Docker","1.0.0","Retired","09-01-2025","01-06-2025",
"TIBCO Silver Fabric Enabler for Adapter for LDAP","3.0.0","Retired","09-01-2025","11-15-2025",
"TIBCO Silver Fabric Enabler for TIBCO BusinessEvents","3.1.0","Retired","09-01-2025","01-06-2025",
"TIBCO ActiveSpaces Enterprise Edition Distribution for TIBCO Silver Fabric","2.2.0","Retired","09-01-2025","11-15-2025",
"TIBCO Silver Fabric Enabler for Adapter for SAP","3.0.0","Retired","09-01-2025","11-15-2025",
"TIBCO Cloud API Management - Local Edition","3.1.0","Retired","03-31-2019",,
"TIBCO Runtime Agent (TRA)","5.0.1","Retired","09-15-2005",,
"Spotfire S+ EnvironmentalStats","1.1","Retired","01-31-2026","02-03-2025",
"Spotfire S+ StatServer","2000r2","Retired","01-31-2026","02-03-2025",
"Spotfire S+ StatServer","2000r1a","Retired","01-31-2026","02-03-2025",
"Spotfire S+ StatServer","2000r1","Retired","01-31-2026","02-03-2025",
"Spotfire S+ StatServer","2000","Retired","01-31-2026","02-03-2025",
"Spotfire S+ StatServer","6.1","Retired","01-31-2026","02-03-2025",
"Spotfire S+ for ArcView GIS 3.2","1.1r2s6","Retired","01-31-2026","02-03-2025",
"Spotfire S+ EnvironmentalStats","2","Retired","01-31-2026","02-03-2025",
"TIBCO Adapter for MSMQ","1.0.0","Retired","07-31-2006",,
"TIBCO Silver Fabric Enabler for Adapter for Files (Unix/Win)","1.0.0","Retired","09-01-2025","01-06-2025",
"TIBCO Silver Fabric Enabler for ActiveMatrix BusinessWorks","2.5.0","Retired","09-01-2025","01-06-2025",
"TIBCO Rendezvous","5.9.0","Retired","10-31-2016",,
"Spotfire Miner","1","Retired","01-31-2026","02-03-2025",
"TIBCO Managed File Transfer Internet Server","6.7.0","Retired","08-20-2012",,
"TIBCO Managed File Transfer Internet Server","6.6.0","Retired","02-05-2012",,
"TIBCO Managed File Transfer Internet Server","6.5.1","Retired","08-28-2011",,
"TIBCO Managed File Transfer Internet Server","6.5.0","Retired","04-10-2011",,
"TIBCO Managed File Transfer Internet Server","6.4.0","Retired","07-31-2010",,
"TIBCO Managed File Transfer Internet Server","6.3.0","Retired","03-31-2010",,
"TIBCO Managed File Transfer Internet Server","6.2.0","Retired","06-30-2009",,
"TIBCO Managed File Transfer Internet Server","6.1.0","Retired","07-31-2008",,
"TIBCO Managed File Transfer Command Center","6.7.0","Retired","08-20-2012",,
"TIBCO Managed File Transfer Command Center","6.6.0","Retired","02-05-2012",,
"TIBCO Managed File Transfer Command Center","6.5.1","Retired","08-28-2011",,
"TIBCO Managed File Transfer Command Center","6.5.0","Retired","04-10-2011",,
"TIBCO Managed File Transfer Platform Server for zOS","6.2.0","Retired","08-28-2009",,
"TIBCO Managed File Transfer Command Center","6.4.0","Retired","07-31-2010",,
"TIBCO Managed File Transfer Command Center","6.3.0","Retired","03-31-2010",,
"TIBCO Managed File Transfer Platform Server for zOS","6.0.0","Retired","10-06-2008",,
"TIBCO Managed File Transfer Command Center","6.2.0","Retired","06-30-2009",,
"TIBCO Managed File Transfer Platform Server for zOS","5.5.1","Retired","08-31-2007",,
"TIBCO Managed File Transfer Command Center","6.1.0","Retired","07-31-2008",,
"TIBCO Managed File Transfer Platform Server for zOS","5.5.0","Retired","08-22-2006",,
"TIBCO Managed File Transfer Command Center","6.0.0","Retired","03-31-2008",,
"TIBCO Managed File Transfer Platform Server for zOS","5.4.3","Retired","11-23-2005",,
"TIBCO Managed File Transfer Platform Server for Windows","6.4.0","Retired","10-06-2010",,
"TIBCO Managed File Transfer Platform Server for zOS","6.5.1","Retired","08-27-2011",,
"TIBCO Rendezvous TX","1.1.0","Retired","04-30-2009",,
"TIBCO Rendezvous TX","1.0.0","Retired","04-30-2009",,
"TIBCO Adapter for MetaSolv","3.2.0","Retired","04-30-2009",,
"TIBCO Adapter for MetaSolv","3.1.0","Retired","04-30-2009",,
"TIBCO Adapter for MetaSolv","3.0.1","Retired","04-30-2009",,
"TIBCO Adapter for MetaSolv","3.0.0","Retired","04-30-2009",,
"TIBCO Adapter for MetaSolv","1.0.0","Retired","04-30-2009",,
"TIBCO Rendezvous TX","All","Retired","04-30-2009",,
"TIBCO Rendezvous TX","2.0.0","Retired","04-30-2009",,
"TIBCO Rendezvous TX","1.3.0","Retired","04-30-2009",,
"TIBCO Rendezvous TX","1.2.0","Retired","04-30-2009",,
"Spotfire DecisionSite","9.1.2","Retired","01-31-2026","01-31-2025",
"Spotfire DecisionSite","9.0.2","Retired","01-31-2026","01-31-2025",
"Spotfire DecisionSite","8.2.1","Retired","01-31-2026","01-31-2025",
"Spotfire DecisionSite","8.2.0","Retired","01-31-2026","01-31-2025",
"Spotfire DecisionSite","8.1.1","Retired","01-31-2026","01-31-2025",
"Spotfire DecisionSite","8.1.0","Retired","01-31-2026","01-31-2025",
"Spotfire DecisionSite","8.0.0","Retired","01-31-2026","01-31-2025",
"Spotfire Analytics Server","8.2.0","Retired","01-31-2026","01-31-2025",
"Spotfire Analytics Server","8.1.0","Retired","01-31-2026","01-31-2025",
"Spotfire Analytics Server","10.0.0","Retired","01-31-2026","01-31-2025",
"Spotfire Operations Analytics","1.0.0","Retired","01-31-2026","02-03-2025",
"Spotfire Metrics","4.0.0","Retired","06-12-2014",,
"Spotfire Metrics","3.3.0","Retired","11-01-2013",,
"Spotfire Metrics","2.2.0","Retired","07-21-2013",,
"Spotfire Metrics","2.1.0","Retired","07-21-2013",,
"Spotfire Metrics","2.0.3","Retired","07-21-2013",,
"Spotfire Metrics","2.0.2","Retired","07-21-2013",,
"Spotfire Metrics","2.0.1","Retired","07-21-2013",,
"Spotfire Metrics","2.0.0","Retired","07-21-2013",,
"Spotfire Metrics","1.1.0","Retired","07-21-2013",,
"Spotfire Metrics","1.0.1","Retired","07-21-2013",,
"Spotfire Metrics","1.0.0","Retired","07-21-2013",,
"TIBCO SmartPGM FX","3.1.12","Retired","01-31-2012",,
"TIBCO SmartMQ","2.0.0","Retired","01-31-2012",,
"TIBCO SmartPGM FX","3.1.11","Retired","01-31-2012",,
"TIBCO SmartMQ","1.0.0","Retired","01-31-2012",,
"TIBCO SmartPGM FX","3.1.10","Retired","01-31-2012",,
"TIBCO SmartSockets SSL","All","Retired","10-31-2009",,
"TIBCO SmartSockets SSL","1.1.0","Retired","10-31-2009",,
"TIBCO SmartSockets SSL","1.0.0","Retired","10-31-2009",,
"TIBCO SmartSockets Product Family","All","Retired","09-30-2011",,
"TIBCO SmartPGM FX","3.0.4","Retired","01-31-2012",,
"TIBCO SmartPGM FX","3.0.3","Retired","01-31-2012",,
"TIBCO SmartSockets Product Family","4.0.2","Retired","09-30-2011",,
"TIBCO SmartSockets Product Family","3.5.0","Retired","09-30-2011",,
"TIBCO SmartPGM FX","2.0.x","Retired","01-31-2012",,
"TIBCO SmartPGM FX","2.0.4","Retired","01-31-2012",,
"TIBCO SmartPGM FX","2.0.3","Retired","01-31-2012",,
"TIBCO SmartPGM FX","2.0.2","Retired","01-31-2012",,
"TIBCO ActiveMatrix BusinessWorks Plug-in for Database","6.1.0","Retired","03-31-2017",,
"Spotfire S+Wavelets","2.0.0","Retired","01-31-2026","02-03-2025",
"Spotfire S+SpatialStats","1.5r2","Retired","01-31-2026","02-03-2025",
"Spotfire S+SpatialStats","1.5","Retired","01-31-2026","02-03-2025",
"Spotfire S+Finmetrics","1","Retired","01-31-2026","02-03-2025",
"Spotfire S+ArrayAnalyzer","2.0.2","Retired","01-31-2026","02-03-2025",
"Spotfire S+ArrayAnalyzer","2.0.1","Retired","01-31-2026","02-03-2025",
"Spotfire S+ArrayAnalyzer","2","Retired","01-31-2026","02-03-2025",
"Spotfire S+ for ArcView GIS 3.2","1.1","Retired","01-31-2026","02-03-2025",
"Spotfire S+ StatServer","6","Retired","01-31-2026","02-03-2025",
"Spotfire S+ Enterprise Server","8.1.1","Retired","01-31-2026","02-03-2025",
"Spotfire S+ Enterprise Server","8.0.1","Retired","01-31-2026","02-03-2025",
"Spotfire S+ Enterprise Server","8","Retired","01-31-2026","02-03-2025",
"Spotfire S+ Enterprise Server","7","Retired","01-31-2026","02-03-2025",
"Spotfire S+ Analytic Server","7.0.2","Retired","01-31-2026","02-03-2025",
"Spotfire S+ Analytic Server","6.2","Retired","01-31-2026","02-03-2025",
"Spotfire S+","8.0.1","Retired","01-31-2026","02-03-2025",
"Spotfire S+","7.0.6","Retired","01-31-2026","02-03-2025",
"Spotfire S+","7.0.4","Retired","01-31-2026","02-03-2025",
"Spotfire S+","7.0.3","Retired","01-31-2026","02-03-2025",
"TIBCO LogLogic Security Event Manager","3.5.1","Retired","11-30-2016",,
"TIBCO LogLogic Security Event Manager","3.5.0","Retired","11-30-2016",,
"TIBCO StreamBase Add-in for Microsoft Excel","2.4","Retired","02-28-2025","11-21-2024",
"TIBCO StreamBase Add-in for Microsoft Excel","2.2","Retired","02-28-2025","11-21-2024",
"Spotfire S+","6.2","Retired","01-31-2026","02-03-2025",
"Spotfire S+","6.1","Retired","01-31-2026","02-03-2025",
"Spotfire S+","6","Retired","01-31-2026","02-03-2025",
"Spotfire S+","5.1","Retired","01-31-2026","02-03-2025",
"Spotfire S+","1.1","Retired","01-31-2026","02-03-2025",
"TIBCO Nimbus","7.0.2","Retired","12-01-2013",,
"TIBCO Nimbus","7.0.1","Retired","04-01-2013",,
"TIBCO Nimbus","7.0.0","Retired","02-01-2013",,
"TIBCO Nimbus","6.5.2","Retired","02-01-2012",,
"TIBCO Nimbus","6.5.1","Retired","04-01-2011",,
"TIBCO Nimbus","6.5.0","Retired","12-01-2010",,
"TIBCO Nimbus","6.0.0","Retired","07-01-2006",,
"TIBCO Nimbus","5.0.0","Retired","04-01-2005",,
"TIBCO Nimbus","6.4.0","Retired","12-01-2009",,
"TIBCO ActiveMatrix BusinessWorks Service Engine","5.9.0","Retired","10-31-2016","06-03-2022",
"Spotfire GeoAnalytics Finder","1.0.0","Retired","06-30-2026","02-28-2025",
"Spotfire GeoAnalytics Builder Administrator","1.4.0","Retired","06-30-2026","02-28-2025",
"TIBCO EMS Client for z/OS (CICS)","6.0.0","Retired","03-31-2017",,
"TIBCO EMS Client for z/OS (CICS)","5.2.0","Retired","03-31-2017",,
"TIBCO EMS Client for z/OS (CICS)","5.1.5","Retired","03-31-2017",,
"TIBCO EMS Client for z/OS (CICS)","5.1.0","Retired","03-31-2017",,
"TIBCO EMS Client for z/OS (CICS)","5.0.0","Retired","03-31-2017",,
"TIBCO EMS Client for z/OS (CICS)","4.5.0","Retired","03-31-2017",,
"TIBCO EMS Client for i5/OS","6.0.0","Retired","03-31-2017",,
"TIBCO EMS Client for i5/OS","5.2.0","Retired","03-31-2017",,
"TIBCO EMS Client for i5/OS","5.1.5","Retired","03-31-2017",,
"TIBCO Managed File Transfer Internet Server with RocketStream Accelerator","7.0.1","Retired","12-22-2012",,
"TIBCO Managed File Transfer Internet Server with RocketStream Accelerator","7.0.0","Retired","09-23-2012",,
"TIBCO Managed File Transfer Internet Server with RocketStream Accelerator","6.7.0","Retired","08-20-2012",,
"TIBCO Managed File Transfer Internet Server with RocketStream Accelerator","6.6.0","Retired","02-05-2010",,
"TIBCO Managed File Transfer Internet Server with RocketStream Accelerator","6.5.1","Retired","08-28-2011",,
"TIBCO Managed File Transfer Internet Server with RocketStream Accelerator","6.5.0","Retired","04-10-2011",,
"TIBCO EMS Client for z/OS (MVS)","5.1.4","Retired","03-31-2017",,
"TIBCO Service Gateway for M204","4.1.0","Retired","10-31-2009",,
"TIBCO General Interface","3.7.1","Retired","10-31-2014",,
"TIBCO General Interface","3.7.0","Retired","10-31-2014",,
"TIBCO General Interface","3.6.2","Retired","10-31-2014",,
"TIBCO General Interface","3.6.1","Retired","10-31-2014",,
"Spotfire Server","5.5.2","Retired","12-12-2015",,
"Spotfire Server","6.0.3","Retired","06-12-2016",,
"TIBCO BusinessWorks ProcessMonitor","3.0.2","Retired","09-01-2025","04-03-2026",
"TIBCO BusinessEvents Enterprise Edition","5.2.0","Retired","05-01-2019",,
"TIBCO ActiveSpaces Enterprise Edition Distribution for TIBCO Silver Fabric","2.1.5","Retired","09-01-2025","11-15-2025",
"TIBCO Enterprise Administrator Distribution for TIBCO Silver Fabric","2.1.0","Retired","09-01-2025","11-15-2025",
"TIBCO ActiveMatrix BusinessWorks Plug-in for Salesforce.com","6.0.1","Retired","03-31-2018",,
"Spotfire Analyst","6.5.1","Retired","03-31-2017","05-18-2022",
"TIBCO Silver Fabric Enabler for ActiveSpaces Enterprise Edition","1.0.0","Retired","09-01-2025","01-06-2025",
"TIBCO Silver Fabric Enabler for Spotfire Web Player","1.6.0","Retired","09-01-2025","01-06-2025",
"TIBCO StreamBase Add-in for Microsoft Excel","2.3.0","Retired","02-28-2025","11-21-2024",
"TIBCO BusinessConnect EDI Protocol HIPAA Edition Distribution for TIBCO Silver Fabric","6.5.0","Retired","07-31-2017","11-15-2025",
"TIBCO KxDR - Broadband","3.1.0","Retired","12-31-2013",,
"TIBCO Enterprise RTView","5.2.0","Retired","09-01-2025","12-20-2024",
"TIBCO iProcess Insight","2.2.0","Retired","03-31-2014",,
"TIBCO BusinessFactor","5.4.0","Retired","03-31-2014",,
"TIBCO ActiveMatrix Policy Agent","3.0.0","Retired","01-25-2021",,
"TIBCO Adapter for Kenan/BP","3.0.0","Retired","07-31-2008",,
"TIBCO Network Connector for Ariba CSN-R/3","1.0.0","Retired","12-31-2010",,
"TIBCO Adapter for Kenan/BP","1.1.0","Retired","07-31-2008",,
"Spotfire NuOpt for S+","1.6.2","Retired","01-31-2026","02-03-2025",
"Spotfire S+ Server","8.0.0","Retired","01-31-2026","02-03-2025",
"Spotfire S+","8.0.4","Retired","01-31-2026","11-15-2025",
"TIBCO EMS Client for i5/OS","5.0.0","Retired","03-31-2017",,
"TIBCO ActiveMatrix BusinessWorks Service Engine","5.6.3","Retired","01-31-2013","06-03-2022",
"TIBCO ActiveMatrix BusinessWorks","5.6.2","Retired","01-31-2013",,
"TIBCO Adapter for CICS","5.3.0","Retired","12-31-2012",,
"TIBCO ActiveMatrix BusinessWorks Service Engine","5.6.2","Retired","01-31-2013","06-03-2022",
"TIBCO BusinessFactor","5.3.1","Retired","03-31-2014",,
"TIBCO ActiveMatrix BusinessWorks Plug-in for Database","5.4.0","Retired","03-31-2017",,
"TIBCO Adapter for BroadVision One-to-One","3.1.0","Retired","04-30-2009",,
"Spotfire Analytics Server","10.0.1","Retired","01-31-2026","01-31-2025",
"TIBCO Enterprise RTView","4.7.0","Retired","09-01-2025","12-20-2024",
"TIBCO Jaspersoft iReport","5.5.0","Retired","05-28-2016",,
"TIBCO Silver Fabric Enabler for Adapter for Files (Unix/Win)","3.0.0","Retired","09-01-2025","11-15-2025",
"TIBCO iProcess Engine (SQL)","11.6.0","Retired","07-31-2024","11-15-2025",
"TIBCO Enterprise RTView","4.5.0","Retired","09-01-2025","12-20-2024",
"TIBCO ActiveSpaces Enterprise Edition Distribution for TIBCO Silver Fabric","2.1.6","Retired","09-01-2025","11-15-2025",
"TIBCO ActiveMatrix BusinessWorks","5.4.0","Retired","10-31-2011",,
"TIBCO Adapter for Kenan/BP","5.2.0","Retired","01-31-2016",,
"TIBCO BusinessFactor","5.2.1","Retired","03-31-2014",,
"TIBCO PortalPack for Verity","3.0.1","Retired","09-30-2010",,
"TIBCO ActiveMatrix BusinessWorks Plug-in for ActiveSpaces","6.2.0","Retired","01-31-2019","11-15-2025",
"TIBCO BusinessFactor","5.2.0","Retired","03-31-2014",,
"TIBCO iProcess Insight","2.0.0","Retired","03-31-2014",,
"TIBCO SearchPack","3.0.0","Retired","09-30-2010",,
"TIBCO Silver Fabric Enabler for Generic Adapter","1.0.0","Retired","09-01-2025","11-15-2025",
"TIBCO Adapter for Teradata","5.3.0","Retired","03-31-2011",,
"TIBCO ActiveMatrix BusinessWorks Plug-in for JD Edwards EnterpriseOne","5.2.0","Retired","07-31-2012",,
"TIBCO BusinessEvents Enterprise Edition","5.2.2","Retired","12-31-2019",,
"TIBCO Enterprise Message Service Appliance","2.3.1","Retired","03-31-2018",,
"TIBCO PortalPack for Verity","3.0.0","Retired","09-30-2010",,
"TIBCO ActiveMatrix BusinessWorks","5.3.1","Retired","07-31-2010","09-02-2025",
"TIBCO ActiveMatrix BusinessWorks","5.3.2","Retired","07-31-2010","09-02-2025",
"TIBCO BusinessConnect SOAP Protocol Distribution for TIBCO Silver Fabric","6.1.0","Retired","12-31-2018","11-15-2025",
"TIBCO BusinessConnect Palette Distribution for TIBCO Silver Fabric","6.2.0","Retired","12-31-2018","11-15-2025",
"TIBCO BusinessConnect Distribution for TIBCO Silver Fabric","6.2.1","Retired","12-31-2018","11-15-2025",
"TIBCO Service Gateway for Adabas","4.1.1","Retired","12-31-2010",,
"TIBCO Silver Fabric","5.7.1","Retired","09-01-2025","01-08-2025",
"TIBCO Enterprise Message Service Distribution for TIBCO Silver Fabric","8.2.2","Retired","09-01-2025","11-15-2025",
"TIBCO StreamBase Add-in for Microsoft Excel","2.5.0","Retired","02-28-2025","11-21-2024",
"TIBCO PartnerExpress","2.7.1","Retired","12-31-2012",,
"TIBCO Administrator - Enterprise Edition Distribution for TIBCO Silver Fabric","5.10.0","Retired","09-01-2025","01-07-2025",
"TIBCO Enterprise RTView","3.2.0","Retired","09-01-2025","12-20-2024",
"TIBCO Enterprise RTView","3.1.0","Retired","09-01-2025","12-20-2024",
"TIBCO ActiveMatrix BusinessWorks Plug-in for JD Edwards EnterpriseOne","5.1.1","Retired","07-31-2012",,
"TIBCO ActiveMatrix BusinessWorks","5.2.0","Retired","07-31-2010",,
"TIBCO General Interface","2.4.5","Retired","10-31-2014",,
"TIBCO BusinessWorks Workflow","5.1.0","Retired","06-30-2008",,
"TIBCO OpsFactor","1.0.0","Retired","10-31-2009",,
"TIBCO SmartPGM FX","4.1.2","Retired","01-31-2012",,
"TIBCO ActiveMatrix BusinessWorks","5.1.2","Retired","07-31-2010",,
"TIBCO BPM","2.0.1","Retired","06-30-2008",,
"TIBCO PartnerExpress","2.6.1","Retired","12-31-2012","05-24-2022",
"TIBCO Turbo XML","2.4.0","Retired","09-30-2011",,
"TIBCO Adapter for COM","4.2.1","Retired","04-30-2007",,
"TIBCO SmartPGM FX","4.0.0","Retired","01-31-2012",,
"TIBCO Adapter for CICS","4.2.0","Retired","04-30-2007",,
"TIBCO Adapter for BroadVision One-to-One","4.1.1","Retired","04-30-2009",,
"TIBCO BusinessPartner","3.0.1","Retired","04-30-2013",,
"TIBCO PortalPack for Oracle Applications","1.0.0","Retired","03-31-2010",,
"TIBCO SmartPGM FX","3.2.0","Retired","01-31-2012",,
"TIBCO SmartPGM FX","3.1.13","Retired","01-31-2012",,
"TIBCO SmartSockets RTgateway","1.0.3","Retired","01-31-2012",,
"TIBCO XML Validate","2.2.0","Retired","03-31-2013",,
"TIBCO PortalPack for Siebel","1.0.0","Retired","03-31-2010",,
"TIBCO PortalPack for Domino","1.0.2","Retired","03-31-2010",,
"TIBCO PortalPack for Microsoft Exchange","1.0.3","Retired","03-31-2010",,
"TIBCO ActiveMatrix BusinessWorks","6.1.0","Retired","08-31-2017","09-02-2025",
"Spotfire Automation Services","3.1.0","Retired","07-21-2013",,
"TIBCO BusinessEvents Distribution for TIBCO Silver Fabric","5.1.3","Retired","03-01-2018","01-08-2025",
"TIBCO Enterprise Administrator(TEA) SDK","1.2.0","Retired","05-29-2017",,
"TIBCO ActiveMatrix Policy Agent","3.1.0","Retired","01-25-2021",,
"TIBCO Nimbus","9.2.2","Retired","10-31-2017",,
"TIBCO BusinessEvents Extreme","1.1.2","Retired","12-31-2020",,
"TIBCO Enterprise RTView","5.5.0","Retired","09-01-2025","12-20-2024",
"TIBCO General Interface","3.9.2","Retired","10-31-2014","12-12-2024",
"Spotfire Automation Services","2.2.0","Retired","07-21-2013",,
"Spotfire NuOpt for S+","1.9.2","Retired","01-31-2026","11-15-2025",
"TIBCO BusinessEvents Enterprise Edition","5.1.2","Retired","03-01-2018",,
"TIBCO Silver Fabric Enabler for ActiveMatrix BusinessWorks","2.6.0","Retired","09-01-2025","01-06-2025",
"TIBCO Nimbus","9.2.1","Retired","10-31-2017",,
"TIBCO Silver Fabric Enabler for TIBCO BusinessEvents","2.5.0","Retired","09-01-2025","01-06-2025",
"TIBCO Silver Fabric Enabler for TIBCO API Exchange Gateway","1.0.0","Retired","09-01-2025","01-06-2025",
"Spotfire Analyst","6.0.0","Retired","06-12-2016","05-18-2022",
"TIBCO SmartPGM FX","5.0.0","Retired","01-31-2012",,
"Spotfire Automation Services","6.0.0","Retired","06-12-2016",,
"TIBCO ActiveMatrix BusinessWorks Plug-in for Mobile Integration","2.0.0","Retired","10-31-2025","04-02-2026",
"TIBCO ActiveMatrix BusinessWorks Service Engine Distribution for TIBCO Silver Fabric","5.11.0","Retired","09-01-2025","11-15-2025",
"TIBCO Adapter for Database Distribution for TIBCO Silver Fabric","7.0.0","Retired","09-01-2025","11-15-2025",
"TIBCO Service Performance Manager","2.0.1","Retired","09-30-2016",,
"TIBCO Silver Fabric Enabler for ActiveMatrix BPM","1.0.0","Retired","09-01-2025","01-06-2025",
"TIBCO Silver Fabric Enabler for BEA WebLogic","5.5.1","Retired","09-01-2025","01-06-2025",
"TIBCO Silver Fabric Enabler for IBM WebSphere","5.5.1","Retired","09-01-2025","01-06-2025",
"TIBCO Silver Fabric Enabler for RedHat JBoss","5.5.1","Retired","09-01-2025","01-06-2025",
"TIBCO eFTL","1.0.0","Retired","04-30-2018","11-15-2025",
"TIBCO FTL","4.0.0","Retired","06-30-2016",,
"TIBCO iProcess Analytics","5.1.0","Retired","09-30-2016",,
"TIBCO Nimbus","9.2.0","Retired","10-31-2017",,
"TIBCO Enterprise Message Service Distribution for TIBCO Silver Fabric","8.0.0","Retired","09-01-2025","11-15-2025",
"TIBCO RTView for ActiveMatrix BusinessWorks","6.0.0","Retired","09-01-2025","08-23-2025",
"TIBCO RTView - EMS Monitor System","6.2.1","Retired","09-01-2025","08-23-2025",
"TIBCO Silver Fabric Enabler for Spotfire Web Player","1.5.0","Retired","09-01-2025","01-06-2025",
"TIBCO Silver Fabric","5.5.0","Retired","09-01-2025","01-08-2025",
"TIBCO Nimbus","9.1.0","Retired","07-30-2017",,
"TIBCO Fulfillment Provisioning","3.8.0","Retirement Announced","04-30-2027","05-12-2026",
"TIBCO Silver Fabric Enabler for Adapter for Database","2.0.0","Retired","09-01-2025","01-06-2025",
"TIBCO Silver Fabric Enabler for Adapter for Files (Unix/Win)","2.0.0","Retired","09-01-2025","01-06-2025",
"TIBCO Adapter for Files (Unix/Win) Distribution for TIBCO Silver Fabric","6.2.0","Retired","09-01-2025","01-07-2025",
"Spotfire Automation Services","3.3.3","Retired","11-01-2013",,
"TIBCO ActiveMatrix BusinessWorks Plug-in for Twitter","1.0.0","Retirement Announced","09-30-2026","04-13-2026",
"TIBCO Ajax Message Service Enterprise Edition","5.1.1","Retired","10-30-2019",,
"TIBCO Ajax Message Service Enterprise Edition","5.0.0","Retired","10-30-2019",,
"TIBCO BusinessEvents Enterprise Edition","5.1.1","Retired","01-31-2017",,
"Spotfire Automation Services","5.0.0","Retired","06-13-2015",,
"TIBCO BusinessEvents Distribution for TIBCO Silver Fabric","5.1.0","Retired","01-31-2017","10-31-2022",
"TIBCO FTL","3.0.0","Retired","06-30-2016",,
"TIBCO ActiveMatrix Policy Agent","3.1.1","Retired","01-25-2021",,
"TIBCO RTView - EMS Monitor System","6.1.0","Retired","09-01-2025","08-23-2025",
"TIBCO ActiveMatrix BusinessWorks Distribution for TIBCO Silver Fabric","5.10.0","Retired","09-01-2025","11-15-2025",
"TIBCO Silver Fabric Enabler for ActiveMatrix BusinessWorks","1.2.1","Retired","09-01-2025","01-06-2025",
"TIBCO ActiveMatrix BusinessWorks for z/Linux","5.10.0","Retired","07-31-2015","06-08-2022",
"TIBCO BusinessEvents Enterprise Edition","5.1.0","Retired","01-31-2017",,
"Spotfire Clinical Graphics","2.2.0","Retired","01-31-2026","11-15-2025",
"TIBCO FTL","2.1.0","Retired","06-30-2016",,
"TIBCO Silver Fabric Enabler for ActiveMatrix BusinessWorks","1.2.0","Retired","09-01-2025","01-06-2025",
"TIBCO Silver Fabric Enabler for Adapter for Files (Unix/Win)","1.1.0","Retired","09-01-2025","01-06-2025",
"TIBCO iProcess Server Objects (.NET)","11.4.0","Retirement Announced","09-30-2026","11-15-2025",
"TIBCO iProcess Server Objects (Java)","11.4.0","Retirement Announced","09-30-2026","11-15-2025",
"TIBCO Ajax Message Service Enterprise Edition","4.0.2","Retired","10-30-2019",,
"TIBCO ActiveMatrix BusinessWorks Distribution for TIBCO Silver Fabric","5.9.3","Retired","09-01-2025","01-07-2025",
"Spotfire Automation Services","3.3.1","Retired","11-01-2013",,
"TIBCO ActiveMatrix BusinessWorks","5.9.3","Retired","10-31-2016","11-15-2025",
"TIBCO ActiveMatrix Service Grid Distribution for TIBCO Silver Fabric","3.1.5","Retired","09-01-2025","01-07-2025",
"TIBCO ActiveMatrix BusinessWorks Plug-in for EDI","1.0.0","Retired","06-30-2015","07-26-2022",
"TIBCO Nimbus","8.1.4","Retired","07-31-2016",,
"TIBCO BusinessConnect Services Plug-in","6.0.0","Retired","06-30-2015",,
"TIBCO Silver Fabric Enabler for ActiveMatrix Service Grid","1.0.0","Retired","09-01-2025","01-06-2025",
"TIBCO FTL","2.0.0","Retired","06-30-2016",,
"Spotfire Analytics Server","10.1.1","Retired","01-31-2026","01-31-2025",
"TIBCO Silver Fabric","4.0.1","Retired","09-01-2025","01-08-2025",
"TIBCO iProcess Analytics","5.0.1","Retired","09-30-2016",,
"TIBCO Ajax Message Service Enterprise Edition","4.0.0","Retired","10-30-2019",,
"TIBCO Silver Fabric","4.0.0","Retired","10-31-2015",,
"Spotfire Automation Services","3.3.0","Retired","11-01-2013",,
"TIBCO ActiveMatrix BusinessWorks Service Engine","5.9.2","Retired","10-31-2016","06-03-2022",
"TIBCO FTL","1.1.0","Retired","06-30-2016",,
"TIBCO Managed File Transfer Internet Server","7.0.1","Retired","12-22-2012",,
"TIBCO Managed File Transfer Command Center","7.0.1","Retired","12-22-2012",,
"TIBCO ActiveMatrix BusinessWorks Plug-in for SAP Solutions","6.1.0","Retired","12-31-2016",,
"TIBCO Enterprise RTView","5.8.0","Retired","09-01-2025","12-20-2024",
"TIBCO ActiveMatrix BusinessWorks","5.9.0","Retired","10-31-2016","11-15-2025",
"TIBCO Ajax Message Service Enterprise Edition","3.6.0","Retired","10-30-2019",,
"Spotfire S+Finmetrics","3.1.0","Retired","01-31-2026","11-15-2025",
"Spotfire Miner","8.2.0","Retired","01-31-2026","11-15-2025",
"Spotfire S+","8.2.0","Retired","01-31-2026","11-15-2025",
"Spotfire Automation Services","3.2.0","Retired","07-21-2013",,
"TIBCO RTView for ActiveMatrix BusinessWorks","5.7.0","Retired","09-01-2025","08-23-2025",
"TIBCO KTP","3.5.11","Retired","08-31-2019","01-06-2025",