product_slug,product_name,product_page_url,version_count,bu,active_count,active_version_urls,archive_count,archive_zip_urls
adapter-code-for-tibco-api-exchange-and-joomla,Adapter Code for TIBCO® API Exchange and Joomla!,https://docs.tibco.com/products/adapter-code-for-tibco-api-exchange-and-joomla,2,,2,https://docs.tibco.com/products/adapter-code-for-tibco-api-exchange-and-joomla-2-3-4 | https://docs.tibco.com/products/adapter-code-for-tibco-api-exchange-and-joomla-2-3-3,0,
ibi,ibi,https://docs.tibco.com/products/ibi,1,,0,,0,
ibi-omni-insurance,ibi Omni-Insurance™,https://docs.tibco.com/products/ibi-omni-insurance,4,,1,https://docs.tibco.com/products/ibi-omni-insurance-4-3-0,3,https://docs.tibco.com/pub/oin/tibco-omni-insurance-4-1-1_documentation.zip | https://docs.tibco.com/pub/oin/tibco-omni-insurance-3-16-1_documentation.zip | https://docs.tibco.com/pub/oin/tibco-omni-insurance-3-16-0_documentation.zip
ibi-data-intelligence,ibi™ Data Intelligence,https://docs.tibco.com/products/ibi-data-intelligence,4,,4,https://docs.tibco.com/products/ibi-data-intelligence-2-0-0 | https://docs.tibco.com/products/ibi-data-intelligence-1-0-0 | https://docs.tibco.com/products/ibi-data-intelligence-1-1-0 | https://docs.tibco.com/products/ibi-data-intelligence-1-2-0,0,
ibi-data-quality,ibi™ Data Quality,https://docs.tibco.com/products/ibi-data-quality,8,,8,https://docs.tibco.com/products/ibi-data-quality-5-2-2 | https://docs.tibco.com/products/tibco-data-quality-3-0-0 | https://docs.tibco.com/products/tibco-data-quality-3-1-0 | https://docs.tibco.com/products/tibco-dq-5-0-0 | https://docs.tibco.com/products/tibco-dq-5-1-0 | https://docs.tibco.com/products/tibco-dq-5-1-1 | https://docs.tibco.com/products/ibi-data-quality-5-2-0 | https://docs.tibco.com/products/ibi-data-quality-5-2-1,0,
ibi-focus,ibi™ FOCUS®,https://docs.tibco.com/products/ibi-focus,25,,0,,0,
ibi-iway-service-manager,ibi™ iWay® Service Manager,https://docs.tibco.com/products/ibi-iway-service-manager,7,,0,,0,
ibi-iway-service-manager-edi-add-on,ibi™ iWay® Service Manager EDI Add-on,https://docs.tibco.com/products/ibi-iway-service-manager-edi-add-on,1,,1,https://docs.tibco.com/products/ibi-iway-service-manager-edi-add-on-9-1-1,0,
ibi-mdm-add-on-for-global-data-synchronization,ibi™ MDM Add-on for Global Data Synchronization,https://docs.tibco.com/products/ibi-mdm-add-on-for-global-data-synchronization,8,,2,https://docs.tibco.com/products/tibco-collaborative-information-manager-add-on-for-global-data-synchronization-1-1-0 | https://docs.tibco.com/products/ibi-mdm-add-on-for-global-data-synchronization-4-0-0,6,https://docs.tibco.com/pub/cim-gdsn/tibco-mdm-add-on-for-global-data-synchronization-3-0-3_documentation.zip | https://docs.tibco.com/pub/cim-gdsn/tibco-mdm-add-on-for-global-data-synchronization-3-0-2_documentation.zip | https://docs.tibco.com/pub/cim-gdsn/tibco-mdm-add-on-for-global-data-synchronization-3-0-1_documentation.zip | https://docs.tibco.com/pub/cim-gdsn/tibco-mdm-add-on-for-global-data-synchronization-3-0-0_documentation.zip | https://docs.tibco.com/pub/mdm-gdsn/tibco-mdm-add-on-for-global-data-synchronization-1-2-1_documentation.zip | https://docs.tibco.com/pub/collaborative_information_manager_addon_for_global_data_synchronization/tibco-collaborative-information-manager-add-on-for-global-data-synchronization-1-2-0_documentation.zip
ibi-omni-gen,ibi™ Omni-Gen®,https://docs.tibco.com/products/ibi-omni-gen,5,,1,https://docs.tibco.com/products/ibi-omni-gen-4-3-0,4,https://docs.tibco.com/pub/og/tibco-omni-gen-4-1-1_documentation.zip | https://docs.tibco.com/pub/og/tibco-omni-gen-4-1-0_documentation.zip | https://docs.tibco.com/pub/og/tibco-omni-gen-3-16-1_documentation.zip | https://docs.tibco.com/pub/og/tibco-omni-gen-3-16-0_documentation.zip
ibi-omni-gen-mdm,ibi™ Omni-Gen® MDM,https://docs.tibco.com/products/ibi-omni-gen-mdm,5,,1,https://docs.tibco.com/products/ibi-omni-gen-mdm-4-3-0,4,https://docs.tibco.com/pub/og-mdm/tibco-omni-gen-mdm-4-1-1_documentation.zip | https://docs.tibco.com/pub/og-mdm/tibco-omni-gen-mdm-4-1-0_documentation.zip | https://docs.tibco.com/pub/og-mdm/tibco-omni-gen-mdm-3-16-1_documentation.zip | https://docs.tibco.com/pub/og-mdm/tibco-omni-gen-mdm-3-16-0_documentation.zip
ibi-omni-healthdata,ibi™ Omni-HealthData®,https://docs.tibco.com/products/ibi-omni-healthdata,4,,1,https://docs.tibco.com/products/ibi-omni-healthdata-4-3-0,3,https://docs.tibco.com/pub/ohd/tibco-omni-healthdata-4-1-1_documentation.zip | https://docs.tibco.com/pub/ohd/tibco-omni-healthdata-3-16-1_documentation.zip | https://docs.tibco.com/pub/ohd/tibco-omni-healthdata-3-16-0_documentation.zip
ibi-omni-healthdata-business-release,ibi™ Omni-HealthData® Business Release,https://docs.tibco.com/products/ibi-omni-healthdata-business-release,10,,3,https://docs.tibco.com/products/ibi-omni-healthdata-business-release-2023-1-0 | https://docs.tibco.com/products/ibi-omni-healthdata-business-release-2023-2-0 | https://docs.tibco.com/products/ibi-omni-healthdata-business-release-2023-3-0,7,https://docs.tibco.com/pub/ohd-br/tibco-omni-healthdata-business-release-2022-4-0_documentation.zip | https://docs.tibco.com/pub/ohd-br/tibco-omni-healthdata-business-release-2022-3-0_documentation.zip | https://docs.tibco.com/pub/ohd-br/tibco-omni-healthdata-business-release-2022-2-0_documentation.zip | https://docs.tibco.com/pub/ohd-br/tibco-omni-healthdata-business-release-2022-1-0_documentation.zip | https://docs.tibco.com/pub/ohd-br/tibco-omni-healthdata-business-release-2021-4-0_documentation.zip | https://docs.tibco.com/pub/ohd-br/tibco-omni-healthdata-business-release-2021-3-0_documentation.zip | https://docs.tibco.com/pub/ohd-br/tibco-omni-healthdata-business-release-2021-2-0_documentation.zip
ibi-open-data-hub-for-mainframe-connectors,ibi™ Open Data Hub for Mainframe Connectors,https://docs.tibco.com/products/ibi-open-data-hub-for-mainframe-connectors,14,,14,https://docs.tibco.com/products/ibi-open-data-hub-for-mainframe-connectors-1-3-7 | https://docs.tibco.com/products/ibi-open-data-hub-for-mainframe-connectors-1-0-0 | https://docs.tibco.com/products/ibi-open-data-hub-for-mainframe-connectors-1-0-1 | https://docs.tibco.com/products/ibi-open-data-hub-for-mainframe-connectors-1-0-2 | https://docs.tibco.com/products/ibi-open-data-hub-for-mainframe-connectors-1-0-3 | https://docs.tibco.com/products/ibi-open-data-hub-for-mainframe-connectors-1-0-4 | https://docs.tibco.com/products/ibi-open-data-hub-for-mainframe-connectors-1-0-5 | https://docs.tibco.com/products/ibi-open-data-hub-for-mainframe-connectors-1-0-6 | https://docs.tibco.com/products/ibi-open-data-hub-for-mainframe-connectors-1-0-7 | https://docs.tibco.com/products/ibi-open-data-hub-for-mainframe-connectors-1-0-8 | https://docs.tibco.com/products/ibi-open-data-hub-for-mainframe-connectors-1-0-9 | https://docs.tibco.com/products/ibi-open-data-hub-for-mainframe-connectors-1-3-4 | https://docs.tibco.com/products/ibi-open-data-hub-for-mainframe-connectors-1-3-5 | https://docs.tibco.com/products/ibi-open-data-hub-for-mainframe-connectors-1-3-6,0,
ibi-web-query-for-ibm-i,ibi™ Web Query for IBM i,https://docs.tibco.com/products/ibi-web-query-for-ibm-i,14,,14,https://docs.tibco.com/products/ibi-web-query-for-ibm-i-9-2-1 | https://docs.tibco.com/products/tibco-web-query-for-ibm-i-8207-28-09 | https://docs.tibco.com/products/tibco-web-query-for-ibm-i-9-0-1 | https://docs.tibco.com/products/tibco-web-query-for-ibm-i-8207-28-11 | https://docs.tibco.com/products/tibco-web-query-for-ibm-i-9-0-2 | https://docs.tibco.com/products/tibco-web-query-for-ibm-i-8207-28-12 | https://docs.tibco.com/products/tibco-web-query-for-ibm-i-9-0-3 | https://docs.tibco.com/products/tibco-web-query-for-ibm-i-8207-28-13 | https://docs.tibco.com/products/tibco-web-query-for-ibm-i-9-1-0 | https://docs.tibco.com/products/tibco-web-query-for-ibm-i-9-0-4 | https://docs.tibco.com/products/tibco-web-query-for-ibm-i-9-1-1 | https://docs.tibco.com/products/ibi-web-query-for-ibm-i-9-2-0 | https://docs.tibco.com/products/ibi-web-query-for-ibm-i-8207-28-14 | https://docs.tibco.com/products/ibi-web-query-for-ibm-i-9-1-2,0,
ibi-webfocus-container-edition,ibi™ WebFOCUS® - Container Edition,https://docs.tibco.com/products/ibi-webfocus-container-edition,22,,22,https://docs.tibco.com/products/ibi-webfocus-container-edition-9-3-7 | https://docs.tibco.com/products/tibco-webfocus-container-edition-1-0-0 | https://docs.tibco.com/products/tibco-webfocus-container-edition-1-0-2 | https://docs.tibco.com/products/tibco-webfocus-container-edition-1-0-3 | https://docs.tibco.com/products/tibco-webfocus-container-edition-1-1-0 | https://docs.tibco.com/products/tibco-webfocus-container-edition-1-0-4 | https://docs.tibco.com/products/tibco-webfocus-container-edition-1-1-1 | https://docs.tibco.com/products/ibi-webfocus-container-edition-1-2-0 | https://docs.tibco.com/products/ibi-webfocus-container-edition-1-1-2 | https://docs.tibco.com/products/ibi-webfocus-container-edition-1-2-1 | https://docs.tibco.com/products/ibi-webfocus-container-edition-1-0-5 | https://docs.tibco.com/products/ibi-webfocus-container-edition-1-2-2 | https://docs.tibco.com/products/ibi-webfocus-container-edition-1-2-3 | https://docs.tibco.com/products/ibi-webfocus-container-edition-1-3-0 | https://docs.tibco.com/products/ibi-webfocus-container-edition-1-2-4 | https://docs.tibco.com/products/ibi-webfocus-container-edition-1-3-1 | https://docs.tibco.com/products/ibi-webfocus-container-edition-1-2-5 | https://docs.tibco.com/products/ibi-webfocus-container-edition-1-3-2 | https://docs.tibco.com/products/ibi-webfocus-container-edition-1-3-3 | https://docs.tibco.com/products/ibi-webfocus-container-edition-1-3-4 | https://docs.tibco.com/products/ibi-webfocus-container-edition-9-3-5 | https://docs.tibco.com/products/ibi-webfocus-container-edition-9-3-6,0,
ibi-webfocus-app-studio,ibi™ WebFOCUS® App Studio,https://docs.tibco.com/products/ibi-webfocus-app-studio,37,,0,,0,
ibi-webfocus-client,ibi™ WebFOCUS® Client,https://docs.tibco.com/products/ibi-webfocus-client,38,,0,,0,
ibi-webfocus-dsml-services,ibi™ WebFOCUS® DSML Services,https://docs.tibco.com/products/ibi-webfocus-dsml-services,14,,14,https://docs.tibco.com/products/ibi-webfocus-dsml-services-9-3-7 | https://docs.tibco.com/products/tibco-webfocus-dsml-services-8207-28-0 | https://docs.tibco.com/products/tibco-webfocus-dsml-services-9-0-0 | https://docs.tibco.com/products/tibco-webfocus-dsml-services-9-0-1 | https://docs.tibco.com/products/tibco-webfocus-dsml-services-9-0-2 | https://docs.tibco.com/products/tibco-webfocus-dsml-services-9-1-0 | https://docs.tibco.com/products/tibco-webfocus-dsml-services-9-0-4 | https://docs.tibco.com/products/ibi-webfocus-dsml-services-9-2-0 | https://docs.tibco.com/products/ibi-webfocus-dsml-services-9-3-0 | https://docs.tibco.com/products/ibi-webfocus-dsml-services-9-3-2 | https://docs.tibco.com/products/ibi-webfocus-dsml-services-9-3-3 | https://docs.tibco.com/products/ibi-webfocus-dsml-services-9-3-4 | https://docs.tibco.com/products/ibi-webfocus-dsml-services-9-3-5 | https://docs.tibco.com/products/ibi-webfocus-dsml-services-9-3-6,0,
ibi-webfocus-dsml-services-container-edition,ibi™ WebFOCUS® DSML Services - Container Edition,https://docs.tibco.com/products/ibi-webfocus-dsml-services-container-edition,11,,8,https://docs.tibco.com/products/ibi-webfocus-dsml-services-container-edition-1-0-3 | https://docs.tibco.com/products/ibi-webfocus-dsml-services-container-edition-1-0-4 | https://docs.tibco.com/products/ibi-webfocus-dsml-services-container-edition-1-0-5 | https://docs.tibco.com/products/ibi-webfocus-dsml-services-container-edition-1-0-6 | https://docs.tibco.com/products/ibi-webfocus-dsml-services-container-edition-1-0-7 | https://docs.tibco.com/products/ibi-webfocus-dsml-services-container-edition-9-3-5 | https://docs.tibco.com/products/ibi-webfocus-dsml-services-container-edition-9-3-6 | https://docs.tibco.com/products/ibi-webfocus-dsml-services-container-edition-9-3-7,3,https://docs.tibco.com/pub/dsmlce/tibco-webfocus-dsml-services-container-edition-1-0-2_documentation.zip | https://docs.tibco.com/pub/dsmlce/tibco-webfocus-dsml-services-container-edition-1-0-1_documentation.zip | https://docs.tibco.com/pub/dsmlce/tibco-webfocus-dsml-services-container-edition-1-0-0_documentation.zip
ibi-webfocus-installer,ibi™ WebFOCUS® Installer,https://docs.tibco.com/products/ibi-webfocus-installer,36,,0,,0,
ibi-webfocus-reporting-server,ibi™ WebFOCUS® Reporting Server,https://docs.tibco.com/products/ibi-webfocus-reporting-server,38,,0,,0,
premium-subscription-for-tibco-businessworks-container-edition-and-plug-ins-for-aws-marketplace,Premium Subscription for TIBCO BusinessWorks™ Container Edition and Plug-ins for AWS Marketplace,https://docs.tibco.com/products/premium-subscription-for-tibco-businessworks-container-edition-and-plug-ins-for-aws-marketplace,1,,1,https://docs.tibco.com/products/premium-subscription-for-tibco-businessworks-container-edition-and-plug-ins-for-aws-marketplace-2-3-1,0,
spotfire-analytics,Spotfire Analytics,https://docs.tibco.com/products/spotfire-analytics,2,,0,,0,
spotfire-application,Spotfire Application,https://docs.tibco.com/products/spotfire-application,1,,33,https://docs.tibco.com/products/tibco-spotfire-analyst-12-0-3 | https://docs.tibco.com/products/tibco-spotfire-analyst-11-4-6 | https://docs.tibco.com/products/tibco-spotfire-analyst-12-5-0 | https://docs.tibco.com/products/tibco-spotfire-analyst-11-4-7 | https://docs.tibco.com/products/tibco-spotfire-analyst-12-0-4 | https://docs.tibco.com/products/spotfire-analyst | https://docs.tibco.com/products/spotfire-analyst-14-0-0 | https://docs.tibco.com/products/spotfire-analyst-12-0-5 | https://docs.tibco.com/products/spotfire-analyst-12-0-6 | https://docs.tibco.com/products/spotfire-analyst-12-0-7 | https://docs.tibco.com/products/spotfire-analyst-12-0-8 | https://docs.tibco.com/products/spotfire-analyst-14-0-1 | https://docs.tibco.com/products/spotfire-analyst-12-0-9 | https://docs.tibco.com/products/spotfire-analyst-14-0-2 | https://docs.tibco.com/products/spotfire-analyst-14-0-3 | https://docs.tibco.com/products/spotfire-analyst-12-0-10 | https://docs.tibco.com/products/spotfire-analyst-14-4-0 | https://docs.tibco.com/products/spotfire-application-14-5-0 | https://docs.tibco.com/products/spotfire-analyst-14-0-4 | https://docs.tibco.com/products/spotfire-analyst-12-0-11 | https://docs.tibco.com/products/spotfire-analyst-14-0-5 | https://docs.tibco.com/products/spotfire-analyst-14-4-1 | https://docs.tibco.com/products/spotfire-analyst-14-0-6 | https://docs.tibco.com/products/spotfire-analyst-14-4-2 | https://docs.tibco.com/products/spotfire-application-14-0-7 | https://docs.tibco.com/products/spotfire-application-14-6-0 | https://docs.tibco.com/products/spotfire-application-14-0-8 | https://docs.tibco.com/products/spotfire-application-14-7-0 | https://docs.tibco.com/products/spotfire-application-14-0-9 | https://docs.tibco.com/products/spotfire-application-14-6-1 | https://docs.tibco.com/products/spotfire-application-14-8-0 | https://docs.tibco.com/products/spotfire-application-14-6-2 | https://docs.tibco.com/products/spotfire-application-14-0-10,63,https://docs.tibco.com/pub/sfire-analyst/spotfire-analyst-14-3-0_documentation.zip | https://docs.tibco.com/pub/sfire-analyst/spotfire-analyst-14-2-0_documentation.zip | https://docs.tibco.com/pub/sfire-analyst/spotfire-analyst-14-1-0_documentation.zip | https://docs.tibco.com/pub/sfire-analyst/tibco-spotfire-analyst-12-4-0_documentation.zip | https://docs.tibco.com/pub/sfire-analyst/tibco-spotfire-analyst-12-3-0_documentation.zip | https://docs.tibco.com/pub/sfire-analyst/tibco-spotfire-analyst-12-2-0_documentation.zip | https://docs.tibco.com/pub/sfire-analyst/tibco-spotfire-analyst-12-1-1_documentation.zip | https://docs.tibco.com/pub/sfire-analyst/tibco-spotfire-analyst-12-1-0_documentation.zip | https://docs.tibco.com/pub/sfire-analyst/tibco-spotfire-analyst-12-0-2_documentation.zip | https://docs.tibco.com/pub/sfire-analyst/tibco-spotfire-analyst-12-0-1_documentation.zip | https://docs.tibco.com/pub/sfire-analyst/tibco-spotfire-analyst-12-0-0_documentation.zip | https://docs.tibco.com/pub/sfire-analyst/tibco-spotfire-analyst-11-8-0_documentation.zip | https://docs.tibco.com/pub/sfire-analyst/tibco-spotfire-analyst-11-7-0_documentation.zip | https://docs.tibco.com/pub/sfire-analyst/tibco-spotfire-analyst-11-6-0_documentation.zip | https://docs.tibco.com/pub/sfire-analyst/tibco-spotfire-analyst-11-5-0_documentation.zip | https://docs.tibco.com/pub/sfire-analyst/spotfire-analyst-11-4-10_documentation.zip | https://docs.tibco.com/pub/sfire-analyst/spotfire-analyst-11-4-9_documentation.zip | https://docs.tibco.com/pub/sfire-analyst/spotfire-analyst-11-4-8_documentation.zip | https://docs.tibco.com/pub/sfire-analyst/tibco-spotfire-analyst-11-4-5_documentation.zip | https://docs.tibco.com/pub/sfire-analyst/tibco-spotfire-analyst-11-4-4_documentation.zip | https://docs.tibco.com/pub/sfire-analyst/tibco-spotfire-analyst-11-4-3_documentation.zip | https://docs.tibco.com/pub/sfire-analyst/tibco-spotfire-analyst-11-4-2_documentation.zip | https://docs.tibco.com/pub/sfire-analyst/tibco-spotfire-analyst-11-4-1_documentation.zip | https://docs.tibco.com/pub/sfire-analyst/tibco-spotfire-analyst-11-4-0_documentation.zip | https://docs.tibco.com/pub/sfire-analyst/tibco-spotfire-analyst-11-3-0_documentation.zip | https://docs.tibco.com/pub/sfire-analyst/tibco-spotfire-analyst-11-2-0_documentation.zip | https://docs.tibco.com/pub/sfire-analyst/tibco-spotfire-analyst-11-1-0_documentation.zip | https://docs.tibco.com/pub/sfire-analyst/tibco-spotfire-analyst-11-0-0_documentation.zip | https://docs.tibco.com/pub/sfire-analyst/tibco-spotfire-analyst-10-10-6_documentation.zip | https://docs.tibco.com/pub/sfire-analyst/tibco-spotfire-analyst-10-10-5_documentation.zip | https://docs.tibco.com/pub/sfire-analyst/tibco-spotfire-analyst-10-10-4_documentation.zip | https://docs.tibco.com/pub/sfire-analyst/tibco-spotfire-analyst-10-10-3_documentation.zip | https://docs.tibco.com/pub/sfire-analyst/tibco-spotfire-analyst-10-10-2_documentation.zip | https://docs.tibco.com/pub/sfire-analyst/tibco-spotfire-analyst-10-10-1_documentation.zip | https://docs.tibco.com/pub/sfire-analyst/tibco-spotfire-analyst-10-10-0_documentation.zip | https://docs.tibco.com/pub/sfire-analyst/tibco-spotfire-analyst-10-9-0_documentation.zip | https://docs.tibco.com/pub/sfire-analyst/tibco-spotfire-analyst-10-8-0_documentation.zip | https://docs.tibco.com/pub/sfire-analyst/tibco-spotfire-analyst-10-7-0_documentation.zip | https://docs.tibco.com/pub/sfire-analyst/tibco-spotfire-analyst-10-6-1_documentation.zip | https://docs.tibco.com/pub/sfire-analyst/tibco-spotfire-analyst-10-6-0_documentation.zip | https://docs.tibco.com/pub/sfire-analyst/tibco-spotfire-analyst-10-5-0_documentation.zip | https://docs.tibco.com/pub/sfire-analyst/tibco-spotfire-analyst-10-4-0_documentation.zip | https://docs.tibco.com/pub/sfire-analyst/tibco-spotfire-analyst-10-3-4_documentation.zip | https://docs.tibco.com/pub/sfire-analyst/tibco-spotfire-analyst-10-3-3_documentation.zip | https://docs.tibco.com/pub/sfire-analyst/tibco-spotfire-analyst-10-3-2_documentation.zip | https://docs.tibco.com/pub/sfire-analyst/tibco-spotfire-analyst-10-3-1_documentation.zip | https://docs.tibco.com/pub/sfire-analyst/tibco-spotfire-analyst-10-3-0_documentation.zip | https://docs.tibco.com/pub/sfire-analyst/tibco-spotfire-analyst-10-2-0_documentation.zip | https://docs.tibco.com/pub/sfire-analyst/tibco-spotfire-analyst-10-1-0_documentation.zip | https://docs.tibco.com/pub/sfire-analyst/tibco-spotfire-analyst-10-0-0_documentation.zip | https://docs.tibco.com/pub/sfire-analyst/tibco-spotfire-analyst-7-14-0_documentation.zip | https://docs.tibco.com/pub/sfire-analyst/tibco-spotfire-analyst-7-13-0_documentation.zip | https://docs.tibco.com/pub/sfire-analyst/tibco-spotfire-analyst-7-12-0_documentation.zip | https://docs.tibco.com/pub/sfire-analyst/tibco-spotfire-analyst-7-11-2_documentation.zip | https://docs.tibco.com/pub/sfire-analyst/tibco-spotfire-analyst-7-11-1_documentation.zip | https://docs.tibco.com/pub/sfire-analyst/tibco-spotfire-analyst-7-11-0_documentation.zip | https://docs.tibco.com/pub/sfire-analyst/tibco-spotfire-analyst-7-10-2_documentation.zip | https://docs.tibco.com/pub/sfire-analyst/tibco-spotfire-analyst-7-10-1_documentation.zip | https://docs.tibco.com/pub/sfire-analyst/tibco-spotfire-analyst-7-10-0_documentation.zip | https://docs.tibco.com/pub/sfire-analyst/tibco-spotfire-analyst-7-9-2_documentation.zip | https://docs.tibco.com/pub/sfire-analyst/tibco-spotfire-analyst-7-9-1_documentation.zip | https://docs.tibco.com/pub/sfire-analyst/tibco-spotfire-analyst-7-9-0_documentation.zip | https://docs.tibco.com/pub/sfire-analyst/tibco-spotfire-analyst-7-8-1_documentation.zip
spotfire-enterprise-runtime-for-r-server-edition,Spotfire Enterprise Runtime for R - Server Edition,https://docs.tibco.com/products/spotfire-enterprise-runtime-for-r-server-edition,77,,33,https://docs.tibco.com/products/tibco-enterprise-runtime-for-r-server-edition-1-7-9 | https://docs.tibco.com/products/tibco-enterprise-runtime-for-r-server-edition-1-15-0 | https://docs.tibco.com/products/tibco-enterprise-runtime-for-r-server-edition-1-12-3 | https://docs.tibco.com/products/tibco-enterprise-runtime-for-r-server-edition-1-16-0 | https://docs.tibco.com/products/tibco-enterprise-runtime-for-r-server-edition-1-12-4 | https://docs.tibco.com/products/tibco-enterprise-runtime-for-r-server-edition-1-7-10 | https://docs.tibco.com/products/spotfire-enterprise-runtime-for-r-server-edition-1-17-0 | https://docs.tibco.com/products/spotfire-enterprise-runtime-for-r-server-edition-1-12-5 | https://docs.tibco.com/products/spotfire-enterprise-runtime-for-r-server-edition-1-17-1 | https://docs.tibco.com/products/tibco-enterprise-runtime-for-r-server-edition | https://docs.tibco.com/products/spotfire-enterprise-runtime-for-r-server-edition-1-17-2 | https://docs.tibco.com/products/spotfire-enterprise-runtime-for-r-server-edition-1-12-6 | https://docs.tibco.com/products/spotfire-enterprise-runtime-for-r-server-edition-1-12-7 | https://docs.tibco.com/products/spotfire-enterprise-runtime-for-r-server-edition-1-17-3 | https://docs.tibco.com/products/spotfire-enterprise-runtime-for-r-server-edition-1-12-8 | https://docs.tibco.com/products/spotfire-enterprise-runtime-for-r-server-edition-1-21-0 | https://docs.tibco.com/products/spotfire-enterprise-runtime-for-r-server-edition-1-17-4 | https://docs.tibco.com/products/spotfire-enterprise-runtime-for-r-server-edition-1-22-0 | https://docs.tibco.com/products/spotfire-enterprise-runtime-for-r-server-edition-1-17-5 | https://docs.tibco.com/products/spotfire-enterprise-runtime-for-r-server-edition-1-12-9 | https://docs.tibco.com/products/spotfire-enterprise-runtime-for-r-server-edition-1-17-6 | https://docs.tibco.com/products/spotfire-enterprise-runtime-for-r-server-edition-1-21-1 | https://docs.tibco.com/products/spotfire-enterprise-runtime-for-r-server-edition-1-17-7 | https://docs.tibco.com/products/spotfire-enterprise-runtime-for-r-server-edition-1-21-2 | https://docs.tibco.com/products/spotfire-enterprise-runtime-for-r-server-edition-1-17-8 | https://docs.tibco.com/products/spotfire-enterprise-runtime-for-r-server-edition-1-23-0 | https://docs.tibco.com/products/spotfire-enterprise-runtime-for-r-server-edition-1-17-9 | https://docs.tibco.com/products/spotfire-enterprise-runtime-for-r-server-edition-1-24-0 | https://docs.tibco.com/products/spotfire-enterprise-runtime-for-r-server-edition-1-17-10 | https://docs.tibco.com/products/spotfire-enterprise-runtime-for-r-server-edition-1-23-1 | https://docs.tibco.com/products/spotfire-enterprise-runtime-for-r-server-edition-1-25-0 | https://docs.tibco.com/products/spotfire-enterprise-runtime-for-r-server-edition-1-17-11 | https://docs.tibco.com/products/spotfire-enterprise-runtime-for-r-server-edition-1-23-2,36,https://docs.tibco.com/pub/terrsrv/spotfire-enterprise-runtime-for-r-server-edition-1-20-0_documentation.zip | https://docs.tibco.com/pub/terrsrv/spotfire-enterprise-runtime-for-r-server-edition-1-19-0_documentation.zip | https://docs.tibco.com/pub/terrsrv/spotfire-enterprise-runtime-for-r-server-edition-1-18-0_documentation.zip | https://docs.tibco.com/pub/terrsrv/tibco-enterprise-runtime-for-r-server-edition-1-14-0_documentation.zip | https://docs.tibco.com/pub/terrsrv/tibco-enterprise-runtime-for-r-server-edition-1-13-0_documentation.zip | https://docs.tibco.com/pub/terrsrv/tibco-enterprise-runtime-for-r-server-edition-1-12-2_documentation.zip | https://docs.tibco.com/pub/terrsrv/tibco-enterprise-runtime-for-r-server-edition-1-12-1_documentation.zip | https://docs.tibco.com/pub/terrsrv/tibco-enterprise-runtime-for-r-server-edition-1-12-0_documentation.zip | https://docs.tibco.com/pub/terrsrv/tibco-enterprise-runtime-for-r-server-edition-1-11-1_documentation.zip | https://docs.tibco.com/pub/terrsrv/tibco-enterprise-runtime-for-r-server-edition-1-11-0_documentation.zip | https://docs.tibco.com/pub/terrsrv/tibco-enterprise-runtime-for-r-server-edition-1-10-0_documentation.zip | https://docs.tibco.com/pub/terrsrv/tibco-enterprise-runtime-for-r-server-edition-1-9-2_documentation.zip | https://docs.tibco.com/pub/terrsrv/tibco-enterprise-runtime-for-r-server-edition-1-9-1_documentation.zip | https://docs.tibco.com/pub/terrsrv/tibco-enterprise-runtime-for-r-server-edition-1-9-0_documentation.zip | https://docs.tibco.com/pub/terrsrv/spotfire-enterprise-runtime-for-r-server-edition-1-7-11_documentation.zip | https://docs.tibco.com/pub/terrsrv/tibco-enterprise-runtime-for-r-server-edition-1-7-8_documentation.zip | https://docs.tibco.com/pub/terrsrv/tibco-enterprise-runtime-for-r-server-edition-1-7-7_documentation.zip | https://docs.tibco.com/pub/terrsrv/tibco-enterprise-runtime-for-r-server-edition-1-7-6_documentation.zip | https://docs.tibco.com/pub/terrsrv/tibco-enterprise-runtime-for-r-server-edition-1-7-5_documentation.zip | https://docs.tibco.com/pub/terrsrv/tibco-enterprise-runtime-for-r-server-edition-1-7-4_documentation.zip | https://docs.tibco.com/pub/terrsrv/tibco-enterprise-runtime-for-r-server-edition-1-7-3_documentation.zip | https://docs.tibco.com/pub/terrsrv/tibco-enterprise-runtime-for-r-server-edition-1-7-2_documentation.zip | https://docs.tibco.com/pub/terrsrv/tibco-enterprise-runtime-for-r-server-edition-1-7-1_documentation.zip | https://docs.tibco.com/pub/terrsrv/tibco-enterprise-runtime-for-r-server-edition-1-7-0_documentation.zip | https://docs.tibco.com/pub/terrsrv/tibco-enterprise-runtime-for-r-server-edition-1-3-8_documentation.zip | https://docs.tibco.com/pub/terrsrv/tibco-enterprise-runtime-for-r-server-edition-1-3-7_documentation.zip | https://docs.tibco.com/pub/terrsrv/tibco-enterprise-runtime-for-r-server-edition-1-3-6_documentation.zip | https://docs.tibco.com/pub/terrsrv/tibco-enterprise-runtime-for-r-server-edition-1-3-5_documentation.zip | https://docs.tibco.com/pub/terrsrv/tibco-enterprise-runtime-for-r-server-edition-1-3-4_documentation.zip | https://docs.tibco.com/pub/terrsrv/tibco-enterprise-runtime-for-r-server-edition-1-3-3_documentation.zip | https://docs.tibco.com/pub/terrsrv/tibco-enterprise-runtime-for-r-server-edition-1-3-2_documentation.zip | https://docs.tibco.com/pub/terrsrv/tibco-enterprise-runtime-for-r-server-edition-1-3-1_documentation.zip | https://docs.tibco.com/pub/terrsrv/tibco-enterprise-runtime-for-r-server-edition-1-3-0_documentation.zip | https://docs.tibco.com/pub/terrsrv/tibco-enterprise-runtime-for-r-server-edition-1-2-5_documentation.zip | https://docs.tibco.com/pub/terrsrv/tibco-enterprise-runtime-for-r-server-edition-1-2-4_documentation.zip | https://docs.tibco.com/pub/terrsrv/tibco-enterprise-runtime-for-r-server-edition-1-2-3_documentation.zip
spotfire-liveview-web-enterprise-edition,Spotfire LiveView™ Web Enterprise Edition,https://docs.tibco.com/products/spotfire-liveview-web-enterprise-edition,18,,2,https://docs.tibco.com/products/spotfire-liveview-web-enterprise-edition-1-7-0 | https://docs.tibco.com/products/spotfire-liveview-web-enterprise-edition-1-7-1,16,https://docs.tibco.com/pub/ldm-web/tibco-liveview-web-enterprise-edition-1-6-2_documentation.zip | https://docs.tibco.com/pub/ldm-web/tibco-liveview-web-enterprise-edition-1-6-0_documentation.zip | https://docs.tibco.com/pub/ldm-web/tibco-liveview-web-enterprise-edition-1-5-0_documentation.zip | https://docs.tibco.com/pub/ldm-web/tibco-liveview-web-enterprise-edition-1-4-1_documentation.zip | https://docs.tibco.com/pub/ldm-web/tibco-liveview-web-enterprise-edition-1-4-0_documentation.zip | https://docs.tibco.com/pub/ldm-web/tibco-liveview-web-enterprise-edition-1-3-2_documentation.zip | https://docs.tibco.com/pub/ldm-web/tibco-liveview-web-enterprise-edition-1-3-1_documentation.zip | https://docs.tibco.com/pub/ldm-web/tibco-liveview-web-enterprise-edition-1-3-0_documentation.zip | https://docs.tibco.com/pub/ldm-web/tibco-liveview-web-enterprise-edition-1-2-1_documentation.zip | https://docs.tibco.com/pub/ldm-web/tibco-liveview-web-1-2-0_documentation.zip | https://docs.tibco.com/pub/ldm-web/tibco-liveview-web-1-1-3_documentation.zip | https://docs.tibco.com/pub/ldm-web/tibco-liveview-web-1-1-2_documentation.zip | https://docs.tibco.com/pub/ldm-web/tibco-liveview-web-1-1-1_documentation.zip | https://docs.tibco.com/pub/ldm-web/tibco-liveview-web-1-1-0_documentation.zip | https://docs.tibco.com/pub/ldm-web/tibco-liveview-web-1-0-3_documentation.zip | https://docs.tibco.com/pub/ldm-web/tibco-liveview-web-1-0-2_documentation.zip
spotfire-on-kubernetes,Spotfire on Kubernetes,https://docs.tibco.com/products/spotfire-on-kubernetes,5,,5,https://docs.tibco.com/products/spotfire-on-kubernetes-6-0-0 | https://docs.tibco.com/products/spotfire-on-kubernetes-3-0-0 | https://docs.tibco.com/products/spotfire-on-kubernetes-4-0-0 | https://docs.tibco.com/products/spotfire-on-kubernetes-5-0-0 | https://docs.tibco.com/products/spotfire-on-kubernetes-4-1-0,0,
spotfire-statistica,Spotfire Statistica®,https://docs.tibco.com/products/spotfire-statistica,11,,4,https://docs.tibco.com/products/tibco-statistica-14-1-0 | https://docs.tibco.com/products/spotfire-statistica-14-2-0 | https://docs.tibco.com/products/spotfire-statistica-14-3-0 | https://docs.tibco.com/products/spotfire-statistica-14-4-0,7,https://docs.tibco.com/pub/stat/tibco-statistica-14-0-1_documentation.zip | https://docs.tibco.com/pub/stat/tibco-statistica-14-0-0_documentation.zip | https://docs.tibco.com/pub/stat/tibco-statistica-13-6-0_documentation.zip | https://docs.tibco.com/pub/stat/tibco-statistica-13-5-0_documentation.zip | https://docs.tibco.com/pub/stat/tibco-statistica-13-4-0_documentation.zip | https://docs.tibco.com/pub/stat/tibco-statistica-13-3-1_documentation.zip | https://docs.tibco.com/pub/stat/tibco-statistica-13-3-0_documentation.zip
spotfire-statistica-all-servers,Spotfire Statistica® - All Servers,https://docs.tibco.com/products/spotfire-statistica-all-servers,6,,4,https://docs.tibco.com/products/tibco-statistica-all-servers-14-1-0 | https://docs.tibco.com/products/spotfire-statistica-all-servers-14-2-0 | https://docs.tibco.com/products/spotfire-statistica-all-servers-14-3-0 | https://docs.tibco.com/products/spotfire-statistica-all-servers-14-4-0,2,https://docs.tibco.com/pub/stat-all-servers/tibco-statistica-all-servers-14-0-1_documentation.zip | https://docs.tibco.com/pub/stat-all-servers/tibco-statistica-all-servers-14-0-0_documentation.zip
spotfire-statistica-estore-edition,Spotfire Statistica® - Estore Edition,https://docs.tibco.com/products/spotfire-statistica-estore-edition,3,,1,https://docs.tibco.com/products/spotfire-statistica-estore-edition-14-1-0,2,https://docs.tibco.com/pub/stat-estore/tibco-statistica-estore-edition-14-0-1_documentation.zip | https://docs.tibco.com/pub/stat-estore/tibco-statistica-estore-edition-14-0-0_documentation.zip
spotfire-statistica-integration,Spotfire Statistica® Integration,https://docs.tibco.com/products/spotfire-statistica-integration,3,,3,https://docs.tibco.com/products/spotfire-statistica-integration-14-4-0 | https://docs.tibco.com/products/spotfire-statistica-for-spotfire-analyst-14-2-0 | https://docs.tibco.com/products/spotfire-statistica-for-spotfire-analyst-14-3-0,0,
spotfire-statistica-language-packs,Spotfire Statistica® Language Packs,https://docs.tibco.com/products/spotfire-statistica-language-packs,1,,0,,0,
spotfire-statistics-services-12-0-5,Spotfire Statistics Services 12.0.5,https://docs.tibco.com/products/spotfire-statistics-services-12-0-5,1,,0,,0,
spotfire,Spotfire®,https://docs.tibco.com/products/spotfire,1,,0,,1,https://docs.tibco.com/pub/spotfire/tibco-spotfire-1-0-0_documentation.zip
spotfire-application,Spotfire® Application,https://docs.tibco.com/products/spotfire-application,96,,33,https://docs.tibco.com/products/tibco-spotfire-analyst-12-0-3 | https://docs.tibco.com/products/tibco-spotfire-analyst-11-4-6 | https://docs.tibco.com/products/tibco-spotfire-analyst-12-5-0 | https://docs.tibco.com/products/tibco-spotfire-analyst-11-4-7 | https://docs.tibco.com/products/tibco-spotfire-analyst-12-0-4 | https://docs.tibco.com/products/spotfire-analyst | https://docs.tibco.com/products/spotfire-analyst-14-0-0 | https://docs.tibco.com/products/spotfire-analyst-12-0-5 | https://docs.tibco.com/products/spotfire-analyst-12-0-6 | https://docs.tibco.com/products/spotfire-analyst-12-0-7 | https://docs.tibco.com/products/spotfire-analyst-12-0-8 | https://docs.tibco.com/products/spotfire-analyst-14-0-1 | https://docs.tibco.com/products/spotfire-analyst-12-0-9 | https://docs.tibco.com/products/spotfire-analyst-14-0-2 | https://docs.tibco.com/products/spotfire-analyst-14-0-3 | https://docs.tibco.com/products/spotfire-analyst-12-0-10 | https://docs.tibco.com/products/spotfire-analyst-14-4-0 | https://docs.tibco.com/products/spotfire-application-14-5-0 | https://docs.tibco.com/products/spotfire-analyst-14-0-4 | https://docs.tibco.com/products/spotfire-analyst-12-0-11 | https://docs.tibco.com/products/spotfire-analyst-14-0-5 | https://docs.tibco.com/products/spotfire-analyst-14-4-1 | https://docs.tibco.com/products/spotfire-analyst-14-0-6 | https://docs.tibco.com/products/spotfire-analyst-14-4-2 | https://docs.tibco.com/products/spotfire-application-14-0-7 | https://docs.tibco.com/products/spotfire-application-14-6-0 | https://docs.tibco.com/products/spotfire-application-14-0-8 | https://docs.tibco.com/products/spotfire-application-14-7-0 | https://docs.tibco.com/products/spotfire-application-14-0-9 | https://docs.tibco.com/products/spotfire-application-14-6-1 | https://docs.tibco.com/products/spotfire-application-14-8-0 | https://docs.tibco.com/products/spotfire-application-14-6-2 | https://docs.tibco.com/products/spotfire-application-14-0-10,63,https://docs.tibco.com/pub/sfire-analyst/spotfire-analyst-14-3-0_documentation.zip | https://docs.tibco.com/pub/sfire-analyst/spotfire-analyst-14-2-0_documentation.zip | https://docs.tibco.com/pub/sfire-analyst/spotfire-analyst-14-1-0_documentation.zip | https://docs.tibco.com/pub/sfire-analyst/tibco-spotfire-analyst-12-4-0_documentation.zip | https://docs.tibco.com/pub/sfire-analyst/tibco-spotfire-analyst-12-3-0_documentation.zip | https://docs.tibco.com/pub/sfire-analyst/tibco-spotfire-analyst-12-2-0_documentation.zip | https://docs.tibco.com/pub/sfire-analyst/tibco-spotfire-analyst-12-1-1_documentation.zip | https://docs.tibco.com/pub/sfire-analyst/tibco-spotfire-analyst-12-1-0_documentation.zip | https://docs.tibco.com/pub/sfire-analyst/tibco-spotfire-analyst-12-0-2_documentation.zip | https://docs.tibco.com/pub/sfire-analyst/tibco-spotfire-analyst-12-0-1_documentation.zip | https://docs.tibco.com/pub/sfire-analyst/tibco-spotfire-analyst-12-0-0_documentation.zip | https://docs.tibco.com/pub/sfire-analyst/tibco-spotfire-analyst-11-8-0_documentation.zip | https://docs.tibco.com/pub/sfire-analyst/tibco-spotfire-analyst-11-7-0_documentation.zip | https://docs.tibco.com/pub/sfire-analyst/tibco-spotfire-analyst-11-6-0_documentation.zip | https://docs.tibco.com/pub/sfire-analyst/tibco-spotfire-analyst-11-5-0_documentation.zip | https://docs.tibco.com/pub/sfire-analyst/spotfire-analyst-11-4-10_documentation.zip | https://docs.tibco.com/pub/sfire-analyst/spotfire-analyst-11-4-9_documentation.zip | https://docs.tibco.com/pub/sfire-analyst/spotfire-analyst-11-4-8_documentation.zip | https://docs.tibco.com/pub/sfire-analyst/tibco-spotfire-analyst-11-4-5_documentation.zip | https://docs.tibco.com/pub/sfire-analyst/tibco-spotfire-analyst-11-4-4_documentation.zip | https://docs.tibco.com/pub/sfire-analyst/tibco-spotfire-analyst-11-4-3_documentation.zip | https://docs.tibco.com/pub/sfire-analyst/tibco-spotfire-analyst-11-4-2_documentation.zip | https://docs.tibco.com/pub/sfire-analyst/tibco-spotfire-analyst-11-4-1_documentation.zip | https://docs.tibco.com/pub/sfire-analyst/tibco-spotfire-analyst-11-4-0_documentation.zip | https://docs.tibco.com/pub/sfire-analyst/tibco-spotfire-analyst-11-3-0_documentation.zip | https://docs.tibco.com/pub/sfire-analyst/tibco-spotfire-analyst-11-2-0_documentation.zip | https://docs.tibco.com/pub/sfire-analyst/tibco-spotfire-analyst-11-1-0_documentation.zip | https://docs.tibco.com/pub/sfire-analyst/tibco-spotfire-analyst-11-0-0_documentation.zip | https://docs.tibco.com/pub/sfire-analyst/tibco-spotfire-analyst-10-10-6_documentation.zip | https://docs.tibco.com/pub/sfire-analyst/tibco-spotfire-analyst-10-10-5_documentation.zip | https://docs.tibco.com/pub/sfire-analyst/tibco-spotfire-analyst-10-10-4_documentation.zip | https://docs.tibco.com/pub/sfire-analyst/tibco-spotfire-analyst-10-10-3_documentation.zip | https://docs.tibco.com/pub/sfire-analyst/tibco-spotfire-analyst-10-10-2_documentation.zip | https://docs.tibco.com/pub/sfire-analyst/tibco-spotfire-analyst-10-10-1_documentation.zip | https://docs.tibco.com/pub/sfire-analyst/tibco-spotfire-analyst-10-10-0_documentation.zip | https://docs.tibco.com/pub/sfire-analyst/tibco-spotfire-analyst-10-9-0_documentation.zip | https://docs.tibco.com/pub/sfire-analyst/tibco-spotfire-analyst-10-8-0_documentation.zip | https://docs.tibco.com/pub/sfire-analyst/tibco-spotfire-analyst-10-7-0_documentation.zip | https://docs.tibco.com/pub/sfire-analyst/tibco-spotfire-analyst-10-6-1_documentation.zip | https://docs.tibco.com/pub/sfire-analyst/tibco-spotfire-analyst-10-6-0_documentation.zip | https://docs.tibco.com/pub/sfire-analyst/tibco-spotfire-analyst-10-5-0_documentation.zip | https://docs.tibco.com/pub/sfire-analyst/tibco-spotfire-analyst-10-4-0_documentation.zip | https://docs.tibco.com/pub/sfire-analyst/tibco-spotfire-analyst-10-3-4_documentation.zip | https://docs.tibco.com/pub/sfire-analyst/tibco-spotfire-analyst-10-3-3_documentation.zip | https://docs.tibco.com/pub/sfire-analyst/tibco-spotfire-analyst-10-3-2_documentation.zip | https://docs.tibco.com/pub/sfire-analyst/tibco-spotfire-analyst-10-3-1_documentation.zip | https://docs.tibco.com/pub/sfire-analyst/tibco-spotfire-analyst-10-3-0_documentation.zip | https://docs.tibco.com/pub/sfire-analyst/tibco-spotfire-analyst-10-2-0_documentation.zip | https://docs.tibco.com/pub/sfire-analyst/tibco-spotfire-analyst-10-1-0_documentation.zip | https://docs.tibco.com/pub/sfire-analyst/tibco-spotfire-analyst-10-0-0_documentation.zip | https://docs.tibco.com/pub/sfire-analyst/tibco-spotfire-analyst-7-14-0_documentation.zip | https://docs.tibco.com/pub/sfire-analyst/tibco-spotfire-analyst-7-13-0_documentation.zip | https://docs.tibco.com/pub/sfire-analyst/tibco-spotfire-analyst-7-12-0_documentation.zip | https://docs.tibco.com/pub/sfire-analyst/tibco-spotfire-analyst-7-11-2_documentation.zip | https://docs.tibco.com/pub/sfire-analyst/tibco-spotfire-analyst-7-11-1_documentation.zip | https://docs.tibco.com/pub/sfire-analyst/tibco-spotfire-analyst-7-11-0_documentation.zip | https://docs.tibco.com/pub/sfire-analyst/tibco-spotfire-analyst-7-10-2_documentation.zip | https://docs.tibco.com/pub/sfire-analyst/tibco-spotfire-analyst-7-10-1_documentation.zip | https://docs.tibco.com/pub/sfire-analyst/tibco-spotfire-analyst-7-10-0_documentation.zip | https://docs.tibco.com/pub/sfire-analyst/tibco-spotfire-analyst-7-9-2_documentation.zip | https://docs.tibco.com/pub/sfire-analyst/tibco-spotfire-analyst-7-9-1_documentation.zip | https://docs.tibco.com/pub/sfire-analyst/tibco-spotfire-analyst-7-9-0_documentation.zip | https://docs.tibco.com/pub/sfire-analyst/tibco-spotfire-analyst-7-8-1_documentation.zip
spotfire-data-science-author,Spotfire® Data Science - Author,https://docs.tibco.com/products/spotfire-data-science-author,9,,5,https://docs.tibco.com/products/tibco-data-science-author-1-4-0 | https://docs.tibco.com/products/tibco-data-science-author-1-5-0 | https://docs.tibco.com/products/spotfire-data-science-author-2-0-0 | https://docs.tibco.com/products/spotfire-data-science-author-2-1-0 | https://docs.tibco.com/products/spotfire-data-science-author-2-2-0,4,https://docs.tibco.com/pub/dsc-author/tibco-data-science-author-1-3-0_documentation.zip | https://docs.tibco.com/pub/dsc-author/tibco-data-science-author-1-2-0_documentation.zip | https://docs.tibco.com/pub/dsc-author/tibco-data-science-author-1-1-0_documentation.zip | https://docs.tibco.com/pub/dsc-author/tibco-data-science-author-1-0-0_documentation.zip
spotfire-data-science-operations,Spotfire® Data Science - Operations,https://docs.tibco.com/products/spotfire-data-science-operations,9,,5,https://docs.tibco.com/products/tibco-data-science-operations-1-4-0 | https://docs.tibco.com/products/tibco-data-science-operations-1-5-0 | https://docs.tibco.com/products/spotfire-data-science-operations-2-0-0 | https://docs.tibco.com/products/spotfire-data-science-operations-2-1-0 | https://docs.tibco.com/products/spotfire-data-science-operations-2-2-0,4,https://docs.tibco.com/pub/dsc-operations/tibco-data-science-operations-1-3-0_documentation.zip | https://docs.tibco.com/pub/dsc-operations/tibco-data-science-operations-1-2-0_documentation.zip | https://docs.tibco.com/pub/dsc-operations/tibco-data-science-operations-1-1-0_documentation.zip | https://docs.tibco.com/pub/dsc-operations/tibco-data-science-operations-1-0-0_documentation.zip
spotfire-data-science-workbench,Spotfire® Data Science - Workbench,https://docs.tibco.com/products/spotfire-data-science-workbench,8,,4,https://docs.tibco.com/products/tibco-data-science-workbench-14-1-0 | https://docs.tibco.com/products/spotfire-data-science-workbench-14-2-0 | https://docs.tibco.com/products/spotfire-data-science-workbench-14-3-0 | https://docs.tibco.com/products/spotfire-data-science-workbench-14-4-0,4,https://docs.tibco.com/pub/dsc-stat/tibco-data-science-workbench-14-0-1_documentation.zip | https://docs.tibco.com/pub/dsc-stat/tibco-data-science-workbench-14-0-0_documentation.zip | https://docs.tibco.com/pub/dsc-stat/tibco-data-science-workbench-13-6-0_documentation.zip | https://docs.tibco.com/pub/dsc-stat/tibco-data-science-statistica-13-5-0_documentation.zip
spotfire-data-science-for-life-science-author,Spotfire® Data Science for Life Science - Author,https://docs.tibco.com/products/spotfire-data-science-for-life-science-author,6,,5,https://docs.tibco.com/products/tibco-data-science-for-life-science-author-1-4-0 | https://docs.tibco.com/products/tibco-data-science-for-life-science-author-1-5-0 | https://docs.tibco.com/products/spotfire-data-science-for-life-science-author-2-0-0 | https://docs.tibco.com/products/spotfire-data-science-for-life-science-author-2-1-0 | https://docs.tibco.com/products/spotfire-data-science-for-life-science-author-2-2-0,1,https://docs.tibco.com/pub/dscls-author/tibco-data-science-for-life-science-author-1-3-0_documentation.zip
spotfire-data-science-for-life-science-operations,Spotfire® Data Science for Life Science - Operations,https://docs.tibco.com/products/spotfire-data-science-for-life-science-operations,6,,5,https://docs.tibco.com/products/tibco-data-science-for-life-science-operations-1-4-0 | https://docs.tibco.com/products/tibco-data-science-for-life-science-operations-1-5-0 | https://docs.tibco.com/products/spotfire-data-science-for-life-science-operations-2-0-0 | https://docs.tibco.com/products/spotfire-data-science-for-life-science-operations-2-1-0 | https://docs.tibco.com/products/spotfire-data-science-for-life-science-operations-2-2-0,1,https://docs.tibco.com/pub/dscls-operations/tibco-data-science-for-life-science-operations-1-3-0_documentation.zip
spotfire-data-streams,Spotfire® Data Streams,https://docs.tibco.com/products/spotfire-data-streams,18,,4,https://docs.tibco.com/products/spotfire-data-streams-11-1-0 | https://docs.tibco.com/products/spotfire-data-streams-10-6-5 | https://docs.tibco.com/products/spotfire-data-streams-10-6-6 | https://docs.tibco.com/products/spotfire-data-streams-11-1-1,14,https://docs.tibco.com/pub/sfire-sfds/tibco-data-streams-11-0-1_documentation.zip | https://docs.tibco.com/pub/sfire-sfds/tibco-data-streams-11-0-0_documentation.zip | https://docs.tibco.com/pub/sfire-sfds/tibco-data-streams-10-6-4_documentation.zip | https://docs.tibco.com/pub/sfire-sfds/tibco-data-streams-10-6-3_documentation.zip | https://docs.tibco.com/pub/sfire-sfds/tibco-spotfire-data-streams-10-6-2_documentation.zip | https://docs.tibco.com/pub/sfire-sfds/tibco-spotfire-data-streams-10-6-1_documentation.zip | https://docs.tibco.com/pub/sfire-sfds/tibco-spotfire-data-streams-10-6-0_documentation.zip | https://docs.tibco.com/pub/sfire-sfds/tibco-spotfire-data-streams-10-5-0_documentation.zip | https://docs.tibco.com/pub/sfire-sfds/tibco-spotfire-data-streams-10-4-5_documentation.zip | https://docs.tibco.com/pub/sfire-sfds/tibco-spotfire-data-streams-10-4-4_documentation.zip | https://docs.tibco.com/pub/sfire-sfds/tibco-spotfire-data-streams-10-4-3_documentation.zip | https://docs.tibco.com/pub/sfire-sfds/tibco-spotfire-data-streams-10-4-2_documentation.zip | https://docs.tibco.com/pub/sfire-sfds/tibco-spotfire-data-streams-10-4-1_documentation.zip | https://docs.tibco.com/pub/sfire-sfds/tibco-spotfire-data-streams-10-4-0_documentation.zip
spotfire-desktop,Spotfire® Desktop,https://docs.tibco.com/products/spotfire-desktop,65,,16,https://docs.tibco.com/products/tibco-spotfire-desktop-11-4-0 | https://docs.tibco.com/products/tibco-spotfire-desktop-11-4-1 | https://docs.tibco.com/products/tibco-spotfire-desktop-11-4-2 | https://docs.tibco.com/products/tibco-spotfire-desktop-10-10-6 | https://docs.tibco.com/products/tibco-spotfire-desktop-11-4-3 | https://docs.tibco.com/products/tibco-spotfire-desktop-12-0-0 | https://docs.tibco.com/products/tibco-spotfire-desktop-11-4-4 | https://docs.tibco.com/products/tibco-spotfire-desktop-12-0-1 | https://docs.tibco.com/products/tibco-spotfire-desktop-12-0-2 | https://docs.tibco.com/products/tibco-spotfire-desktop-11-4-5 | https://docs.tibco.com/products/tibco-spotfire-desktop-11-4-6 | https://docs.tibco.com/products/tibco-spotfire-desktop-12-0-3 | https://docs.tibco.com/products/tibco-spotfire-desktop-12-5-0 | https://docs.tibco.com/products/tibco-spotfire-desktop-11-4-7 | https://docs.tibco.com/products/tibco-spotfire-desktop-12-0-4 | https://docs.tibco.com/products/tibco-spotfire-desktop,48,https://docs.tibco.com/pub/spd/tibco-spotfire-desktop-12-4-0_documentation.zip | https://docs.tibco.com/pub/spd/tibco-spotfire-desktop-12-3-0_documentation.zip | https://docs.tibco.com/pub/spd/tibco-spotfire-desktop-12-2-0_documentation.zip | https://docs.tibco.com/pub/spd/tibco-spotfire-desktop-12-1-1_documentation.zip | https://docs.tibco.com/pub/spd/tibco-spotfire-desktop-12-1-0_documentation.zip | https://docs.tibco.com/pub/spd/tibco-spotfire-desktop-11-8-0_documentation.zip | https://docs.tibco.com/pub/spd/tibco-spotfire-desktop-11-7-0_documentation.zip | https://docs.tibco.com/pub/spd/tibco-spotfire-desktop-11-6-0_documentation.zip | https://docs.tibco.com/pub/spd/tibco-spotfire-desktop-11-5-0_documentation.zip | https://docs.tibco.com/pub/spd/tibco-spotfire-desktop-11-3-0_documentation.zip | https://docs.tibco.com/pub/spd/tibco-spotfire-desktop-11-2-0_documentation.zip | https://docs.tibco.com/pub/spd/tibco-spotfire-desktop-11-1-0_documentation.zip | https://docs.tibco.com/pub/spd/tibco-spotfire-desktop-11-0-0_documentation.zip | https://docs.tibco.com/pub/spd/tibco-spotfire-desktop-10-10-5_documentation.zip | https://docs.tibco.com/pub/spd/tibco-spotfire-desktop-10-10-4_documentation.zip | https://docs.tibco.com/pub/spd/tibco-spotfire-desktop-10-10-3_documentation.zip | https://docs.tibco.com/pub/spd/tibco-spotfire-desktop-10-10-2_documentation.zip | https://docs.tibco.com/pub/spd/tibco-spotfire-desktop-10-10-1_documentation.zip | https://docs.tibco.com/pub/spd/tibco-spotfire-desktop-10-10-0_documentation.zip | https://docs.tibco.com/pub/spd/tibco-spotfire-desktop-10-9-0_documentation.zip | https://docs.tibco.com/pub/spd/tibco-spotfire-desktop-10-8-0_documentation.zip | https://docs.tibco.com/pub/spd/tibco-spotfire-desktop-10-7-0_documentation.zip | https://docs.tibco.com/pub/spd/tibco-spotfire-desktop-10-6-1_documentation.zip | https://docs.tibco.com/pub/spd/tibco-spotfire-desktop-10-6-0_documentation.zip | https://docs.tibco.com/pub/spd/tibco-spotfire-desktop-10-5-0_documentation.zip | https://docs.tibco.com/pub/spd/tibco-spotfire-desktop-10-4-0_documentation.zip | https://docs.tibco.com/pub/spd/tibco-spotfire-desktop-10-3-4_documentation.zip | https://docs.tibco.com/pub/spd/tibco-spotfire-desktop-10-3-3_documentation.zip | https://docs.tibco.com/pub/spd/tibco-spotfire-desktop-10-3-2_documentation.zip | https://docs.tibco.com/pub/spd/tibco-spotfire-desktop-10-3-1_documentation.zip | https://docs.tibco.com/pub/spd/tibco-spotfire-desktop-10-3-0_documentation.zip | https://docs.tibco.com/pub/spd/tibco-spotfire-desktop-10-2-0_documentation.zip | https://docs.tibco.com/pub/spd/tibco-spotfire-desktop-10-1-0_documentation.zip | https://docs.tibco.com/pub/spd/tibco-spotfire-desktop-10-0-0_documentation.zip | https://docs.tibco.com/pub/spd/tibco-spotfire-desktop-7-14-0_documentation.zip | https://docs.tibco.com/pub/spd/tibco-spotfire-desktop-7-13-0_documentation.zip | https://docs.tibco.com/pub/spd/tibco-spotfire-desktop-7-12-0_documentation.zip | https://docs.tibco.com/pub/spd/tibco-spotfire-desktop-7-11-2_documentation.zip | https://docs.tibco.com/pub/spd/tibco-spotfire-desktop-7-11-1_documentation.zip | https://docs.tibco.com/pub/spd/tibco-spotfire-desktop-7-11-0_documentation.zip | https://docs.tibco.com/pub/spd/tibco-spotfire-desktop-7-10-2_documentation.zip | https://docs.tibco.com/pub/spd/tibco-spotfire-desktop-7-10-1_documentation.zip | https://docs.tibco.com/pub/spd/tibco-spotfire-desktop-7-10-0_documentation.zip | https://docs.tibco.com/pub/spd/tibco-spotfire-desktop-7-9-2_documentation.zip | https://docs.tibco.com/pub/spd/tibco-spotfire-desktop-7-9-1_documentation.zip | https://docs.tibco.com/pub/spd/tibco-spotfire-desktop-7-9-0_documentation.zip | https://docs.tibco.com/pub/spd/tibco-spotfire-desktop-7-8-1_documentation.zip | https://docs.tibco.com/pub/spd/tibco-spotfire-desktop-7-8-0_documentation.zip
spotfire-enterprise-runtime-for-r,Spotfire® Enterprise Runtime for R,https://docs.tibco.com/products/spotfire-enterprise-runtime-for-r,29,,11,https://docs.tibco.com/products/tibco-enterprise-runtime-for-r-6-0-2 | https://docs.tibco.com/products/tibco-enterprise-runtime-for-r-6-0-3 | https://docs.tibco.com/products/spotfire-enterprise-runtime-for-r-6-1-0 | https://docs.tibco.com/products/spotfire-enterprise-runtime-for-r-6-1-1 | https://docs.tibco.com/products/spotfire-enterprise-runtime-for-r-6-1-2 | https://docs.tibco.com/products/spotfire-enterprise-runtime-for-r-6-1-3 | https://docs.tibco.com/products/spotfire-enterprise-runtime-for-r-6-1-4 | https://docs.tibco.com/products/spotfire-enterprise-runtime-for-r-6-1-5 | https://docs.tibco.com/products/spotfire-enterprise-runtime-for-r-6-1-6 | https://docs.tibco.com/products/spotfire-enterprise-runtime-for-r-6-1-7 | https://docs.tibco.com/products/spotfire-enterprise-runtime-for-r-6-1-8,18,https://docs.tibco.com/pub/enterprise-runtime-for-R/tibco-enterprise-runtime-for-r-6-0-1_documentation.zip | https://docs.tibco.com/pub/enterprise-runtime-for-R/tibco-enterprise-runtime-for-r-6-0-0_documentation.zip | https://docs.tibco.com/pub/enterprise-runtime-for-R/tibco-enterprise-runtime-for-r-5-1-0_documentation.zip | https://docs.tibco.com/pub/enterprise-runtime-for-R/tibco-enterprise-runtime-for-r-5-0-0_documentation.zip | https://docs.tibco.com/pub/enterprise-runtime-for-R/tibco-enterprise-runtime-for-r-4-5-0_documentation.zip | https://docs.tibco.com/pub/enterprise-runtime-for-R/tibco-enterprise-runtime-for-r-4-4-1_documentation.zip | https://docs.tibco.com/pub/enterprise-runtime-for-R/tibco-enterprise-runtime-for-r-4-4-0_documentation.zip | https://docs.tibco.com/pub/enterprise-runtime-for-R/tibco-enterprise-runtime-for-r-4-3-1_documentation.zip | https://docs.tibco.com/pub/enterprise-runtime-for-R/tibco-enterprise-runtime-for-r-4-3-0_documentation.zip | https://docs.tibco.com/pub/enterprise-runtime-for-R/tibco-enterprise-runtime-for-r-4-2-0_documentation.zip | https://docs.tibco.com/pub/enterprise-runtime-for-R/tibco-enterprise-runtime-for-r-4-1-1_documentation.zip | https://docs.tibco.com/pub/enterprise-runtime-for-R/tibco-enterprise-runtime-for-r-4-1-0_documentation.zip | https://docs.tibco.com/pub/enterprise-runtime-for-R/tibco-enterprise-runtime-for-r-4-0-2_documentation.zip | https://docs.tibco.com/pub/enterprise-runtime-for-R/tibco-enterprise-runtime-for-r-4-0-1_documentation.zip | https://docs.tibco.com/pub/enterprise-runtime-for-R/tibco-enterprise-runtime-for-r-4-0-0_documentation.zip | https://docs.tibco.com/pub/enterprise-runtime-for-R/tibco-enterprise-runtime-for-r-3-2-0_documentation.zip | https://docs.tibco.com/pub/enterprise-runtime-for-R/tibco-enterprise-runtime-for-r-3-1-1_documentation.zip | https://docs.tibco.com/pub/enterprise-runtime-for-R/tibco-enterprise-runtime-for-r-3-1-0_documentation.zip
spotfire-for-android,Spotfire® for Android,https://docs.tibco.com/products/spotfire-for-android,15,,2,https://docs.tibco.com/products/spotfire-for-android-1-4-6 | https://docs.tibco.com/products/spotfire-for-android-1-4-7,13,https://docs.tibco.com/pub/sfire-android/tibco-spotfire-for-android-1-4-5_documentation.zip | https://docs.tibco.com/pub/sfire-android/tibco-spotfire-for-android-1-4-4_documentation.zip | https://docs.tibco.com/pub/sfire-android/tibco-spotfire-for-android-1-4-3_documentation.zip | https://docs.tibco.com/pub/sfire-android/tibco-spotfire-for-android-1-4-2_documentation.zip | https://docs.tibco.com/pub/sfire-android/tibco-spotfire-for-android-1-4-1_documentation.zip | https://docs.tibco.com/pub/sfire-android/tibco-spotfire-for-android-1-4-0_documentation.zip | https://docs.tibco.com/pub/sfire-android/tibco-spotfire-for-android-1-3-0_documentation.zip | https://docs.tibco.com/pub/sfire-android/tibco-spotfire-for-android-1-2-2_documentation.zip | https://docs.tibco.com/pub/sfire-android/tibco-spotfire-for-android-1-2-1_documentation.zip | https://docs.tibco.com/pub/sfire-android/tibco-spotfire-for-android-1-2-0_documentation.zip | https://docs.tibco.com/pub/sfire-android/tibco-spotfire-for-android-1-1-0_documentation.zip | https://docs.tibco.com/pub/sfire-android/tibco-spotfire-for-android-1-0-1_documentation.zip | https://docs.tibco.com/pub/sfire-android/tibco-spotfire-for-android-1-0-0_documentation.zip
spotfire-for-apple-ios,Spotfire® for Apple iOS,https://docs.tibco.com/products/spotfire-for-apple-ios,13,,13,https://docs.tibco.com/products/spotfire-for-apple-ios-2-14-0 | https://docs.tibco.com/products/tibco-spotfire-for-apple-ios-2-8-0 | https://docs.tibco.com/products/tibco-spotfire-for-apple-ios-2-9-0 | https://docs.tibco.com/products/tibco-spotfire-for-apple-ios-2-9-1 | https://docs.tibco.com/products/tibco-spotfire-for-apple-ios-2-9-2 | https://docs.tibco.com/products/tibco-spotfire-for-apple-ios-2-9-3 | https://docs.tibco.com/products/tibco-spotfire-for-apple-ios-2-10-0 | https://docs.tibco.com/products/tibco-spotfire-for-apple-ios-2-10-1 | https://docs.tibco.com/products/tibco-spotfire-for-apple-ios-2-11-0 | https://docs.tibco.com/products/tibco-spotfire-for-apple-ios-2-11-1 | https://docs.tibco.com/products/tibco-spotfire-for-apple-ios-2-11-2 | https://docs.tibco.com/products/tibco-spotfire-for-apple-ios-2-12-0 | https://docs.tibco.com/products/tibco-spotfire-for-apple-ios-2-13-0,0,
spotfire-platform,Spotfire® Platform,https://docs.tibco.com/products/spotfire-platform,1,,0,,0,
spotfire-server,Spotfire® Server,https://docs.tibco.com/products/spotfire-server,136,,35,https://docs.tibco.com/products/tibco-spotfire-server-11-4-10 | https://docs.tibco.com/products/tibco-spotfire-server-12-0-4 | https://docs.tibco.com/products/tibco-spotfire-server-12-5-0 | https://docs.tibco.com/products/tibco-spotfire-server-12-0-5 | https://docs.tibco.com/products/tibco-spotfire-server-11-4-11 | https://docs.tibco.com/products/tibco-spotfire-server | https://docs.tibco.com/products/spotfire-server-14-0-0 | https://docs.tibco.com/products/spotfire-server-12-0-6 | https://docs.tibco.com/products/spotfire-server-12-0-7 | https://docs.tibco.com/products/spotfire-server-12-0-8 | https://docs.tibco.com/products/spotfire-server-12-0-9 | https://docs.tibco.com/products/spotfire-server-14-0-1 | https://docs.tibco.com/products/spotfire-server-12-0-10 | https://docs.tibco.com/products/spotfire-server-14-0-2 | https://docs.tibco.com/products/spotfire-server-14-0-3 | https://docs.tibco.com/products/spotfire-server-12-0-11 | https://docs.tibco.com/products/spotfire-server-14-4-0 | https://docs.tibco.com/products/spotfire-server-14-0-4 | https://docs.tibco.com/products/spotfire-server-14-5-0 | https://docs.tibco.com/products/spotfire-server-14-0-5 | https://docs.tibco.com/products/spotfire-server-12-0-12 | https://docs.tibco.com/products/spotfire-server-14-0-6 | https://docs.tibco.com/products/spotfire-server-14-4-1 | https://docs.tibco.com/products/spotfire-server-14-0-7 | https://docs.tibco.com/products/spotfire-server-14-4-2 | https://docs.tibco.com/products/spotfire-server-14-0-8 | https://docs.tibco.com/products/spotfire-server-14-6-0 | https://docs.tibco.com/products/spotfire-server-14-0-9 | https://docs.tibco.com/products/spotfire-server-14-7-0 | https://docs.tibco.com/products/spotfire-server-14-0-10 | https://docs.tibco.com/products/spotfire-server-14-6-1 | https://docs.tibco.com/products/spotfire-server-14-8-0 | https://docs.tibco.com/products/spotfire-server-14-6-2 | https://docs.tibco.com/products/spotfire-server-14-0-11 | https://docs.tibco.com/products/spotfire-server-14-0-12,101,https://docs.tibco.com/pub/spotfire_server/spotfire-server-14-3-0_documentation.zip | https://docs.tibco.com/pub/spotfire_server/spotfire-server-14-2-0_documentation.zip | https://docs.tibco.com/pub/spotfire_server/spotfire-server-14-1-0_documentation.zip | https://docs.tibco.com/pub/spotfire_server/tibco-spotfire-server-12-4-0_documentation.zip | https://docs.tibco.com/pub/spotfire_server/tibco-spotfire-server-12-3-0_documentation.zip | https://docs.tibco.com/pub/spotfire_server/tibco-spotfire-server-12-2-0_documentation.zip | https://docs.tibco.com/pub/spotfire_server/tibco-spotfire-server-12-1-1_documentation.zip | https://docs.tibco.com/pub/spotfire_server/tibco-spotfire-server-12-1-0_documentation.zip | https://docs.tibco.com/pub/spotfire_server/tibco-spotfire-server-12-0-3_documentation.zip | https://docs.tibco.com/pub/spotfire_server/tibco-spotfire-server-12-0-2_documentation.zip | https://docs.tibco.com/pub/spotfire_server/tibco-spotfire-server-12-0-1_documentation.zip | https://docs.tibco.com/pub/spotfire_server/tibco-spotfire-server-12-0-0_documentation.zip | https://docs.tibco.com/pub/spotfire_server/tibco-spotfire-server-11-8-1_documentation.zip | https://docs.tibco.com/pub/spotfire_server/tibco-spotfire-server-11-8-0_documentation.zip | https://docs.tibco.com/pub/spotfire_server/tibco-spotfire-server-11-7-0_documentation.zip | https://docs.tibco.com/pub/spotfire_server/tibco-spotfire-server-11-6-3_documentation.zip | https://docs.tibco.com/pub/spotfire_server/tibco-spotfire-server-11-6-2_documentation.zip | https://docs.tibco.com/pub/spotfire_server/tibco-spotfire-server-11-6-1_documentation.zip | https://docs.tibco.com/pub/spotfire_server/tibco-spotfire-server-11-6-0_documentation.zip | https://docs.tibco.com/pub/spotfire_server/tibco-spotfire-server-11-5-0_documentation.zip | https://docs.tibco.com/pub/spotfire_server/spotfire-server-11-4-14_documentation.zip | https://docs.tibco.com/pub/spotfire_server/spotfire-server-11-4-13_documentation.zip | https://docs.tibco.com/pub/spotfire_server/spotfire-server-11-4-12_documentation.zip | https://docs.tibco.com/pub/spotfire_server/tibco-spotfire-server-11-4-9_documentation.zip | https://docs.tibco.com/pub/spotfire_server/tibco-spotfire-server-11-4-8_documentation.zip | https://docs.tibco.com/pub/spotfire_server/tibco-spotfire-server-11-4-7_documentation.zip | https://docs.tibco.com/pub/spotfire_server/tibco-spotfire-server-11-4-6_documentation.zip | https://docs.tibco.com/pub/spotfire_server/tibco-spotfire-server-11-4-5_documentation.zip | https://docs.tibco.com/pub/spotfire_server/tibco-spotfire-server-11-4-4_documentation.zip | https://docs.tibco.com/pub/spotfire_server/tibco-spotfire-server-11-4-3_documentation.zip | https://docs.tibco.com/pub/spotfire_server/tibco-spotfire-server-11-4-2_documentation.zip | https://docs.tibco.com/pub/spotfire_server/tibco-spotfire-server-11-4-1_documentation.zip | https://docs.tibco.com/pub/spotfire_server/tibco-spotfire-server-11-4-0_documentation.zip | https://docs.tibco.com/pub/spotfire_server/tibco-spotfire-server-11-3-0_documentation.zip | https://docs.tibco.com/pub/spotfire_server/tibco-spotfire-server-11-2-0_documentation.zip | https://docs.tibco.com/pub/spotfire_server/tibco-spotfire-server-11-1-0_documentation.zip | https://docs.tibco.com/pub/spotfire_server/tibco-spotfire-server-11-0-0_documentation.zip | https://docs.tibco.com/pub/spotfire_server/tibco-spotfire-server-10-10-13_documentation.zip | https://docs.tibco.com/pub/spotfire_server/tibco-spotfire-server-10-10-12_documentation.zip | https://docs.tibco.com/pub/spotfire_server/tibco-spotfire-server-10-10-11_documentation.zip | https://docs.tibco.com/pub/spotfire_server/tibco-spotfire-server-10-10-10_documentation.zip | https://docs.tibco.com/pub/spotfire_server/tibco-spotfire-server-10-10-9_documentation.zip | https://docs.tibco.com/pub/spotfire_server/tibco-spotfire-server-10-10-8_documentation.zip | https://docs.tibco.com/pub/spotfire_server/tibco-spotfire-server-10-10-7_documentation.zip | https://docs.tibco.com/pub/spotfire_server/tibco-spotfire-server-10-10-6_documentation.zip | https://docs.tibco.com/pub/spotfire_server/tibco-spotfire-server-10-10-5_documentation.zip | https://docs.tibco.com/pub/spotfire_server/tibco-spotfire-server-10-10-4_documentation.zip | https://docs.tibco.com/pub/spotfire_server/tibco-spotfire-server-10-10-3_documentation.zip | https://docs.tibco.com/pub/spotfire_server/tibco-spotfire-server-10-10-2_documentation.zip | https://docs.tibco.com/pub/spotfire_server/tibco-spotfire-server-10-10-1_documentation.zip | https://docs.tibco.com/pub/spotfire_server/tibco-spotfire-server-10-10-0_documentation.zip | https://docs.tibco.com/pub/spotfire_server/tibco-spotfire-server-10-9-0_documentation.zip | https://docs.tibco.com/pub/spotfire_server/tibco-spotfire-server-10-8-1_documentation.zip | https://docs.tibco.com/pub/spotfire_server/tibco-spotfire-server-10-8-0_documentation.zip | https://docs.tibco.com/pub/spotfire_server/tibco-spotfire-server-10-7-0_documentation.zip | https://docs.tibco.com/pub/spotfire_server/tibco-spotfire-server-10-6-1_documentation.zip | https://docs.tibco.com/pub/spotfire_server/tibco-spotfire-server-10-6-0_documentation.zip | https://docs.tibco.com/pub/spotfire_server/tibco-spotfire-server-10-5-0_documentation.zip | https://docs.tibco.com/pub/spotfire_server/tibco-spotfire-server-10-4-0_documentation.zip | https://docs.tibco.com/pub/spotfire_server/tibco-spotfire-server-10-3-13_documentation.zip | https://docs.tibco.com/pub/spotfire_server/tibco-spotfire-server-10-3-12_documentation.zip | https://docs.tibco.com/pub/spotfire_server/tibco-spotfire-server-10-3-11_documentation.zip | https://docs.tibco.com/pub/spotfire_server/tibco-spotfire-server-10-3-10_documentation.zip | https://docs.tibco.com/pub/spotfire_server/tibco-spotfire-server-10-3-9_documentation.zip | https://docs.tibco.com/pub/spotfire_server/tibco-spotfire-server-10-3-8_documentation.zip | https://docs.tibco.com/pub/spotfire_server/tibco-spotfire-server-10-3-7_documentation.zip | https://docs.tibco.com/pub/spotfire_server/tibco-spotfire-server-10-3-6_documentation.zip | https://docs.tibco.com/pub/spotfire_server/tibco-spotfire-server-10-3-5_documentation.zip | https://docs.tibco.com/pub/spotfire_server/tibco-spotfire-server-10-3-4_documentation.zip | https://docs.tibco.com/pub/spotfire_server/tibco-spotfire-server-10-3-3_documentation.zip | https://docs.tibco.com/pub/spotfire_server/tibco-spotfire-server-10-3-2_documentation.zip | https://docs.tibco.com/pub/spotfire_server/tibco-spotfire-server-10-3-1_documentation.zip | https://docs.tibco.com/pub/spotfire_server/tibco-spotfire-server-10-3-0_documentation.zip | https://docs.tibco.com/pub/spotfire_server/tibco-spotfire-server-10-2-1_documentation.zip | https://docs.tibco.com/pub/spotfire_server/tibco-spotfire-server-10-2-0_documentation.zip | https://docs.tibco.com/pub/spotfire_server/tibco-spotfire-server-10-1-0_documentation.zip | https://docs.tibco.com/pub/spotfire_server/tibco-spotfire-server-10-0-1_documentation.zip | https://docs.tibco.com/pub/spotfire_server/tibco-spotfire-server-10-0-0_documentation.zip | https://docs.tibco.com/pub/spotfire_server/tibco-spotfire-server-7-14-0_documentation.zip | https://docs.tibco.com/pub/spotfire_server/tibco-spotfire-server-7-13-0_documentation.zip | https://docs.tibco.com/pub/spotfire_server/tibco-spotfire-server-7-12-0_documentation.zip | https://docs.tibco.com/pub/spotfire_server/tibco-spotfire-server-7-11-11_documentation.zip | https://docs.tibco.com/pub/spotfire_server/tibco-spotfire-server-7-11-10_documentation.zip | https://docs.tibco.com/pub/spotfire_server/tibco-spotfire-server-7-11-9_documentation.zip | https://docs.tibco.com/pub/spotfire_server/tibco-spotfire-server-7-11-8_documentation.zip | https://docs.tibco.com/pub/spotfire_server/tibco-spotfire-server-7-11-7_documentation.zip | https://docs.tibco.com/pub/spotfire_server/tibco-spotfire-server-7-11-6_documentation.zip | https://docs.tibco.com/pub/spotfire_server/tibco-spotfire-server-7-11-5_documentation.zip | https://docs.tibco.com/pub/spotfire_server/tibco-spotfire-server-7-11-4_documentation.zip | https://docs.tibco.com/pub/spotfire_server/tibco-spotfire-server-7-11-3_documentation.zip | https://docs.tibco.com/pub/spotfire_server/tibco-spotfire-server-7-11-2_documentation.zip | https://docs.tibco.com/pub/spotfire_server/tibco-spotfire-server-7-11-1_documentation.zip | https://docs.tibco.com/pub/spotfire_server/tibco-spotfire-server-7-11-0_documentation.zip | https://docs.tibco.com/pub/spotfire_server/tibco-spotfire-server-7-10-2_documentation.zip | https://docs.tibco.com/pub/spotfire_server/tibco-spotfire-server-7-10-1_documentation.zip | https://docs.tibco.com/pub/spotfire_server/tibco-spotfire-server-7-10-0_documentation.zip | https://docs.tibco.com/pub/spotfire_server/tibco-spotfire-server-7-9-1_documentation.zip | https://docs.tibco.com/pub/spotfire_server/tibco-spotfire-server-7-9-0_documentation.zip | https://docs.tibco.com/pub/spotfire_server/tibco-spotfire-server-7-8-2_documentation.zip | https://docs.tibco.com/pub/spotfire_server/tibco-spotfire-server-7-8-1_documentation.zip | https://docs.tibco.com/pub/spotfire_server/tibco-spotfire-server-7-8-0_documentation.zip
spotfire-service-for-python,Spotfire® Service for Python,https://docs.tibco.com/products/spotfire-service-for-python,68,,32,https://docs.tibco.com/products/tibco-spotfire-service-for-python-1-3-9 | https://docs.tibco.com/products/tibco-spotfire-service-for-python-1-15-0 | https://docs.tibco.com/products/tibco-spotfire-service-for-python-1-12-3 | https://docs.tibco.com/products/tibco-spotfire-service-for-python-1-16-0 | https://docs.tibco.com/products/tibco-spotfire-service-for-python-1-12-4 | https://docs.tibco.com/products/tibco-spotfire-service-for-python-1-3-10 | https://docs.tibco.com/products/spotfire-service-for-python-1-17-0 | https://docs.tibco.com/products/spotfire-service-for-python-1-12-5 | https://docs.tibco.com/products/spotfire-service-for-python-1-17-1 | https://docs.tibco.com/products/spotfire-service-for-python-1-17-2 | https://docs.tibco.com/products/spotfire-service-for-python-1-12-6 | https://docs.tibco.com/products/spotfire-service-for-python-1-12-7 | https://docs.tibco.com/products/spotfire-service-for-python-1-17-3 | https://docs.tibco.com/products/spotfire-service-for-python-1-12-8 | https://docs.tibco.com/products/spotfire-service-for-python-1-21-0 | https://docs.tibco.com/products/spotfire-service-for-python-1-17-4 | https://docs.tibco.com/products/spotfire-service-for-python-1-22-0 | https://docs.tibco.com/products/spotfire-service-for-python-1-17-5 | https://docs.tibco.com/products/spotfire-service-for-python-1-12-9 | https://docs.tibco.com/products/spotfire-service-for-python-1-17-6 | https://docs.tibco.com/products/spotfire-service-for-python-1-21-1 | https://docs.tibco.com/products/spotfire-service-for-python-1-17-7 | https://docs.tibco.com/products/spotfire-service-for-python-1-21-2 | https://docs.tibco.com/products/spotfire-service-for-python-1-17-8 | https://docs.tibco.com/products/spotfire-service-for-python-1-23-0 | https://docs.tibco.com/products/spotfire-service-for-python-1-17-9 | https://docs.tibco.com/products/spotfire-service-for-python-1-24-0 | https://docs.tibco.com/products/spotfire-service-for-python-1-17-10 | https://docs.tibco.com/products/spotfire-service-for-python-1-23-1 | https://docs.tibco.com/products/spotfire-service-for-python-1-25-0 | https://docs.tibco.com/products/spotfire-service-for-python-1-17-11 | https://docs.tibco.com/products/spotfire-service-for-python-1-23-2,35,https://docs.tibco.com/pub/sf-pysrv/spotfire-service-for-python-1-20-0_documentation.zip | https://docs.tibco.com/pub/sf-pysrv/spotfire-service-for-python-1-19-0_documentation.zip | https://docs.tibco.com/pub/sf-pysrv/spotfire-service-for-python-1-18-0_documentation.zip | https://docs.tibco.com/pub/sf-pysrv/tibco-spotfire-service-for-python-1-14-0_documentation.zip | https://docs.tibco.com/pub/sf-pysrv/tibco-spotfire-service-for-python-1-13-0_documentation.zip | https://docs.tibco.com/pub/sf-pysrv/tibco-spotfire-service-for-python-1-12-2_documentation.zip | https://docs.tibco.com/pub/sf-pysrv/tibco-spotfire-service-for-python-1-12-1_documentation.zip | https://docs.tibco.com/pub/sf-pysrv/tibco-spotfire-service-for-python-1-12-0_documentation.zip | https://docs.tibco.com/pub/sf-pysrv/tibco-spotfire-service-for-python-1-11-1_documentation.zip | https://docs.tibco.com/pub/sf-pysrv/tibco-spotfire-service-for-python-1-11-0_documentation.zip | https://docs.tibco.com/pub/sf-pysrv/tibco-spotfire-service-for-python-1-10-0_documentation.zip | https://docs.tibco.com/pub/sf-pysrv/tibco-spotfire-service-for-python-1-5-2_documentation.zip | https://docs.tibco.com/pub/sf-pysrv/tibco-spotfire-service-for-python-1-5-1_documentation.zip | https://docs.tibco.com/pub/sf-pysrv/tibco-spotfire-service-for-python-1-5-0_documentation.zip | https://docs.tibco.com/pub/sf-pysrv/tibco-spotfire-service-for-python-1-4-0_documentation.zip | https://docs.tibco.com/pub/sf-pysrv/spotfire-service-for-python-1-3-11_documentation.zip | https://docs.tibco.com/pub/sf-pysrv/tibco-spotfire-service-for-python-1-3-8_documentation.zip | https://docs.tibco.com/pub/sf-pysrv/tibco-spotfire-service-for-python-1-3-7_documentation.zip | https://docs.tibco.com/pub/sf-pysrv/tibco-spotfire-service-for-python-1-3-6_documentation.zip | https://docs.tibco.com/pub/sf-pysrv/tibco-spotfire-service-for-python-1-3-5_documentation.zip | https://docs.tibco.com/pub/sf-pysrv/tibco-spotfire-service-for-python-1-3-4_documentation.zip | https://docs.tibco.com/pub/sf-pysrv/tibco-spotfire-service-for-python-1-3-3_documentation.zip | https://docs.tibco.com/pub/sf-pysrv/tibco-spotfire-service-for-python-1-3-2_documentation.zip | https://docs.tibco.com/pub/sf-pysrv/tibco-spotfire-service-for-python-1-3-1_documentation.zip | https://docs.tibco.com/pub/sf-pysrv/tibco-spotfire-service-for-python-1-3-0_documentation.zip | https://docs.tibco.com/pub/sf-pysrv/tibco-spotfire-service-for-python-1-2-0_documentation.zip | https://docs.tibco.com/pub/sf-pysrv/tibco-spotfire-service-for-python-1-0-8_documentation.zip | https://docs.tibco.com/pub/sf-pysrv/tibco-spotfire-service-for-python-1-0-7_documentation.zip | https://docs.tibco.com/pub/sf-pysrv/tibco-spotfire-service-for-python-1-0-6_documentation.zip | https://docs.tibco.com/pub/sf-pysrv/tibco-spotfire-service-for-python-1-0-5_documentation.zip | https://docs.tibco.com/pub/sf-pysrv/tibco-spotfire-service-for-python-1-0-4_documentation.zip | https://docs.tibco.com/pub/sf-pysrv/tibco-spotfire-service-for-python-1-0-3_documentation.zip | https://docs.tibco.com/pub/sf-pysrv/tibco-spotfire-service-for-python-1-0-2_documentation.zip | https://docs.tibco.com/pub/sf-pysrv/tibco-spotfire-service-for-python-1-0-1_documentation.zip | https://docs.tibco.com/pub/sf-pysrv/tibco-spotfire-service-for-python-1-0-0_documentation.zip
spotfire-service-for-r,Spotfire® Service for R,https://docs.tibco.com/products/spotfire-service-for-r,25,,22,https://docs.tibco.com/products/tibco-spotfire-service-for-r-1-16-0 | https://docs.tibco.com/products/spotfire-service-for-r-1-17-0 | https://docs.tibco.com/products/spotfire-service-for-r-1-17-1 | https://docs.tibco.com/products/spotfire-service-for-r-1-17-2 | https://docs.tibco.com/products/spotfire-service-for-r-1-17-3 | https://docs.tibco.com/products/spotfire-service-for-r-1-21-0 | https://docs.tibco.com/products/spotfire-service-for-r-1-17-4 | https://docs.tibco.com/products/spotfire-service-for-r-1-22-0 | https://docs.tibco.com/products/spotfire-service-for-r-1-17-5 | https://docs.tibco.com/products/spotfire-service-for-r-1-17-6 | https://docs.tibco.com/products/spotfire-service-for-r-1-21-1 | https://docs.tibco.com/products/spotfire-service-for-r-1-17-7 | https://docs.tibco.com/products/spotfire-service-for-r-1-21-2 | https://docs.tibco.com/products/spotfire-service-for-r-1-17-8 | https://docs.tibco.com/products/spotfire-service-for-r-1-23-0 | https://docs.tibco.com/products/spotfire-service-for-r-1-17-9 | https://docs.tibco.com/products/spotfire-service-for-r-1-24-0 | https://docs.tibco.com/products/spotfire-service-for-r-1-17-10 | https://docs.tibco.com/products/spotfire-service-for-r-1-23-1 | https://docs.tibco.com/products/spotfire-service-for-r-1-25-0 | https://docs.tibco.com/products/spotfire-service-for-r-1-17-11 | https://docs.tibco.com/products/spotfire-service-for-r-1-23-2,3,https://docs.tibco.com/pub/sf-rsrv/spotfire-service-for-r-1-20-0_documentation.zip | https://docs.tibco.com/pub/sf-rsrv/spotfire-service-for-r-1-19-0_documentation.zip | https://docs.tibco.com/pub/sf-rsrv/spotfire-service-for-r-1-18-0_documentation.zip
spotfire-service-for-statistica,Spotfire® Service for Statistica®,https://docs.tibco.com/products/spotfire-service-for-statistica,3,,3,https://docs.tibco.com/products/spotfire-service-for-statistica-14-4-0 | https://docs.tibco.com/products/spotfire-service-for-statistica-14-2-0 | https://docs.tibco.com/products/spotfire-service-for-statistica-14-3-0,0,
spotfire-statistics-services,Spotfire® Statistics Services,https://docs.tibco.com/products/spotfire-statistics-services,60,,12,https://docs.tibco.com/products/tibco-spotfire-statistics-services-11-4-11 | https://docs.tibco.com/products/tibco-spotfire-statistics-services-12-0-3 | https://docs.tibco.com/products/tibco-spotfire-statistics-services-12-3-0 | https://docs.tibco.com/products/tibco-spotfire-statistics-services-12-3-1 | https://docs.tibco.com/products/tibco-spotfire-statistics-services-12-0-4 | https://docs.tibco.com/products/tibco-spotfire-statistics-services-11-4-12 | https://docs.tibco.com/products/tibco-spotfire-statistics-services-12-0-5 | https://docs.tibco.com/products/tibco-spotfire-statistics-services-11-4-13 | https://docs.tibco.com/products/tibco-spotfire-statistics-services-12-0-6 | https://docs.tibco.com/products/spotfire-statistics-services-14-0-0 | https://docs.tibco.com/products/tibco-spotfire-statistics-services | https://docs.tibco.com/products/spotfire-statistics-services-12-0-9,48,https://docs.tibco.com/pub/sf_statsvcs/tibco-spotfire-statistics-services-12-2-0_documentation.zip | https://docs.tibco.com/pub/sf_statsvcs/tibco-spotfire-statistics-services-12-1-0_documentation.zip | https://docs.tibco.com/pub/sf_statsvcs/spotfire-statistics-services-12-0-8_documentation.zip | https://docs.tibco.com/pub/sf_statsvcs/spotfire-statistics-services-12-0-7_documentation.zip | https://docs.tibco.com/pub/sf_statsvcs/tibco-spotfire-statistics-services-12-0-2_documentation.zip | https://docs.tibco.com/pub/sf_statsvcs/tibco-spotfire-statistics-services-12-0-1_documentation.zip | https://docs.tibco.com/pub/sf_statsvcs/tibco-spotfire-statistics-services-12-0-0_documentation.zip | https://docs.tibco.com/pub/sf_statsvcs/tibco-spotfire-statistics-services-11-8-1_documentation.zip | https://docs.tibco.com/pub/sf_statsvcs/tibco-spotfire-statistics-services-11-8-0_documentation.zip | https://docs.tibco.com/pub/sf_statsvcs/tibco-spotfire-statistics-services-11-7-0_documentation.zip | https://docs.tibco.com/pub/sf_statsvcs/tibco-spotfire-statistics-services-11-6-2_documentation.zip | https://docs.tibco.com/pub/sf_statsvcs/tibco-spotfire-statistics-services-11-6-1_documentation.zip | https://docs.tibco.com/pub/sf_statsvcs/tibco-spotfire-statistics-services-11-6-0_documentation.zip | https://docs.tibco.com/pub/sf_statsvcs/tibco-spotfire-statistics-services-11-5-0_documentation.zip | https://docs.tibco.com/pub/sf_statsvcs/tibco-spotfire-statistics-services-11-4-10_documentation.zip | https://docs.tibco.com/pub/sf_statsvcs/tibco-spotfire-statistics-services-11-4-9_documentation.zip | https://docs.tibco.com/pub/sf_statsvcs/tibco-spotfire-statistics-services-11-4-8_documentation.zip | https://docs.tibco.com/pub/sf_statsvcs/tibco-spotfire-statistics-services-11-4-7_documentation.zip | https://docs.tibco.com/pub/sf_statsvcs/tibco-spotfire-statistics-services-11-4-6_documentation.zip | https://docs.tibco.com/pub/sf_statsvcs/tibco-spotfire-statistics-services-11-4-5_documentation.zip | https://docs.tibco.com/pub/sf_statsvcs/tibco-spotfire-statistics-services-11-4-4_documentation.zip | https://docs.tibco.com/pub/sf_statsvcs/tibco-spotfire-statistics-services-11-4-3_documentation.zip | https://docs.tibco.com/pub/sf_statsvcs/tibco-spotfire-statistics-services-11-4-2_documentation.zip | https://docs.tibco.com/pub/sf_statsvcs/tibco-spotfire-statistics-services-11-4-1_documentation.zip | https://docs.tibco.com/pub/sf_statsvcs/tibco-spotfire-statistics-services-11-4-0_documentation.zip | https://docs.tibco.com/pub/sf_statsvcs/tibco-spotfire-statistics-services-11-3-0_documentation.zip | https://docs.tibco.com/pub/sf_statsvcs/tibco-spotfire-statistics-services-11-2-0_documentation.zip | https://docs.tibco.com/pub/sf_statsvcs/tibco-spotfire-statistics-services-11-1-0_documentation.zip | https://docs.tibco.com/pub/sf_statsvcs/tibco-spotfire-statistics-services-10-10-10_documentation.zip | https://docs.tibco.com/pub/sf_statsvcs/tibco-spotfire-statistics-services-10-10-9_documentation.zip | https://docs.tibco.com/pub/sf_statsvcs/tibco-spotfire-statistics-services-10-10-8_documentation.zip | https://docs.tibco.com/pub/sf_statsvcs/tibco-spotfire-statistics-services-10-10-7_documentation.zip | https://docs.tibco.com/pub/sf_statsvcs/tibco-spotfire-statistics-services-10-10-6_documentation.zip | https://docs.tibco.com/pub/sf_statsvcs/tibco-spotfire-statistics-services-10-10-5_documentation.zip | https://docs.tibco.com/pub/sf_statsvcs/tibco-spotfire-statistics-services-10-10-4_documentation.zip | https://docs.tibco.com/pub/sf_statsvcs/tibco-spotfire-statistics-services-10-10-3_documentation.zip | https://docs.tibco.com/pub/sf_statsvcs/tibco-spotfire-statistics-services-10-10-2_documentation.zip | https://docs.tibco.com/pub/sf_statsvcs/tibco-spotfire-statistics-services-10-10-1_documentation.zip | https://docs.tibco.com/pub/sf_statsvcs/tibco-spotfire-statistics-services-10-10-0_documentation.zip | https://docs.tibco.com/pub/sf_statsvcs/tibco-spotfire-statistics-services-10-3-1_documentation.zip | https://docs.tibco.com/pub/sf_statsvcs/tibco-spotfire-statistics-services-10-3-0_documentation.zip | https://docs.tibco.com/pub/sf_statsvcs/tibco-spotfire-statistics-services-10-0-1_documentation.zip | https://docs.tibco.com/pub/sf_statsvcs/tibco-spotfire-statistics-services-10-0-0_documentation.zip | https://docs.tibco.com/pub/sf_statsvcs/tibco-spotfire-statistics-services-7-11-2_documentation.zip | https://docs.tibco.com/pub/sf_statsvcs/tibco-spotfire-statistics-services-7-11-1_documentation.zip | https://docs.tibco.com/pub/sf_statsvcs/tibco-spotfire-statistics-services-7-11-0_documentation.zip | https://docs.tibco.com/pub/sf_statsvcs/tibco-spotfire-statistics-services-7-5-0_documentation.zip | https://docs.tibco.com/pub/sf_statsvcs/tibco-spotfire-statistics-services-7-0-0_documentation.zip
tibbr-for-ios,tibbr® for iOS,https://docs.tibco.com/products/tibbr-for-ios,3,,0,,3,https://docs.tibco.com/pub/tibbr_iOS/tibbr-for-ios-6-4-0_documentation.zip | https://docs.tibco.com/pub/tibbr_iOS/tibbr-for-ios-6-3-0_documentation.zip | https://docs.tibco.com/pub/tibbr_iOS/tibbr-for-ios-6-2-1_documentation.zip
tibbr-for-microsoft-outlook,tibbr® for Microsoft Outlook,https://docs.tibco.com/products/tibbr-for-microsoft-outlook,1,,0,,1,https://docs.tibco.com/pub/tibbr-msoutlook/tibbr-for-microsoft-outlook-1-0-0_documentation.zip
tibbr-for-microsoft-sharepoint,tibbr® for Microsoft SharePoint,https://docs.tibco.com/products/tibbr-for-microsoft-sharepoint,1,,0,,1,https://docs.tibco.com/pub/tibbr-mss/tibbr-for-microsoft-sharepoint-5-1-0_documentation.zip
tibbr-for-salesforce-com-app,tibbr® for Salesforce.com App,https://docs.tibco.com/products/tibbr-for-salesforce-com-app,4,,0,,4,https://docs.tibco.com/pub/tibbr-salesforce-app/tibbr-for-salesforce-com-app-1-2-0_documentation.zip | https://docs.tibco.com/pub/tibbr-salesforce-app/tibbr-for-salesforce-com-app-1-1-0_documentation.zip | https://docs.tibco.com/pub/tibbr-salesforce-app/tibbr-for-salesforce-com-app-1-0-1_documentation.zip | https://docs.tibco.com/pub/tibbr-salesforce-app/tibbr-for-salesforce-com-app-1-0-0_documentation.zip
tibbr-ideas,tibbr® Ideas,https://docs.tibco.com/products/tibbr-ideas,2,,0,,2,https://docs.tibco.com/pub/tibbr-ideas/tibbr-ideas-2-2-0_documentation.zip | https://docs.tibco.com/pub/tibbr-ideas/tibbr-ideas-2-1-0_documentation.zip
tibbr-pages,tibbr® Pages,https://docs.tibco.com/products/tibbr-pages,4,,0,,4,https://docs.tibco.com/pub/tibbr-pages/tibbr-pages-2-0-0_documentation.zip | https://docs.tibco.com/pub/tibbr-pages/tibbr-pages-1-2-0_documentation.zip | https://docs.tibco.com/pub/tibbr-pages/tibbr-pages-1-1-0_documentation.zip | https://docs.tibco.com/pub/tibbr-pages/tibbr-pages-app-1-0-0_documentation.zip
tibbr-tasks,tibbr® Tasks,https://docs.tibco.com/products/tibbr-tasks,3,,0,,3,https://docs.tibco.com/pub/tibbr-tasks/tibbr-tasks-1-2-0_documentation.zip | https://docs.tibco.com/pub/tibbr-tasks/tibbr-tasks-1-1-0_documentation.zip | https://docs.tibco.com/pub/tibbr-tasks/tibbr-tasks-1-0-1_documentation.zip
"tibbr,-tibbr-service,-tibbr-community,-and-tibbrcommunity-service","tibbr®, tibbr® Service, tibbr® Community, and tibbr®Community Service","https://docs.tibco.com/products/tibbr,-tibbr-service,-tibbr-community,-and-tibbrcommunity-service",10,,1,"https://docs.tibco.com/products/tibbr,-tibbr-service,-tibbr-community,-and-tibbrcommunity-service-8-0-0",9,"https://docs.tibco.com/pub/tibbr/tibbr,-tibbr-service,-tibbr-community,-and-tibbrcommunity-service-7-1-0_documentation.zip | https://docs.tibco.com/pub/tibbr/tibbr,-tibbr-service,-tibbr-community,-and-tibbrcommunity-service-7-0-1_documentation.zip | https://docs.tibco.com/pub/tibbr/tibbr,-tibbr-service,-tibbr-community,-and-tibbrcommunity-service-7-0-0_documentation.zip | https://docs.tibco.com/pub/tibbr/tibbr,-tibbr-service,-tibbr-community,-and-tibbrcommunity-service-6-0-2_documentation.zip | https://docs.tibco.com/pub/tibbr/tibbr,-tibbr-service,-tibbr-community,-and-tibbrcommunity-service-6-0-1_documentation.zip | https://docs.tibco.com/pub/tibbr/tibbr,-tibbr-service,-tibbr-community,-and-tibbr-community-service-5-1-1_documentation.zip | https://docs.tibco.com/pub/tibbr/tibbr,-tibbr-service,-tibbr-community,-and-tibbr-community-service-5-1-0_documentation.zip | https://docs.tibco.com/pub/tibbr/tibbr,-tibbr-service,-tibbr-community,-and-tibbr-community-service-5-0-1_documentation.zip | https://docs.tibco.com/pub/tibbr/tibbr,-tibbr-service,-tibbr-community,-and-tibbr-community-service-4-1-2_documentation.zip"
tibco-activematrix-adapter-for-sap-tibco-business-studio,TIBCO ActiveMatrix Adapter for SAP (TIBCO Business Studio),https://docs.tibco.com/products/tibco-activematrix-adapter-for-sap-tibco-business-studio,2,,2,https://docs.tibco.com/products/tibco-activematrix-adapter-for-sap-tibco-business-studio-1-3-0 | https://docs.tibco.com/products/tibco-activematrix-adapter-for-sap-tibco-business-studio-1-2-0,0,
tibco-activematrix-businessworks-plug-in-for-ibm-i,TIBCO ActiveMatrix BusinessWorks Plug-in for IBM i,https://docs.tibco.com/products/tibco-activematrix-businessworks-plug-in-for-ibm-i,9,,1,https://docs.tibco.com/products/tibco-activematrix-businessworks-plug-in-for-ibm-i-7-3-0,8,https://docs.tibco.com/pub/bwpluginibmi/tibco-activematrix-businessworks-plug-in-for-ibm-i-7-2-2_documentation.zip | https://docs.tibco.com/pub/bwpluginibmi/tibco-activematrix-businessworks-plug-in-for-ibm-i-7-2-1_documentation.zip | https://docs.tibco.com/pub/bwpluginibmi/tibco-activematrix-businessworks-plug-in-for-ibm-i-7-2-0_documentation.zip | https://docs.tibco.com/pub/bwpluginibmi/tibco-activematrix-businessworks-plug-in-for-ibm-i-7-1-1_documentation.zip | https://docs.tibco.com/pub/bwpluginibmi/tibco-activematrix-businessworks-plug-in-for-ibm-i-7-1-0_documentation.zip | https://docs.tibco.com/pub/bwpluginibmi/tibco-activematrix-businessworks-plug-in-for-ibm-i-7-0-2_documentation.zip | https://docs.tibco.com/pub/bwpluginibmi/tibco-activematrix-businessworks-plug-in-for-ibm-i-7-0-1_documentation.zip | https://docs.tibco.com/pub/activematrix-businessworks-plugin-for-ibmi/tibco-activematrix-businessworks-plug-in-for-ibm-i-7-0-0_documentation.zip
tibco-activematrix-businessworks-plug-in-for-microsoft-dynamics-crm,TIBCO ActiveMatrix BusinessWorks Plug-in for Microsoft Dynamics CRM,https://docs.tibco.com/products/tibco-activematrix-businessworks-plug-in-for-microsoft-dynamics-crm,19,,5,https://docs.tibco.com/products/tibco-activematrix-businessworks-plug-in-for-microsoft-dynamics-crm-6-7-0 | https://docs.tibco.com/products/tibco-activematrix-businessworks-plug-in-for-microsoft-dynamics-crm-6-9-3 | https://docs.tibco.com/products/tibco-activematrix-businessworks-plug-in-for-microsoft-dynamics-crm-6-9-4 | https://docs.tibco.com/products/tibco-activematrix-businessworks-plug-in-for-microsoft-dynamics-crm-6-10-0 | https://docs.tibco.com/products/tibco-activematrix-businessworks-plug-in-for-microsoft-dynamics-crm-6-10-1,14,https://docs.tibco.com/pub/bwplugindynamicscrm/tibco-activematrix-businessworks-plug-in-for-microsoft-dynamics-crm-6-9-2_documentation.zip | https://docs.tibco.com/pub/bwplugindynamicscrm/tibco-activematrix-businessworks-plug-in-for-microsoft-dynamics-crm-6-9-1_documentation.zip | https://docs.tibco.com/pub/bwplugindynamicscrm/tibco-activematrix-businessworks-plug-in-for-microsoft-dynamics-crm-6-9-0_documentation.zip | https://docs.tibco.com/pub/bwplugindynamicscrm/tibco-activematrix-businessworks-plug-in-for-microsoft-dynamics-crm-6-8-1_documentation.zip | https://docs.tibco.com/pub/bwplugindynamicscrm/tibco-activematrix-businessworks-plug-in-for-microsoft-dynamics-crm-6-8-0_documentation.zip | https://docs.tibco.com/pub/bwplugindynamicscrm/tibco-activematrix-businessworks-plug-in-for-microsoft-dynamics-crm-6-6-0_documentation.zip | https://docs.tibco.com/pub/bwplugindynamicscrm/tibco-activematrix-businessworks-plug-in-for-microsoft-dynamics-crm-6-5-0_documentation.zip | https://docs.tibco.com/pub/bwplugindynamicscrm/tibco-activematrix-businessworks-plug-in-for-microsoft-dynamics-crm-6-4-0_documentation.zip | https://docs.tibco.com/pub/bwplugindynamicscrm/tibco-activematrix-businessworks-plug-in-for-microsoft-dynamics-crm-6-3-1_documentation.zip | https://docs.tibco.com/pub/activematrix_businessworks_plugin_for_dynamicscrm/tibco-activematrix-businessworks-plug-in-for-microsoft-dynamics-crm-6-3-0_documentation.zip | https://docs.tibco.com/pub/activematrix_businessworks_plugin_for_dynamicscrm/tibco-activematrix-businessworks-plug-in-for-microsoft-dynamics-crm-6-2-0_documentation.zip | https://docs.tibco.com/pub/activematrix_businessworks_plugin_for_dynamicscrm/tibco-activematrix-businessworks-plug-in-for-microsoft-dynamics-crm-6-1-0_documentation.zip | https://docs.tibco.com/pub/activematrix_businessworks_plugin_for_dynamicscrm/tibco-activematrix-businessworks-plug-in-for-microsoft-dynamics-crm-6-0-1_documentation.zip | https://docs.tibco.com/pub/activematrix-businessworks-plugin-for-dynamicscrm/tibco-activematrix-businessworks-plug-in-for-microsoft-dynamics-crm-6-0-0_documentation.zip
tibco-activematrix-businessworks,TIBCO ActiveMatrix BusinessWorks™,https://docs.tibco.com/products/tibco-activematrix-businessworks,45,,11,https://docs.tibco.com/products/tibco-activematrix-businessworks-5-14-0 | https://docs.tibco.com/products/tibco-activematrix-businessworks-5-15-0 | https://docs.tibco.com/products/tibco-activematrix-businessworks-5-14-1 | https://docs.tibco.com/products/tibco-activematrix-businessworks-6-9-1 | https://docs.tibco.com/products/tibco-activematrix-businessworks-6-10-0 | https://docs.tibco.com/products/tibco-activematrix-businessworks-5-15-1 | https://docs.tibco.com/products/tibco-activematrix-businessworks-5-16-0 | https://docs.tibco.com/products/tibco-activematrix-businessworks-6-11-0 | https://docs.tibco.com/products/tibco-activematrix-businessworks-5-16-1 | https://docs.tibco.com/products/tibco-activematrix-businessworks-6-12-0 | https://docs.tibco.com/products/tibco-activematrix-businessworks-6-13-0,34,https://docs.tibco.com/pub/activematrix_businessworks/tibco-activematrix-businessworks-6-9-0_documentation.zip | https://docs.tibco.com/pub/activematrix_businessworks/tibco-activematrix-businessworks-6-8-1_documentation.zip | https://docs.tibco.com/pub/activematrix_businessworks/tibco-activematrix-businessworks-6-8-0_documentation.zip | https://docs.tibco.com/pub/activematrix_businessworks/tibco-activematrix-businessworks-6-7-0_documentation.zip | https://docs.tibco.com/pub/activematrix_businessworks/tibco-activematrix-businessworks-6-6-1_documentation.zip | https://docs.tibco.com/pub/activematrix_businessworks/tibco-activematrix-businessworks-6-6-0_documentation.zip | https://docs.tibco.com/pub/activematrix_businessworks/tibco-activematrix-businessworks-6-5-1_documentation.zip | https://docs.tibco.com/pub/activematrix_businessworks/tibco-activematrix-businessworks-6-5-0_documentation.zip | https://docs.tibco.com/pub/activematrix_businessworks/tibco-activematrix-businessworks-6-4-2_documentation.zip | https://docs.tibco.com/pub/activematrix_businessworks/tibco-activematrix-businessworks-6-4-1_documentation.zip | https://docs.tibco.com/pub/activematrix_businessworks/tibco-activematrix-businessworks-6-4-0_documentation.zip | https://docs.tibco.com/pub/activematrix_businessworks/tibco-activematrix-businessworks-6-3-5_documentation.zip | https://docs.tibco.com/pub/activematrix_businessworks/tibco-activematrix-businessworks-6-3-4_documentation.zip | https://docs.tibco.com/pub/activematrix_businessworks/tibco-activematrix-businessworks-6-3-3_documentation.zip | https://docs.tibco.com/pub/activematrix_businessworks/tibco-activematrix-businessworks-6-3-2_documentation.zip | https://docs.tibco.com/pub/activematrix_businessworks/tibco-activematrix-businessworks-6-3-1_documentation.zip | https://docs.tibco.com/pub/activematrix_businessworks/tibco-activematrix-businessworks-6-3-0_documentation.zip | https://docs.tibco.com/pub/activematrix_businessworks/tibco-activematrix-businessworks-6-2-2_documentation.zip | https://docs.tibco.com/pub/activematrix_businessworks/tibco-activematrix-businessworks-6-2-1_documentation.zip | https://docs.tibco.com/pub/activematrix_businessworks/tibco-activematrix-businessworks-6-2-0_documentation.zip | https://docs.tibco.com/pub/activematrix_businessworks/tibco-activematrix-businessworks-6-1-1_documentation.zip | https://docs.tibco.com/pub/activematrix_businessworks/tibco-activematrix-businessworks-6-1-0_documentation.zip | https://docs.tibco.com/pub/activematrix_businessworks/tibco-activematrix-businessworks-5-13-2_documentation.zip | https://docs.tibco.com/pub/activematrix_businessworks/tibco-activematrix-businessworks-5-13-1_documentation.zip | https://docs.tibco.com/pub/activematrix_businessworks/tibco-activematrix-businessworks-5-13-0_documentation.zip | https://docs.tibco.com/pub/activematrix_businessworks/tibco-activematrix-businessworks-5-12-0_documentation.zip | https://docs.tibco.com/pub/activematrix_businessworks/tibco-activematrix-businessworks-5-11-0_documentation.zip | https://docs.tibco.com/pub/activematrix_businessworks/tibco-activematrix-businessworks-5-10-0_documentation.zip | https://docs.tibco.com/pub/activematrix_businessworks/tibco-activematrix-businessworks-5-9-3_documentation.zip | https://docs.tibco.com/pub/activematrix_businessworks/tibco-activematrix-businessworks-5-9-2_documentation.zip | https://docs.tibco.com/pub/activematrix_businessworks/tibco-activematrix-businessworks-5-9-0_documentation.zip | https://docs.tibco.com/pub/activematrix_businessworks/tibco-activematrix-businessworks-5-8-0_documentation.zip | https://docs.tibco.com/pub/activematrix_businessworks/tibco-activematrix-businessworks-5-7-2_documentation.zip | https://docs.tibco.com/pub/activematrix_businessworks/tibco-activematrix-businessworks-5-7-1_documentation.zip
tibco-activematrix-businessworks-activeaspects-plug-in,TIBCO ActiveMatrix BusinessWorks™ ActiveAspects Plug-in,https://docs.tibco.com/products/tibco-activematrix-businessworks-activeaspects-plug-in,3,,3,https://docs.tibco.com/products/tibco-activematrix-businessworks-activeaspects-plug-in-1-2 | https://docs.tibco.com/products/tibco-activematrix-businessworks-activeaspects-plug-in-1-1 | https://docs.tibco.com/products/tibco-activematrix-businessworks-activeaspects-plug-in-1-0,0,
tibco-activematrix-businessworks-bpel-extension,TIBCO ActiveMatrix BusinessWorks™ BPEL Extension,https://docs.tibco.com/products/tibco-activematrix-businessworks-bpel-extension,4,,4,https://docs.tibco.com/products/tibco-activematrix-businessworks-bpel-extension-5-9 | https://docs.tibco.com/products/tibco-activematrix-businessworks-bpel-extension-5-7-0 | https://docs.tibco.com/products/tibco-activematrix-businessworks-bpel-extension-5-7-1 | https://docs.tibco.com/products/tibco-activematrix-businessworks-bpel-extension-5-8-0,0,
tibco-activematrix-businessworks-plug-in-component-for-aws-common-services,TIBCO ActiveMatrix BusinessWorks™ Plug-in Component for AWS Common Services,https://docs.tibco.com/products/tibco-activematrix-businessworks-plug-in-component-for-aws-common-services,5,,5,https://docs.tibco.com/products/tibco-activematrix-businessworks-plug-in-component-for-aws-common-services-6-1-1 | https://docs.tibco.com/products/tibco-activematrix-businessworks-plug-in-component-for-aws-common-services-6-0-0 | https://docs.tibco.com/products/tibco-activematrix-businessworks-plug-in-component-for-aws-common-services-6-0-1 | https://docs.tibco.com/products/tibco-activematrix-businessworks-plug-in-component-for-aws-common-services-6-0-2 | https://docs.tibco.com/products/tibco-activematrix-businessworks-plug-in-component-for-aws-common-services-6-1-0,0,
tibco-activematrix-businessworks-plug-in-development-kit,TIBCO ActiveMatrix BusinessWorks™ Plug-in Development Kit,https://docs.tibco.com/products/tibco-activematrix-businessworks-plug-in-development-kit,8,,3,https://docs.tibco.com/products/tibco-activematrix-businessworks-plug-in-development-kit-6-2-1 | https://docs.tibco.com/products/tibco-activematrix-businessworks-plug-in-development-kit-6-3-0 | https://docs.tibco.com/products/tibco-activematrix-businessworks-plug-in-development-kit-6-3-1,5,https://docs.tibco.com/pub/bwpdk/tibco-activematrix-businessworks-plug-in-development-kit-6-2-0_documentation.zip | https://docs.tibco.com/pub/bwpdk/tibco-activematrix-businessworks-plug-in-development-kit-6-1-2_documentation.zip | https://docs.tibco.com/pub/bwpdk/tibco-activematrix-businessworks-plug-in-development-kit-6-1-1_documentation.zip | https://docs.tibco.com/pub/bwpdk/tibco-activematrix-businessworks-plug-in-development-kit-6-1-0_documentation.zip | https://docs.tibco.com/pub/bwpdk/tibco-activematrix-businessworks-plug-in-development-kit-6-0-0_documentation.zip
tibco-activematrix-businessworks-plug-in-for-activespaces,TIBCO ActiveMatrix BusinessWorks™ Plug-in for ActiveSpaces®,https://docs.tibco.com/products/tibco-activematrix-businessworks-plug-in-for-activespaces,27,,11,https://docs.tibco.com/products/tibco-activematrix-businessworks-plug-in-for-activespaces-7-1-1 | https://docs.tibco.com/products/tibco-activematrix-businessworks-plug-in-for-activespaces-7-2-0 | https://docs.tibco.com/products/tibco-activematrix-businessworks-plug-in-for-activespaces-7-2-1 | https://docs.tibco.com/products/tibco-activematrix-businessworks-plug-in-for-activespaces-8-0-2 | https://docs.tibco.com/products/tibco-activematrix-businessworks-plug-in-for-activespaces-7-2-2 | https://docs.tibco.com/products/tibco-activematrix-businessworks-plug-in-for-activespaces-8-0-3 | https://docs.tibco.com/products/tibco-activematrix-businessworks-plug-in-for-activespaces-7-3-0 | https://docs.tibco.com/products/tibco-activematrix-businessworks-plug-in-for-activespaces-8-1-0 | https://docs.tibco.com/products/tibco-activematrix-businessworks-plug-in-for-activespaces-7-3-1 | https://docs.tibco.com/products/tibco-activematrix-businessworks-plug-in-for-activespaces-8-1-1 | https://docs.tibco.com/products/tibco-activematrix-businessworks-plug-in-for-activespaces-7-3-2,16,https://docs.tibco.com/pub/bwpluginas/tibco-activematrix-businessworks-plug-in-for-activespaces-8-0-1_documentation.zip | https://docs.tibco.com/pub/bwpluginas/tibco-activematrix-businessworks-plug-in-for-activespaces-8-0-0_documentation.zip | https://docs.tibco.com/pub/bwpluginas/tibco-activematrix-businessworks-plug-in-for-activespaces-7-1-0_documentation.zip | https://docs.tibco.com/pub/bwpluginas/tibco-activematrix-businessworks-plug-in-for-activespaces-7-0-0_documentation.zip | https://docs.tibco.com/pub/bwpluginactivespaces/tibco-activematrix-businessworks-plug-in-for-activespaces-6-3-2_documentation.zip | https://docs.tibco.com/pub/bwpluginactivespaces/tibco-activematrix-businessworks-plug-in-for-activespaces-6-3-1_documentation.zip | https://docs.tibco.com/pub/activematrix-businessworks-plugin-for-activespaces/tibco-activematrix-businessworks-plug-in-for-activespaces-6-3-0_documentation.zip | https://docs.tibco.com/pub/activematrix-businessworks-plugin-for-activespaces/tibco-activematrix-businessworks-plug-in-for-activespaces-6-0-1-_documentation.zip | https://docs.tibco.com/pub/activematrix-businessworks-plugin-for-activespaces/tibco-activematrix-businessworks-plug-in-for-activespaces-6-2-0_documentation.zip | https://docs.tibco.com/pub/activematrix-businessworks-plugin-for-activespaces/tibco-activematrix-businessworks-plug-in-for-activespaces-6-1-0_documentation.zip | https://docs.tibco.com/pub/activematrix-businessworks-plugin-for-activespaces/tibco-activematrix-businessworks-plug-in-for-activespaces-6-0-2_documentation.zip | https://docs.tibco.com/pub/activematrix-businessworks-plugin-for-activespaces/tibco-activematrix-businessworks-plug-in-for-activespaces-2-2-0_documentation.zip | https://docs.tibco.com/pub/activematrix-businessworks-plugin-for-activespaces/tibco-activematrix-businessworks-plug-in-for-activespaces-2-1-0_documentation.zip | https://docs.tibco.com/pub/activematrix-businessworks-plugin-for-activespaces/tibco-activematrix-businessworks-plug-in-for-activespaces-2-0-0_documentation.zip | https://docs.tibco.com/pub/activematrix-businessworks-plugin-for-activespaces/tibco-activematrix-businessworks-plug-in-for-activespaces-1-1-0_documentation.zip | https://docs.tibco.com/pub/activematrix-businessworks-plugin-for-activespaces/tibco-activematrix-businessworks-plug-in-for-activespaces-1-0-0_documentation.zip
tibco-activematrix-businessworks-plug-in-for-amazon-redshift,TIBCO ActiveMatrix BusinessWorks™ Plug-in for Amazon Redshift,https://docs.tibco.com/products/tibco-activematrix-businessworks-plug-in-for-amazon-redshift,2,,1,https://docs.tibco.com/products/tibco-activematrix-businessworks-plug-in-for-amazon-redshift-6-1-0,1,https://docs.tibco.com/pub/bwpluginawsredshift/tibco-activematrix-businessworks-plug-in-for-amazon-redshift-6-0-0_documentation.zip
tibco-activematrix-businessworks-plug-in-for-amazon-s3,TIBCO ActiveMatrix BusinessWorks™ Plug-in for Amazon S3,https://docs.tibco.com/products/tibco-activematrix-businessworks-plug-in-for-amazon-s3,10,,3,https://docs.tibco.com/products/tibco-activematrix-businessworks-plug-in-for-amazon-s3-6-5-1 | https://docs.tibco.com/products/tibco-activematrix-businessworks-plug-in-for-amazon-s3-6-6-0 | https://docs.tibco.com/products/tibco-activematrix-businessworks-plug-in-for-amazon-s3-6-7-0,7,https://docs.tibco.com/pub/bwpluginawss3/tibco-activematrix-businessworks-plug-in-for-amazon-s3-6-5-0_documentation.zip | https://docs.tibco.com/pub/bwpluginawss3/tibco-activematrix-businessworks-plug-in-for-amazon-s3-6-4-0_documentation.zip | https://docs.tibco.com/pub/bwpluginawss3/tibco-activematrix-businessworks-plug-in-for-amazon-s3-6-3-1_documentation.zip | https://docs.tibco.com/pub/bwpluginawss3/tibco-activematrix-businessworks-plug-in-for-amazon-s3-6-3-0_documentation.zip | https://docs.tibco.com/pub/bwpluginawss3/tibco-activematrix-businessworks-plug-in-for-amazon-s3-6-2-0_documentation.zip | https://docs.tibco.com/pub/bwpluginawss3/tibco-activematrix-businessworks-plug-in-for-amazon-s3-6-1-1_documentation.zip | https://docs.tibco.com/pub/bwpluginawss3/tibco-activematrix-businessworks-plug-in-for-amazon-s3-6-0-0_documentation.zip
tibco-activematrix-businessworks-plug-in-for-amazon-sqs-and-sns,TIBCO ActiveMatrix BusinessWorks™ Plug-in for Amazon SQS and SNS,https://docs.tibco.com/products/tibco-activematrix-businessworks-plug-in-for-amazon-sqs-and-sns,10,,4,https://docs.tibco.com/products/tibco-activematrix-businessworks-plug-in-for-amazon-sqs-and-sns-6-5-0 | https://docs.tibco.com/products/tibco-activematrix-businessworks-plug-in-for-amazon-sqs-and-sns-6-5-1 | https://docs.tibco.com/products/tibco-activematrix-businessworks-plug-in-for-amazon-sqs-and-sns-6-5-2 | https://docs.tibco.com/products/tibco-activematrix-businessworks-plug-in-for-amazon-sqs-and-sns-6-6-0,6,https://docs.tibco.com/pub/bwpluginawsm/tibco-activematrix-businessworks-plug-in-for-amazon-sqs-and-sns-6-4-2_documentation.zip | https://docs.tibco.com/pub/bwpluginawsm/tibco-activematrix-businessworks-plug-in-for-amazon-sqs-and-sns-6-4-1_documentation.zip | https://docs.tibco.com/pub/bwpluginawsm/tibco-activematrix-businessworks-plug-in-for-amazon-sqs-and-sns-6-4-0_documentation.zip | https://docs.tibco.com/pub/bwpluginawsm/tibco-activematrix-businessworks-plug-in-for-amazon-sqs-and-sns-6-3-0_documentation.zip | https://docs.tibco.com/pub/bwpluginawsm/tibco-activematrix-businessworks-plug-in-for-amazon-sqs-and-sns-6-2-0_documentation.zip | https://docs.tibco.com/pub/bwpluginawsm/tibco-activematrix-businessworks-plug-in-for-amazon-sqs-and-sns-6-1-0_documentation.zip
tibco-activematrix-businessworks-plug-in-for-amqp,TIBCO ActiveMatrix BusinessWorks™ Plug-in for AMQP,https://docs.tibco.com/products/tibco-activematrix-businessworks-plug-in-for-amqp,12,,6,https://docs.tibco.com/products/tibco-activematrix-businessworks-plug-in-for-amqp-6-3-0 | https://docs.tibco.com/products/tibco-activematrix-businessworks-plug-in-for-amqp-6-3-1 | https://docs.tibco.com/products/tibco-activematrix-businessworks-plug-in-for-amqp-6-4-0 | https://docs.tibco.com/products/tibco-activematrix-businessworks-plug-in-for-amqp-6-5-0 | https://docs.tibco.com/products/tibco-activematrix-businessworks-plug-in-for-amqp-6-5-1 | https://docs.tibco.com/products/tibco-activematrix-businessworks-plug-in-for-amqp-6-5-2,6,https://docs.tibco.com/pub/bwpluginamqp/tibco-activematrix-businessworks-plug-in-for-amqp-6-2-1_documentation.zip | https://docs.tibco.com/pub/bwpluginamqp/tibco-activematrix-businessworks-plug-in-for-amqp-6-2-0_documentation.zip | https://docs.tibco.com/pub/bwpluginamqp/tibco-activematrix-businessworks-plug-in-for-amqp-6-1-0_documentation.zip | https://docs.tibco.com/pub/bwpluginamqp/tibco-activematrix-businessworks-plug-in-for-amqp-6-0-2_documentation.zip | https://docs.tibco.com/pub/bwpluginamqp/tibco-activematrix-businessworks-plug-in-for-amqp-6-0-1_documentation.zip | https://docs.tibco.com/pub/bwpluginamqp/tibco-activematrix-businessworks-plug-in-for-amqp-6-0-0_documentation.zip
tibco-activematrix-businessworks-plug-in-for-apache-cassandra,TIBCO ActiveMatrix BusinessWorks™ Plug-in for Apache Cassandra,https://docs.tibco.com/products/tibco-activematrix-businessworks-plug-in-for-apache-cassandra,4,,2,https://docs.tibco.com/products/tibco-activematrix-businessworks-plug-in-for-apache-cassandra-6-3-2 | https://docs.tibco.com/products/tibco-activematrix-businessworks-plug-in-for-apache-cassandra-6-3-3,2,https://docs.tibco.com/pub/bwplugincassandra/tibco-activematrix-businessworks-plug-in-for-apache-cassandra-6-3-1_documentation.zip | https://docs.tibco.com/pub/bwplugincassandra/tibco-activematrix-businessworks-plug-in-for-apache-cassandra-6-3-0_documentation.zip
tibco-activematrix-businessworks-plug-in-for-apache-kafka,TIBCO ActiveMatrix BusinessWorks™ Plug-in for Apache Kafka,https://docs.tibco.com/products/tibco-activematrix-businessworks-plug-in-for-apache-kafka,18,,6,https://docs.tibco.com/products/tibco-activematrix-businessworks-plug-in-for-apache-kafka-6-7-0 | https://docs.tibco.com/products/tibco-activematrix-businessworks-plug-in-for-apache-kafka-6-8-0 | https://docs.tibco.com/products/tibco-activematrix-businessworks-plug-in-for-apache-kafka-6-8-1 | https://docs.tibco.com/products/tibco-activematrix-businessworks-plug-in-for-apache-kafka-5-0-0 | https://docs.tibco.com/products/tibco-activematrix-businessworks-plug-in-for-apache-kafka-6-8-2 | https://docs.tibco.com/products/tibco-activematrix-businessworks-plug-in-for-apache-kafka-5-0-1,12,https://docs.tibco.com/pub/bwpluginkafka/tibco-activematrix-businessworks-plug-in-for-apache-kafka-6-6-0_documentation.zip | https://docs.tibco.com/pub/bwpluginkafka/tibco-activematrix-businessworks-plug-in-for-apache-kafka-6-5-2_documentation.zip | https://docs.tibco.com/pub/bwpluginkafka/tibco-activematrix-businessworks-plug-in-for-apache-kafka-6-5-1_documentation.zip | https://docs.tibco.com/pub/bwpluginkafka/tibco-activematrix-businessworks-plug-in-for-apache-kafka-6-5-0_documentation.zip | https://docs.tibco.com/pub/bwpluginkafka/tibco-activematrix-businessworks-plug-in-for-apache-kafka-6-4-1_documentation.zip | https://docs.tibco.com/pub/bwpluginkafka/tibco-activematrix-businessworks-plug-in-for-apache-kafka-6-4-0_documentation.zip | https://docs.tibco.com/pub/bwpluginkafka/tibco-activematrix-businessworks-plug-in-for-apache-kafka-6-3-1_documentation.zip | https://docs.tibco.com/pub/bwpluginkafka/tibco-activematrix-businessworks-plug-in-for-apache-kafka-6-3-0_documentation.zip | https://docs.tibco.com/pub/bwpluginkafka/tibco-activematrix-businessworks-plug-in-for-apache-kafka-6-2-0_documentation.zip | https://docs.tibco.com/pub/bwpluginkafka/tibco-activematrix-businessworks-plug-in-for-apache-kafka-6-1-1_documentation.zip | https://docs.tibco.com/pub/bwpluginkafka/tibco-activematrix-businessworks-plug-in-for-apache-kafka-6-1-0_documentation.zip | https://docs.tibco.com/pub/bwpluginkafka/tibco-activematrix-businessworks-plug-in-for-apache-kafka-6-0-0_documentation.zip
tibco-activematrix-businessworks-plug-in-for-apache-pulsar,TIBCO ActiveMatrix BusinessWorks™ Plug-in for Apache Pulsar,https://docs.tibco.com/products/tibco-activematrix-businessworks-plug-in-for-apache-pulsar,5,,5,https://docs.tibco.com/products/tibco-activematrix-businessworks-plug-in-for-apache-pulsar-6-2-1 | https://docs.tibco.com/products/tibco-activematrix-businessworks-plug-in-for-apache-pulsar-6-0-0 | https://docs.tibco.com/products/tibco-activematrix-businessworks-plug-in-for-apache-pulsar-6-1-0 | https://docs.tibco.com/products/tibco-activematrix-businessworks-plug-in-for-apache-pulsar-6-2-0 | https://docs.tibco.com/products/tibco-activematrix-businessworks-plug-in-for-apache-pulsar-5-0-0,0,
tibco-activematrix-businessworks-plug-in-for-applicability-statement-2-as2-protocol,TIBCO ActiveMatrix BusinessWorks™ Plug-in for Applicability Statement 2 (AS2 Protocol),https://docs.tibco.com/products/tibco-activematrix-businessworks-plug-in-for-applicability-statement-2-as2-protocol,1,,1,https://docs.tibco.com/products/tibco-activematrix-businessworks-plug-in-for-applicability-statement-2-6-0-0,0,
tibco-activematrix-businessworks-plug-in-for-azure-cloud-services-azure-data-lake-storage-gen2,TIBCO ActiveMatrix BusinessWorks™ Plug-in for Azure Cloud Services (Azure Data Lake Storage Gen2),https://docs.tibco.com/products/tibco-activematrix-businessworks-plug-in-for-azure-cloud-services-azure-data-lake-storage-gen2,1,,1,https://docs.tibco.com/products/tibco-activematrix-businessworks-plug-in-for-azure-cloud-services-azure-data-lake-storage-gen2-6-0-0,0,
tibco-activematrix-businessworks-plug-in-for-b2b,TIBCO ActiveMatrix BusinessWorks™ Plug-in for B2B,https://docs.tibco.com/products/tibco-activematrix-businessworks-plug-in-for-b2b,1,,1,https://docs.tibco.com/products/tibco-activematrix-businessworks-plug-in-for-b2b-1-1-0,0,
tibco-activematrix-businessworks-plug-in-for-big-data,TIBCO ActiveMatrix BusinessWorks™ Plug-in for Big Data,https://docs.tibco.com/products/tibco-activematrix-businessworks-plug-in-for-big-data,10,,3,https://docs.tibco.com/products/tibco-activematrix-businessworks-plug-in-for-big-data-6-5-0 | https://docs.tibco.com/products/tibco-activematrix-businessworks-plug-in-for-big-data-6-6-0 | https://docs.tibco.com/products/tibco-activematrix-businessworks-plug-in-for-big-data-6-6-1,7,https://docs.tibco.com/pub/bwpluginbigdata/tibco-activematrix-businessworks-plug-in-for-big-data-6-4-0_documentation.zip | https://docs.tibco.com/pub/bwpluginbigdata/tibco-activematrix-businessworks-plug-in-for-big-data-6-3-1_documentation.zip | https://docs.tibco.com/pub/bwpluginbigdata/tibco-activematrix-businessworks-plug-in-for-big-data-6-3-0_documentation.zip | https://docs.tibco.com/pub/activematrix-businessworks-plugin-for-bigdata/tibco-activematrix-businessworks-plug-in-for-big-data-6-2-0_documentation.zip | https://docs.tibco.com/pub/activematrix-businessworks-plugin-for-bigdata/tibco-activematrix-businessworks-plug-in-for-big-data-6-1-0_documentation.zip | https://docs.tibco.com/pub/activematrix-businessworks-plugin-for-bigdata/tibco-activematrix-businessworks-plug-in-for-big-data-6-0-0_documentation.zip | https://docs.tibco.com/pub/activematrix-businessworks-plugin-for-bigdata/tibco-activematrix-businessworks-plug-in-for-big-data-1-0-0_documentation.zip
tibco-activematrix-businessworks-plug-in-for-businessconnect,TIBCO ActiveMatrix BusinessWorks™ Plug-in for BusinessConnect™,https://docs.tibco.com/products/tibco-activematrix-businessworks-plug-in-for-businessconnect,11,,6,https://docs.tibco.com/products/tibco-activematrix-businessworks-plug-in-for-businessconnect-6-0-0 | https://docs.tibco.com/products/tibco-activematrix-businessworks-plug-in-for-businessconnect-6-3-0 | https://docs.tibco.com/products/tibco-activematrix-businessworks-plug-in-for-businessconnect-6-3-1 | https://docs.tibco.com/products/tibco-activematrix-businessworks-plug-in-for-businessconnect-6-3-2 | https://docs.tibco.com/products/tibco-activematrix-businessworks-plug-in-for-businessconnect-6-3-3 | https://docs.tibco.com/products/tibco-activematrix-businessworks-plug-in-for-businessconnect-6-4-0,5,https://docs.tibco.com/pub/bwpluginbc/tibco-activematrix-businessworks-plug-in-for-businessconnect-6-2-0_documentation.zip | https://docs.tibco.com/pub/bwpluginbc/tibco-activematrix-businessworks-plug-in-for-businessconnect-6-1-2_documentation.zip | https://docs.tibco.com/pub/bwpluginbc/tibco-activematrix-businessworks-plug-in-for-businessconnect-6-1-1_documentation.zip | https://docs.tibco.com/pub/bwpluginbc/tibco-activematrix-businessworks-plug-in-for-businessconnect-6-1-0_documentation.zip | https://docs.tibco.com/pub/bwpluginbc/tibco-activematrix-businessworks-plug-in-for-businessconnect-6-0-1_documentation.zip
tibco-activematrix-businessworks-plug-in-for-change-data-capture,TIBCO ActiveMatrix BusinessWorks™ Plug-in for Change Data Capture,https://docs.tibco.com/products/tibco-activematrix-businessworks-plug-in-for-change-data-capture,3,,2,https://docs.tibco.com/products/tibco-activematrix-businessworks-plug-in-for-change-data-capture-6-1-0 | https://docs.tibco.com/products/tibco-activematrix-businessworks-plug-in-for-change-data-capture-6-2-0,1,https://docs.tibco.com/pub/bwplugincdc/tibco-activematrix-businessworks-plug-in-for-change-data-capture-6-0-0_documentation.zip
tibco-activematrix-businessworks-plug-in-for-cics,TIBCO ActiveMatrix BusinessWorks™ Plug-in for CICS,https://docs.tibco.com/products/tibco-activematrix-businessworks-plug-in-for-cics,10,,6,https://docs.tibco.com/products/tibco-activematrix-businessworks-plug-in-for-cics-1-2-1 | https://docs.tibco.com/products/tibco-activematrix-businessworks-plug-in-for-cics-2-4-1 | https://docs.tibco.com/products/tibco-activematrix-businessworks-plug-in-for-cics-1-3-0 | https://docs.tibco.com/products/tibco-activematrix-businessworks-plug-in-for-cics-2-5-0 | https://docs.tibco.com/products/tibco-activematrix-businessworks-plug-in-for-cics-1-5-0 | https://docs.tibco.com/products/tibco-activematrix-businessworks-plug-in-for-cics-1-2-2,4,https://docs.tibco.com/pub/bwcp/tibco-activematrix-businessworks-plug-in-for-cics-2-4-0_documentation.zip | https://docs.tibco.com/pub/bwcp/tibco-activematrix-businessworks-plug-in-for-cics-2-3-0_documentation.zip | https://docs.tibco.com/pub/bwcp/tibco-activematrix-businessworks-plug-in-for-cics-2-2-0_documentation.zip | https://docs.tibco.com/pub/activematrix_businessworks_plugin_for_cics/tibco-activematrix-businessworks-plug-in-for-cics-1-2-0_documentation.zip
tibco-activematrix-businessworks-plug-in-for-confidentiality,TIBCO ActiveMatrix BusinessWorks™ Plug-in for Confidentiality,https://docs.tibco.com/products/tibco-activematrix-businessworks-plug-in-for-confidentiality,3,,0,,3,https://docs.tibco.com/pub/bwpluginconfidentiality/tibco-activematrix-businessworks-plug-in-for-confidentiality-6-1-1_documentation.zip | https://docs.tibco.com/pub/bwpluginconfidentiality/tibco-activematrix-businessworks-plug-in-for-confidentiality-6-1-0_documentation.zip | https://docs.tibco.com/pub/bwpluginconfidentiality/tibco-activematrix-businessworks-plug-in-for-confidentiality-6-0-0_documentation.zip
tibco-activematrix-businessworks-plug-in-for-data-conversion,TIBCO ActiveMatrix BusinessWorks™ Plug-in for Data Conversion,https://docs.tibco.com/products/tibco-activematrix-businessworks-plug-in-for-data-conversion,18,,6,https://docs.tibco.com/products/tibco-activematrix-businessworks-plug-in-for-data-conversion-4-6-0 | https://docs.tibco.com/products/tibco-activematrix-businessworks-plug-in-for-data-conversion-3-5-1 | https://docs.tibco.com/products/tibco-activematrix-businessworks-plug-in-for-data-conversion-3-6-0 | https://docs.tibco.com/products/tibco-activematrix-businessworks-plug-in-for-data-conversion-4-7-0 | https://docs.tibco.com/products/tibco-activematrix-businessworks-plug-in-for-data-conversion-4-8-0 | https://docs.tibco.com/products/tibco-activematrix-businessworks-plug-in-for-data-conversion-4-8-1,12,https://docs.tibco.com/pub/bwdcp/tibco-activematrix-businessworks-plug-in-for-data-conversion-4-5-1_documentation.zip | https://docs.tibco.com/pub/activematrix_businessworks_plugin_for_data_conversion/tibco-activematrix-businessworks-plug-in-for-data-conversion-4-5-0_documentation.zip | https://docs.tibco.com/pub/activematrix_businessworks_plugin_for_data_conversion/tibco-activematrix-businessworks-plug-in-for-data-conversion-4-4-0_documentation.zip | https://docs.tibco.com/pub/activematrix_businessworks_plugin_for_data_conversion/tibco-activematrix-businessworks-plug-in-for-data-conversion-4-3-0_documentation.zip | https://docs.tibco.com/pub/activematrix_businessworks_plugin_for_data_conversion/tibco-activematrix-businessworks-plug-in-for-data-conversion-4-2-0_documentation.zip | https://docs.tibco.com/pub/activematrix_businessworks_plugin_for_data_conversion/tibco-activematrix-businessworks-plug-in-for-data-conversion-4-1-0_documentation.zip | https://docs.tibco.com/pub/bwplugincopybook/tibco-activematrix-businessworks-plug-in-for-data-conversion-3-5-0_documentation.zip | https://docs.tibco.com/pub/activematrix_businessworks_plugin_for_data_conversion/tibco-activematrix-businessworks-plug-in-for-data-conversion-3-4-0_documentation.zip | https://docs.tibco.com/pub/activematrix_businessworks_plugin_for_data_conversion/tibco-activematrix-businessworks-plug-in-for-data-conversion-3-3-0_documentation.zip | https://docs.tibco.com/pub/activematrix_businessworks_plugin_for_data_conversion/tibco-activematrix-businessworks-plug-in-for-data-conversion-3-2-0_documentation.zip | https://docs.tibco.com/pub/activematrix_businessworks_plugin_for_data_conversion/tibco-activematrix-businessworks-plug-in-for-data-conversion-3-1-0_documentation.zip | https://docs.tibco.com/pub/activematrix_businessworks_plugin_for_data_conversion/tibco-activematrix-businessworks-plug-in-for-data-conversion-3-0-0_documentation.zip
tibco-activematrix-businessworks-plug-in-for-database,TIBCO ActiveMatrix BusinessWorks™ Plug-in for Database,https://docs.tibco.com/products/tibco-activematrix-businessworks-plug-in-for-database,22,,7,https://docs.tibco.com/products/tibco-activematrix-businessworks-plug-in-for-database-8-4-0 | https://docs.tibco.com/products/tibco-activematrix-adapter-for-database-7-2-0 | https://docs.tibco.com/products/tibco-activematrix-businessworks-plug-in-for-database-8-5-0 | https://docs.tibco.com/products/tibco-activematrix-adapter-for-database-7-3-1 | https://docs.tibco.com/products/tibco-activematrix-businessworks-plug-in-for-database-8-6-0 | https://docs.tibco.com/products/tibco-activematrix-adapter-for-database-7-2-1 | https://docs.tibco.com/products/tibco-activematrix-adapter-for-database-7-3-2,15,https://docs.tibco.com/pub/bwpluginadb/tibco-activematrix-businessworks-plug-in-for-database-8-3-2_documentation.zip | https://docs.tibco.com/pub/bwpluginadb/tibco-activematrix-businessworks-plug-in-for-database-8-3-1_documentation.zip | https://docs.tibco.com/pub/bwpluginadb/tibco-activematrix-businessworks-plug-in-for-database-8-3-0_documentation.zip | https://docs.tibco.com/pub/bwpluginadb/tibco-activematrix-businessworks-plug-in-for-database-8-2-0_documentation.zip | https://docs.tibco.com/pub/bwpluginadb/tibco-activematrix-businessworks-plug-in-for-database-8-1-0_documentation.zip | https://docs.tibco.com/pub/bwpluginadb/tibco-activematrix-businessworks-plug-in-for-database-8-0-1_documentation.zip | https://docs.tibco.com/pub/bwpluginadb/tibco-activematrix-businessworks-plug-in-for-database-8-0-0_documentation.zip | https://docs.tibco.com/pub/adadb/tibco-activematrix-adapter-for-database-7-3-0_documentation.zip | https://docs.tibco.com/pub/adadb/tibco-activematrix-adapter-for-database-7-1-0_documentation.zip | https://docs.tibco.com/pub/activematrix-adapter-for-database/tibco-activematrix-adapter-for-database-7-0-0_documentation.zip | https://docs.tibco.com/pub/activematrix-adapter-for-database/tibco-activematrix-adapter-for-database-6-3-0_documentation.zip | https://docs.tibco.com/pub/activematrix-adapter-for-database/tibco-activematrix-adapter-for-database-6-2-0_documentation.zip | https://docs.tibco.com/pub/activematrix-adapter-for-database/tibco-activematrix-adapter-for-database-6-1-0_documentation.zip | https://docs.tibco.com/pub/activematrix-adapter-for-database/tibco-activematrix-adapter-for-database-6-0-0_documentation.zip | https://docs.tibco.com/pub/activematrix-adapter-for-database/tibco-activematrix-adapter-for-database-5-5-1_documentation.zip
tibco-activematrix-businessworks-plug-in-for-edi,TIBCO ActiveMatrix BusinessWorks™ Plug-in for EDI,https://docs.tibco.com/products/tibco-activematrix-businessworks-plug-in-for-edi,2,,1,https://docs.tibco.com/products/tibco-activematrix-businessworks-plug-in-for-edi-6-3-0,1,https://docs.tibco.com/pub/bwpluginedi_healthcare/tibco-activematrix-businessworks-plug-in-for-edi-6-0-0_documentation.zip
tibco-activematrix-businessworks-plug-in-for-edi-healthcare-edition,TIBCO ActiveMatrix BusinessWorks™ Plug-in for EDI Healthcare Edition,https://docs.tibco.com/products/tibco-activematrix-businessworks-plug-in-for-edi-healthcare-edition,1,,1,https://docs.tibco.com/products/tibco-activematrix-businessworks-plug-in-for-edi-healthcare-edition-6-3-1,0,
tibco-activematrix-businessworks-plug-in-for-edi-standard-edition,TIBCO ActiveMatrix BusinessWorks™ Plug-in for EDI Standard Edition,https://docs.tibco.com/products/tibco-activematrix-businessworks-plug-in-for-edi-standard-edition,1,,1,https://docs.tibco.com/products/tibco-activematrix-businessworks-plug-in-for-edi-standard-edition-6-3-1,0,
tibco-activematrix-businessworks-plug-in-for-ejb,TIBCO ActiveMatrix BusinessWorks™ Plug-in for EJB,https://docs.tibco.com/products/tibco-activematrix-businessworks-plug-in-for-ejb,5,,3,https://docs.tibco.com/products/tibco-activematrix-businessworks-plug-in-for-ejb-6-1-0 | https://docs.tibco.com/products/tibco-activematrix-businessworks-plug-in-for-ejb-6-1-1 | https://docs.tibco.com/products/tibco-activematrix-businessworks-plug-in-for-ejb-5-4-0,2,https://docs.tibco.com/pub/bwpluginejb/tibco-activematrix-businessworks-plug-in-for-ejb-6-0-0_documentation.zip | https://docs.tibco.com/pub/businessworks_ejb_plugin/tibco-businessworks-ejb-plug-in-5-3-0_documentation.zip
tibco-activematrix-businessworks-plug-in-for-facebook,TIBCO ActiveMatrix BusinessWorks™ Plug-in for Facebook,https://docs.tibco.com/products/tibco-activematrix-businessworks-plug-in-for-facebook,14,,5,https://docs.tibco.com/products/tibco-activematrix-businessworks-plug-in-for-facebook-1-2-0 | https://docs.tibco.com/products/tibco-activematrix-businessworks-plug-in-for-facebook-6-4-0 | https://docs.tibco.com/products/tibco-activematrix-businessworks-plug-in-for-facebook-1-3-0 | https://docs.tibco.com/products/tibco-activematrix-businessworks-plug-in-for-facebook-6-5-0 | https://docs.tibco.com/products/tibco-activematrix-businessworks-plug-in-for-facebook-1-4-0,9,https://docs.tibco.com/pub/bwpluginfacebook/tibco-activematrix-businessworks-plug-in-for-facebook-6-3-0_documentation.zip | https://docs.tibco.com/pub/bwpluginfacebook/tibco-activematrix-businessworks-plug-in-for-facebook-6-2-0_documentation.zip | https://docs.tibco.com/pub/activematrix_businessworks_plugin_for_facebook/tibco-activematrix-businessworks-plug-in-for-facebook-6-1-0_documentation.zip | https://docs.tibco.com/pub/activematrix_businessworks_plugin_for_facebook/tibco-activematrix-businessworks-plug-in-for-facebook-6-0-2_documentation.zip | https://docs.tibco.com/pub/activematrix_businessworks_plugin_for_facebook/tibco-activematrix-businessworks-plug-in-for-facebook-6-0-1_documentation.zip | https://docs.tibco.com/pub/activematrix_businessworks_plugin_for_facebook/tibco-activematrix-businessworks-plug-in-for-facebook-6-0-0_documentation.zip | https://docs.tibco.com/pub/bwpluginfacebook/tibco-activematrix-businessworks-plug-in-for-facebook-1-1-0_documentation.zip | https://docs.tibco.com/pub/activematrix_businessworks_plugin_for_facebook/tibco-activematrix-businessworks-plug-in-for-facebook-1-0-1_documentation.zip | https://docs.tibco.com/pub/activematrix_businessworks_plugin_for_facebook/tibco-activematrix-businessworks-plug-in-for-facebook-1-0-0_documentation.zip
tibco-activematrix-businessworks-plug-in-for-files-for-unix-and-windows,TIBCO ActiveMatrix BusinessWorks™ Plug-in for Files for Unix and Windows,https://docs.tibco.com/products/tibco-activematrix-businessworks-plug-in-for-files-for-unix-and-windows,11,,3,https://docs.tibco.com/products/tibco-activematrix-businessworks-plug-in-for-files-for-unix-and-windows-8-1-0 | https://docs.tibco.com/products/tibco-activematrix-businessworks-plug-in-for-files-for-unix-and-windows-8-2-0 | https://docs.tibco.com/products/tibco-activematrix-businessworks-plug-in-for-files-for-unix-and-windows-8-3-0,8,https://docs.tibco.com/pub/bwpluginfiles/tibco-activematrix-businessworks-plug-in-for-files-for-unix-and-windows-8-0-0_documentation.zip | https://docs.tibco.com/pub/adfiles/tibco-activematrix-adapter-for-files-for-unix-win-7-1-1_documentation.zip | https://docs.tibco.com/pub/adfiles/tibco-activematrix-adapter-for-files-for-unix-win-7-1-0_documentation.zip | https://docs.tibco.com/pub/adfiles/tibco-activematrix-adapter-for-files-7-0-0_documentation.zip | https://docs.tibco.com/pub/activematrix-adapter-for-files/tibco-activematrix-adapter-for-files-6-2-1_documentation.zip | https://docs.tibco.com/pub/activematrix-adapter-for-files/tibco-activematrix-adapter-for-files-6-2-0_documentation.zip | https://docs.tibco.com/pub/activematrix-adapter-for-files/tibco-activematrix-adapter-for-files-6-1-0_documentation.zip | https://docs.tibco.com/pub/activematrix-adapter-for-files/tibco-activematrix-adapter-for-files-6-0-0_documentation.zip
tibco-activematrix-businessworks-plug-in-for-formvine,TIBCO ActiveMatrix BusinessWorks™ Plug-in for Formvine®,https://docs.tibco.com/products/tibco-activematrix-businessworks-plug-in-for-formvine,1,,0,,1,https://docs.tibco.com/pub/activematrix-businessworks-plugin-for-formvine/tibco-activematrix-businessworks-plug-in-for-formvine-1-0-0_documentation.zip
tibco-activematrix-businessworks-plug-in-for-google-bigquery,TIBCO ActiveMatrix BusinessWorks™ Plug-in for Google BigQuery,https://docs.tibco.com/products/tibco-activematrix-businessworks-plug-in-for-google-bigquery,2,,1,https://docs.tibco.com/products/tibco-activematrix-businessworks-plug-in-for-google-bigquery-6-1-0,1,https://docs.tibco.com/pub/bwpluginbigquery/tibco-activematrix-businessworks-plug-in-for-google-bigquery-6-0-0_documentation.zip
tibco-activematrix-businessworks-plug-in-for-google-cloud-pub-sub,TIBCO ActiveMatrix BusinessWorks™ Plug-in for Google Cloud Pub/Sub,https://docs.tibco.com/products/tibco-activematrix-businessworks-plug-in-for-google-cloud-pub-sub,3,,1,https://docs.tibco.com/products/tibco-activematrix-businessworks-plug-in-for-google-cloud-pub-sub-6-0-2,2,https://docs.tibco.com/pub/bwplugingooglecps/tibco-activematrix-businessworks-plug-in-for-google-cloud-pub-sub-6-0-1_documentation.zip | https://docs.tibco.com/pub/bwplugingooglecps/tibco-activematrix-businessworks-plug-in-for-google-cloud-pub-sub-6-0-0_documentation.zip
tibco-activematrix-businessworks-plug-in-for-google-cloud-storage,TIBCO ActiveMatrix BusinessWorks™ Plug-in for Google Cloud Storage,https://docs.tibco.com/products/tibco-activematrix-businessworks-plug-in-for-google-cloud-storage,1,,1,https://docs.tibco.com/products/tibco-activematrix-businessworks-plug-in-for-google-cloud-storage-6-0-0,0,
tibco-activematrix-businessworks-plug-in-for-hl7-with-fhir,TIBCO ActiveMatrix BusinessWorks™ Plug-in for HL7 with FHIR,https://docs.tibco.com/products/tibco-activematrix-businessworks-plug-in-for-hl7-with-fhir,12,,9,https://docs.tibco.com/products/tibco-activematrix-businessworks-plug-in-for-hl7-6-0-0 | https://docs.tibco.com/products/tibco-activematrix-businessworks-plug-in-for-hl7-7-0-0 | https://docs.tibco.com/products/tibco-activematrix-businessworks-plug-in-for-hl7-7-3-0 | https://docs.tibco.com/products/tibco-activematrix-businessworks-plug-in-for-hl7-with-fhir-8-2-0 | https://docs.tibco.com/products/tibco-activematrix-businessworks-plug-in-for-hl7-with-fhir-8-2-1 | https://docs.tibco.com/products/tibco-activematrix-businessworks-plug-in-for-hl7-with-fhir-8-3-0 | https://docs.tibco.com/products/tibco-activematrix-businessworks-plug-in-for-hl7-with-fhir-8-4-0 | https://docs.tibco.com/products/tibco-activematrix-businessworks-plug-in-for-hl7-with-fhir-8-5-0 | https://docs.tibco.com/products/tibco-activematrix-businessworks-plug-in-for-hl7-with-fhir-8-6-0,3,https://docs.tibco.com/pub/bwpluginhl7/tibco-activematrix-businessworks-plug-in-for-hl7-with-fhir-8-1-0_documentation.zip | https://docs.tibco.com/pub/bwpluginhl7/tibco-activematrix-businessworks-plug-in-for-hl7-with-fhir-8-0-0_documentation.zip | https://docs.tibco.com/pub/bwpluginhl7/tibco-activematrix-businessworks-plug-in-for-hl7-7-3-1_documentation.zip
tibco-activematrix-businessworks-plug-in-for-ibm-mq,TIBCO ActiveMatrix BusinessWorks™ Plug-in for IBM MQ,https://docs.tibco.com/products/tibco-activematrix-businessworks-plug-in-for-ibm-mq,22,,6,https://docs.tibco.com/products/tibco-activematrix-businessworks-plug-in-for-ibm-mq-8-7-0 | https://docs.tibco.com/products/tibco-activematrix-businessworks-plug-in-for-ibm-mq-7-7-3 | https://docs.tibco.com/products/tibco-activematrix-businessworks-plug-in-for-ibm-mq-7-8-0 | https://docs.tibco.com/products/tibco-activematrix-businessworks-plug-in-for-ibm-mq-8-8-0 | https://docs.tibco.com/products/tibco-activematrix-businessworks-plug-in-for-ibm-mq-8-8-1 | https://docs.tibco.com/products/tibco-activematrix-businessworks-plug-in-for-ibm-mq-8-8-2,16,https://docs.tibco.com/pub/bwmq/tibco-activematrix-businessworks-plug-in-for-websphere-mq-8-6-0_documentation.zip | https://docs.tibco.com/pub/bwmq/tibco-activematrix-businessworks-plug-in-for-websphere-mq-8-5-1_documentation.zip | https://docs.tibco.com/pub/activematrix-businessworks-plugin-for-websphere-mq/tibco-activematrix-businessworks-plug-in-for-websphere-mq-8-5-0_documentation.zip | https://docs.tibco.com/pub/activematrix-businessworks-plugin-for-websphere-mq/tibco-activematrix-businessworks-plug-in-for-websphere-mq-8-4-0_documentation.zip | https://docs.tibco.com/pub/activematrix-businessworks-plugin-for-websphere-mq/tibco-activematrix-businessworks-plug-in-for-websphere-mq-8-3-1_documentation.zip | https://docs.tibco.com/pub/activematrix-businessworks-plugin-for-websphere-mq/tibco-activematrix-businessworks-plug-in-for-websphere-mq-8-3-0_documentation.zip | https://docs.tibco.com/pub/activematrix-businessworks-plugin-for-websphere-mq/tibco-activematrix-businessworks-plug-in-for-websphere-mq-8-2-0_documentation.zip | https://docs.tibco.com/pub/activematrix-businessworks-plugin-for-websphere-mq/tibco-activematrix-businessworks-plug-in-for-websphere-mq-8-1-0_documentation.zip | https://docs.tibco.com/pub/bwpluginmq/tibco-activematrix-businessworks-plug-in-for-ibm-mq-7-7-2_documentation.zip | https://docs.tibco.com/pub/bwpluginmq/tibco-activematrix-businessworks-plug-in-for-ibm-mq-7-7-1_documentation.zip | https://docs.tibco.com/pub/bwpluginmq/tibco-activematrix-businessworks-plug-in-for-websphere-mq-7-7-0_documentation.zip | https://docs.tibco.com/pub/activematrix-businessworks-plugin-for-websphere-mq/tibco-activematrix-businessworks-plug-in-for-websphere-mq-7-6-0_documentation.zip | https://docs.tibco.com/pub/activematrix-businessworks-plugin-for-websphere-mq/tibco-activematrix-businessworks-plug-in-for-websphere-mq-7-5-0_documentation.zip | https://docs.tibco.com/pub/activematrix-businessworks-plugin-for-websphere-mq/tibco-activematrix-businessworks-plug-in-for-websphere-mq-7-4-0_documentation.zip | https://docs.tibco.com/pub/activematrix-businessworks-plugin-for-websphere-mq/tibco-activematrix-businessworks-plug-in-for-websphere-mq-7-3-0_documentation.zip | https://docs.tibco.com/pub/activematrix-businessworks-plugin-for-websphere-mq/tibco-activematrix-businessworks-plug-in-for-websphere-mq-7-2-0_documentation.zip
tibco-activematrix-businessworks-plug-in-for-jd-edwards-enterpriseone,TIBCO ActiveMatrix BusinessWorks™ Plug-in for JD Edwards EnterpriseOne,https://docs.tibco.com/products/tibco-activematrix-businessworks-plug-in-for-jd-edwards-enterpriseone,3,,2,https://docs.tibco.com/products/tibco-activematrix-businessworks-plug-in-for-jd-edwards-enterpriseone-7-0-1 | https://docs.tibco.com/products/tibco-activematrix-businessworks-plug-in-for-jd-edwards-enterpriseone-7-1-0,1,https://docs.tibco.com/pub/bwpluginjde/tibco-activematrix-businessworks-plug-in-for-jd-edwards-enterpriseone-7-0-0_documentation.zip
tibco-activematrix-businessworks-plug-in-for-large-xml,TIBCO ActiveMatrix BusinessWorks™ Plug-in for Large XML,https://docs.tibco.com/products/tibco-activematrix-businessworks-plug-in-for-large-xml,8,,4,https://docs.tibco.com/products/tibco-activematrix-businessworks-plug-in-for-large-xml-1-1-0 | https://docs.tibco.com/products/tibco-activematrix-businessworks-plug-in-for-large-xml-6-1-2 | https://docs.tibco.com/products/tibco-activematrix-businessworks-plug-in-for-large-xml-6-1-3 | https://docs.tibco.com/products/tibco-activematrix-businessworks-plug-in-for-large-xml-6-1-4,4,https://docs.tibco.com/pub/bwlx/tibco-activematrix-businessworks-plug-in-for-large-xml-6-1-1_documentation.zip | https://docs.tibco.com/pub/bwlx/tibco-activematrix-businessworks-plug-in-for-large-xml-6-1-0_documentation.zip | https://docs.tibco.com/pub/bwlx/tibco-activematrix-businessworks-plug-in-for-large-xml-6-0-0_documentation.zip | https://docs.tibco.com/pub/activematrix-businessworks-plugin-for-large-XML/tibco-activematrix-businessworks-plug-in-for-large-xml-1-0-0_documentation.zip
tibco-activematrix-businessworks-plug-in-for-ldap,TIBCO ActiveMatrix BusinessWorks™ Plug-in for LDAP,https://docs.tibco.com/products/tibco-activematrix-businessworks-plug-in-for-ldap,9,,3,https://docs.tibco.com/products/tibco-activematrix-businessworks-plug-in-for-ldap-7-2-0 | https://docs.tibco.com/products/tibco-activematrix-adapter-for-ldap-6-1-2 | https://docs.tibco.com/products/tibco-activematrix-businessworks-plug-in-for-ldap-7-3-0,6,https://docs.tibco.com/pub/bwpluginldap/tibco-activematrix-businessworks-plug-in-for-ldap-7-1-1_documentation.zip | https://docs.tibco.com/pub/bwpluginldap/tibco-activematrix-businessworks-plug-in-for-ldap-7-1-0_documentation.zip | https://docs.tibco.com/pub/bwpluginldap/tibco-activematrix-businessworks-plug-in-for-ldap-7-0-0_documentation.zip | https://docs.tibco.com/pub/adldap-zlinux/tibco-activematrix-adapter-for-ldap-6-1-1_documentation.zip | https://docs.tibco.com/pub/activematrix-adapter-for-ldap/tibco-activematrix-adapter-for-ldap-6-1-0_documentation.zip | https://docs.tibco.com/pub/activematrix-adapter-for-ldap/tibco-activematrix-adapter-for-ldap-6-0-0_documentation.zip
tibco-activematrix-businessworks-plug-in-for-marketo,TIBCO ActiveMatrix BusinessWorks™ Plug-in for Marketo,https://docs.tibco.com/products/tibco-activematrix-businessworks-plug-in-for-marketo,7,,4,https://docs.tibco.com/products/tibco-activematrix-businessworks-plug-in-for-marketo-7-1-0 | https://docs.tibco.com/products/tibco-activematrix-businessworks-plug-in-for-marketo-7-2-0 | https://docs.tibco.com/products/tibco-activematrix-businessworks-plug-in-for-marketo-7-2-1 | https://docs.tibco.com/products/tibco-activematrix-businessworks-plug-in-for-marketo-7-2-2,3,https://docs.tibco.com/pub/activematrix-businessworks-plugin-for-marketo/tibco-activematrix-businessworks-plug-in-for-marketo-7-0-0_documentation.zip | https://docs.tibco.com/pub/activematrix-businessworks-plugin-for-marketo/tibco-activematrix-businessworks-plug-in-for-marketo-6-0-1_documentation.zip | https://docs.tibco.com/pub/activematrix-businessworks-plugin-for-marketo/tibco-activematrix-businessworks-plug-in-for-marketo-6-0-0_documentation.zip
tibco-activematrix-businessworks-plug-in-for-mdm,TIBCO ActiveMatrix BusinessWorks™ Plug-in for MDM,https://docs.tibco.com/products/tibco-activematrix-businessworks-plug-in-for-mdm,12,,4,https://docs.tibco.com/products/tibco-activematrix-businessworks-plug-in-for-mdm-6-3-1 | https://docs.tibco.com/products/tibco-activematrix-businessworks-plug-in-for-ibi-mdm-7-0-0 | https://docs.tibco.com/products/tibco-activematrix-businessworks-plug-in-for-mdm-7-0-1 | https://docs.tibco.com/products/tibco-activematrix-businessworks-plug-in-for-mdm-7-0-2,8,https://docs.tibco.com/pub/bwpluginmdm/tibco-activematrix-businessworks-plug-in-for-mdm-6-5-0_documentation.zip | https://docs.tibco.com/pub/bwpluginmdm/tibco-activematrix-businessworks-plug-in-for-mdm-6-4-0_documentation.zip | https://docs.tibco.com/pub/activematrix_businessworks_plugin_for_mdm/tibco-activematrix-businessworks-plug-in-for-mdm-6-3-0_documentation.zip | https://docs.tibco.com/pub/activematrix_businessworks_plugin_for_mdm/tibco-activematrix-businessworks-plug-in-for-mdm-6-0-1_documentation.zip | https://docs.tibco.com/pub/activematrix_businessworks_plugin _for_mdm/tibco-activematrix-businessworks-plug-in-for-mdm-6-0-0_documentation.zip | https://docs.tibco.com/pub/activematrix_businessworks_plugin_for_mdm/tibco-activematrix-businessworks-plug-in-for-mdm-2-0-0_documentation.zip | https://docs.tibco.com/pub/activematrix_businessworks_plugin _for_mdm/tibco-activematrix-businessworks-plug-in-for-mdm-1-0-1_documentation.zip | https://docs.tibco.com/pub/activematrix_businessworks_plugin _for_mdm/tibco-activematrix-businessworks-plug-in-for-mdm-1-0-0_documentation.zip
tibco-activematrix-businessworks-plug-in-for-microsoft-excel,TIBCO ActiveMatrix BusinessWorks™ Plug-in for Microsoft Excel,https://docs.tibco.com/products/tibco-activematrix-businessworks-plug-in-for-microsoft-excel,3,,2,https://docs.tibco.com/products/tibco-activematrix-businessworks-plug-in-for-microsoft-excel-6-1-0 | https://docs.tibco.com/products/tibco-activematrix-businessworks-plug-in-for-microsoft-excel-6-1-1,1,https://docs.tibco.com/pub/bwpluginexcel/tibco-activematrix-businessworks-plug-in-for-microsoft-excel-6-0-0_documentation.zip
tibco-activematrix-businessworks-plug-in-for-microsoft-sharepoint,TIBCO ActiveMatrix BusinessWorks™ Plug-in for Microsoft SharePoint,https://docs.tibco.com/products/tibco-activematrix-businessworks-plug-in-for-microsoft-sharepoint,12,,3,https://docs.tibco.com/products/tibco-activematrix-businessworks-plug-in-for-microsoft-sharepoint-6-3-0 | https://docs.tibco.com/products/tibco-activematrix-businessworks-plug-in-for-microsoft-sharepoint-6-3-1 | https://docs.tibco.com/products/tibco-activematrix-businessworks-plug-in-for-microsoft-sharepoint-6-4-0,9,https://docs.tibco.com/pub/bwpluginsharepoint/tibco-activematrix-businessworks-plug-in-for-microsoft-sharepoint-6-2-2_documentation.zip | https://docs.tibco.com/pub/bwpluginsharepoint/tibco-activematrix-businessworks-plug-in-for-microsoft-sharepoint-6-2-1_documentation.zip | https://docs.tibco.com/pub/bwpluginsharepoint/tibco-activematrix-businessworks-plug-in-for-microsoft-sharepoint-6-2-0_documentation.zip | https://docs.tibco.com/pub/bwpluginsharepoint/tibco-activematrix-businessworks-plug-in-for-microsoft-sharepoint-6-1-1_documentation.zip | https://docs.tibco.com/pub/activematrix_businessworks_plugin_for_microsoft_sharepoint/tibco-activematrix-businessworks-plug-in-for-microsoft-sharepoint-6-1-0_documentation.zip | https://docs.tibco.com/pub/activematrix_businessworks_plugin_for_microsoft_sharepoint/tibco-activematrix-businessworks-plug-in-for-microsoft-sharepoint-6-0-1_documentation.zip | https://docs.tibco.com/pub/activematrix_businessworks_plugin_for_microsoft_sharepoint/tibco-activematrix-businessworks-plug-in-for-microsoft-sharepoint-6-0-0_documentation.zip | https://docs.tibco.com/pub/activematrix_businessworks_plugin_for_microsoft_sharepoint/tibco-activematrix-businessworks-plug-in-for-microsoft-sharepoint-1-1-0_documentation.zip | https://docs.tibco.com/pub/activematrix_businessworks_plugin_for_microsoft_sharepoint/tibco-activematrix-businessworks-plug-in-for-microsoft-sharepoint-1-0-0_documentation.zip
tibco-activematrix-businessworks-plug-in-for-mobile-integration,TIBCO ActiveMatrix BusinessWorks™ Plug-in for Mobile Integration,https://docs.tibco.com/products/tibco-activematrix-businessworks-plug-in-for-mobile-integration,13,,8,https://docs.tibco.com/products/tibco-activematrix-businessworks-plug-in-for-mobile-integration-1-0-0 | https://docs.tibco.com/products/tibco-activematrix-businessworks-plug-in-for-mobile-integration-2-0-0 | https://docs.tibco.com/products/tibco-activematrix-businessworks-plug-in-for-mobile-integration-6-2-0 | https://docs.tibco.com/products/tibco-activematrix-businessworks-plug-in-for-mobile-integration-1-2-0 | https://docs.tibco.com/products/tibco-activematrix-businessworks-plug-in-for-mobile-integration-6-3-0 | https://docs.tibco.com/products/tibco-activematrix-businessworks-plug-in-for-mobile-integration-1-3-0 | https://docs.tibco.com/products/tibco-activematrix-businessworks-plug-in-for-mobile-integration-1-4-0 | https://docs.tibco.com/products/tibco-activematrix-businessworks-plug-in-for-mobile-integration-6-4-0,5,https://docs.tibco.com/pub/businessworks_plugin_mobile_integration/tibco-activematrix-businessworks-plug-in-for-mobile-integration-6-1-0_documentation.zip | https://docs.tibco.com/pub/bwmi/tibco-activematrix-businessworks-plug-in-for-mobile-integration-1-2-2_documentation.zip | https://docs.tibco.com/pub/bwmi/tibco-activematrix-businessworks-plug-in-for-mobile-integration-1-2-1_documentation.zip | https://docs.tibco.com/pub/bwmi/tibco-activematrix-businessworks-plug-in-for-mobile-integration-1-1-1_documentation.zip | https://docs.tibco.com/pub/businessworks_plugin_mobile_integration/tibco-activematrix-businessworks-plug-in-for-mobile-integration-1-1-0_documentation.zip
tibco-activematrix-businessworks-plug-in-for-mongodb,TIBCO ActiveMatrix BusinessWorks™ Plug-in for MongoDB,https://docs.tibco.com/products/tibco-activematrix-businessworks-plug-in-for-mongodb,15,,4,https://docs.tibco.com/products/tibco-activematrix-businessworks-plug-in-for-mongodb-6-4-1 | https://docs.tibco.com/products/tibco-activematrix-businessworks-plug-in-for-mongodb-6-4-2 | https://docs.tibco.com/products/tibco-activematrix-businessworks-plug-in-for-mongodb-1-2-0 | https://docs.tibco.com/products/tibco-activematrix-businessworks-plug-in-for-mongodb-6-5-0,11,https://docs.tibco.com/pub/bwpluginmongodb/tibco-activematrix-businessworks-plug-in-for-mongodb-6-4-0_documentation.zip | https://docs.tibco.com/pub/bwpluginmongodb/tibco-activematrix-businessworks-plug-in-for-mongodb-6-3-1_documentation.zip | https://docs.tibco.com/pub/bwpluginmongodb/tibco-activematrix-businessworks-plug-in-for-mongodb-6-3-0_documentation.zip | https://docs.tibco.com/pub/bwpluginmongodb/tibco-activematrix-businessworks-plug-in-for-mongodb-6-2-1_documentation.zip | https://docs.tibco.com/pub/bwpluginmongodb/tibco-activematrix-businessworks-plug-in-for-mongodb-6-2-0_documentation.zip | https://docs.tibco.com/pub/bwpluginmongodb/tibco-activematrix-businessworks-plug-in-for-mongodb-6-1-1_documentation.zip | https://docs.tibco.com/pub/bwpluginmongodb/tibco-activematrix-businessworks-plug-in-for-mongodb-6-1-0_documentation.zip | https://docs.tibco.com/pub/bwpluginmongodb/tibco-activematrix-businessworks-plug-in-for-mongodb-6-0-0_documentation.zip | https://docs.tibco.com/pub/bwpluginmongodb/tibco-activematrix-businessworks-plug-in-for-mongodb-1-1-1_documentation.zip | https://docs.tibco.com/pub/bwpluginmongodb/tibco-activematrix-businessworks-plug-in-for-mongodb-1-1-0_documentation.zip | https://docs.tibco.com/pub/bwpluginmongodb/tibco-activematrix-businessworks-plug-in-for-mongodb-1-0-0_documentation.zip
tibco-activematrix-businessworks-plug-in-for-netsuite,TIBCO ActiveMatrix BusinessWorks™ Plug-in for NetSuite,https://docs.tibco.com/products/tibco-activematrix-businessworks-plug-in-for-netsuite,16,,5,https://docs.tibco.com/products/tibco-activematrix-businessworks-plug-in-for-netsuite-1-2-0 | https://docs.tibco.com/products/tibco-activematrix-businessworks-plug-in-for-netsuite-6-3-5 | https://docs.tibco.com/products/tibco-activematrix-businessworks-plug-in-for-netsuite-6-3-6 | https://docs.tibco.com/products/tibco-activematrix-businessworks-plug-in-for-netsuite-1-3-0 | https://docs.tibco.com/products/tibco-activematrix-businessworks-plug-in-for-netsuite-6-4-0,11,https://docs.tibco.com/pub/bwpluginnetsuite/tibco-activematrix-businessworks-plug-in-for-netsuite-6-3-4_documentation.zip | https://docs.tibco.com/pub/bwpluginnetsuite/tibco-activematrix-businessworks-plug-in-for-netsuite-6-3-3_documentation.zip | https://docs.tibco.com/pub/bwpluginnetsuite/tibco-activematrix-businessworks-plug-in-for-netsuite-6-3-2_documentation.zip | https://docs.tibco.com/pub/bwpluginnetsuite/tibco-activematrix-businessworks-plug-in-for-netsuite-6-3-1_documentation.zip | https://docs.tibco.com/pub/bwpluginnetsuite/tibco-activematrix-businessworks-plug-in-for-netsuite-6-3-0_documentation.zip | https://docs.tibco.com/pub/bwpluginnetsuite/tibco-activematrix-businessworks-plug-in-for-netsuite-6-2-0_documentation.zip | https://docs.tibco.com/pub/bwpluginnetsuite/tibco-activematrix-businessworks-plug-in-for-netsuite-6-1-0_documentation.zip | https://docs.tibco.com/pub/bwpluginnetsuite/tibco-activematrix-businessworks-plug-in-for-netsuite-6-0-1_documentation.zip | https://docs.tibco.com/pub/activematrix_businessworks_plugin_for_netsuite/tibco-activematrix-businessworks-plug-in-for-netsuite-6-0-0_documentation.zip | https://docs.tibco.com/pub/bwnetsuite/tibco-activematrix-businessworks-plug-in-for-netsuite-1-1-0_documentation.zip | https://docs.tibco.com/pub/activematrix_businessworks_plugin_for_netsuite/tibco-activematrix-businessworks-plug-in-for-netsuite-1-0-0_documentation.zip
tibco-activematrix-businessworks-plug-in-for-odata,TIBCO ActiveMatrix BusinessWorks™ Plug-in for OData,https://docs.tibco.com/products/tibco-activematrix-businessworks-plug-in-for-odata,13,,5,https://docs.tibco.com/products/tibco-activematrix-businessworks-plug-in-for-odata-6-4-0 | https://docs.tibco.com/products/tibco-activematrix-businessworks-plug-in-for-odata-6-5-0 | https://docs.tibco.com/products/tibco-activematrix-businessworks-plug-in-for-odata-6-6-0 | https://docs.tibco.com/products/tibco-activematrix-businessworks-plug-in-for-odata-6-7-0 | https://docs.tibco.com/products/tibco-activematrix-businessworks-plug-in-for-odata-6-8-0,8,https://docs.tibco.com/pub/bwpluginodata/tibco-activematrix-businessworks-plug-in-for-odata-6-3-1_documentation.zip | https://docs.tibco.com/pub/bwpluginodata/tibco-activematrix-businessworks-plug-in-for-odata-6-3-0_documentation.zip | https://docs.tibco.com/pub/bwpluginodata/tibco-activematrix-businessworks-plug-in-for-odata-6-2-2_documentation.zip | https://docs.tibco.com/pub/bwpluginodata/tibco-activematrix-businessworks-plug-in-for-odata-6-2-1_documentation.zip | https://docs.tibco.com/pub/bwpluginodata/tibco-activematrix-businessworks-plug-in-for-odata-6-2-0_documentation.zip | https://docs.tibco.com/pub/bwpluginodata/tibco-activematrix-businessworks-plug-in-for-odata-6-1-0_documentation.zip | https://docs.tibco.com/pub/bwpluginodata/tibco-activematrix-businessworks-plug-in-for-odata-6-0-1_documentation.zip | https://docs.tibco.com/pub/bwpluginodata/tibco-activematrix-businessworks-plug-in-for-odata-6-0-0_documentation.zip
tibco-activematrix-businessworks-plug-in-for-odata-services-for-sap-s-4hana,TIBCO ActiveMatrix BusinessWorks™ Plug-in for OData Services for SAP S/4HANA,https://docs.tibco.com/products/tibco-activematrix-businessworks-plug-in-for-odata-services-for-sap-s-4hana,6,,1,https://docs.tibco.com/products/tibco-activematrix-businessworks-plug-in-for-odata-services-for-sap-s-4hana-6-4-0,5,https://docs.tibco.com/pub/bwplugins4hana/tibco-activematrix-businessworks-plug-in-for-odata-services-for-sap-s-4hana-6-3-0_documentation.zip | https://docs.tibco.com/pub/bwplugins4hana/tibco-activematrix-businessworks-plug-in-for-odata-services-for-sap-s-4hana-6-2-1_documentation.zip | https://docs.tibco.com/pub/bwplugins4hana/tibco-activematrix-businessworks-plug-in-for-odata-services-for-sap-s-4hana-6-2-0_documentation.zip | https://docs.tibco.com/pub/bwplugins4hana/tibco-activematrix-businessworks-plug-in-for-sap-s-4hana-cloud-6-1-0_documentation.zip | https://docs.tibco.com/pub/bwplugins4hana/tibco-activematrix-businessworks-plug-in-for-sap-s-4hana-cloud-6-0-0_documentation.zip
tibco-activematrix-businessworks-plug-in-for-openspirit,TIBCO ActiveMatrix BusinessWorks™ Plug-in for OpenSpirit®,https://docs.tibco.com/products/tibco-activematrix-businessworks-plug-in-for-openspirit,7,,0,,7,https://docs.tibco.com/pub/bwpluginopenspirit/tibco-activematrix-businessworks-plug-in-for-openspirit-2-0-0_documentation.zip | https://docs.tibco.com/pub/bwpluginopenspirit/tibco-activematrix-businessworks-plug-in-for-openspirit-1-5-0_documentation.zip | https://docs.tibco.com/pub/businessworks-openspirit-plugin/tibco-activematrix-businessworks-plug-in-for-openspirit-1-4-0_documentation.zip | https://docs.tibco.com/pub/businessworks-openspirit-plugin/tibco-activematrix-businessworks-plug-in-for-openspirit-1-3-0_documentation.zip | https://docs.tibco.com/pub/businessworks-openspirit-plugin/tibco-activematrix-businessworks-plug-in-for-openspirit-1-2-0_documentation.zip | https://docs.tibco.com/pub/businessworks-openspirit-plugin/tibco-activematrix-businessworks-plug-in-for-openspirit-1-1-0_documentation.zip | https://docs.tibco.com/pub/businessworks-openspirit-plugin/tibco-activematrix-businessworks-plug-in-for-openspirit-1-0-0_documentation.zip
tibco-activematrix-businessworks-plug-in-for-oracle-e-business-suite,TIBCO ActiveMatrix BusinessWorks™ Plug-in for Oracle E-Business Suite,https://docs.tibco.com/products/tibco-activematrix-businessworks-plug-in-for-oracle-e-business-suite,8,,5,https://docs.tibco.com/products/tibco-activematrix-businessworks-plug-in-for-oracle-e-business-suite-6-0-0 | https://docs.tibco.com/products/tibco-activematrix-businessworks-plug-in-for-oracle-e-business-suite-1-3-0 | https://docs.tibco.com/products/tibco-activematrix-businessworks-plug-in-for-oracle-e-business-suite-6-1-0 | https://docs.tibco.com/products/tibco-activematrix-businessworks-plug-in-for-oracle-e-business-suite-6-1-1 | https://docs.tibco.com/products/tibco-activematrix-businessworks-plug-in-for-oracle-e-business-suite-6-1-2,3,https://docs.tibco.com/pub/activematrix_businessworks_plugin_for_oracle_e-business_suite/tibco-activematrix-businessworks-plug-in-for-oracle-e-business-suite-1-2-0_documentation.zip | https://docs.tibco.com/pub/activematrix_businessworks_plugin_for_oracle_e-business_suite/tibco-activematrix-businessworks-plug-in-for-oracle-e-business-suite-1-1-0_documentation.zip | https://docs.tibco.com/pub/activematrix_businessworks_plugin_for_oracle_e-business_suite/tibco-activematrix-businessworks-plug-in-for-oracle-e-business-suite-1-0-0_documentation.zip
tibco-activematrix-businessworks-plug-in-for-oracle-fusion-cloud-applications-suite,TIBCO ActiveMatrix BusinessWorks™ Plug-in for Oracle Fusion Cloud Applications Suite,https://docs.tibco.com/products/tibco-activematrix-businessworks-plug-in-for-oracle-fusion-cloud-applications-suite,1,,1,https://docs.tibco.com/products/tibco-activematrix-businessworks-plug-in-for-oracle-fusion-cloud-applications-suite-6-0-0,0,
tibco-activematrix-businessworks-plug-in-for-oracle-tuxedo,TIBCO ActiveMatrix BusinessWorks™ Plug-in for Oracle Tuxedo,https://docs.tibco.com/products/tibco-activematrix-businessworks-plug-in-for-oracle-tuxedo,11,,6,https://docs.tibco.com/products/tibco-activematrix-adapter-for-tuxedo-6-0-0 | https://docs.tibco.com/products/tibco-activematrix-adapter-for-tuxedo-6-1-0 | https://docs.tibco.com/products/tibco-activematrix-businessworks-plug-in-for-oracle-tuxedo-8-1-0 | https://docs.tibco.com/products/tibco-activematrix-businessworks-plug-in-for-oracle-tuxedo-8-2-0 | https://docs.tibco.com/products/tibco-activematrix-businessworks-plug-in-for-oracle-tuxedo-8-3-0 | https://docs.tibco.com/products/tibco-activematrix-adapter-for-tuxedo-6-1-1,5,https://docs.tibco.com/pub/bwplugintuxedo/tibco-activematrix-businessworks-plug-in-for-oracle-tuxedo-8-0-1_documentation.zip | https://docs.tibco.com/pub/bwplugintuxedo/tibco-activematrix-businessworks-plug-in-for-oracle-tuxedo-8-0-0_documentation.zip | https://docs.tibco.com/pub/bwplugintuxedo/tibco-activematrix-businessworks-plug-in-for-oracle-tuxedo-7-0-2_documentation.zip | https://docs.tibco.com/pub/bwplugintuxedo/tibco-activematrix-businessworks-plug-in-for-oracle-tuxedo-7-0-1_documentation.zip | https://docs.tibco.com/pub/bwplugintuxedo/tibco-activematrix-businessworks-plug-in-for-oracle-tuxedo-7-0-0_documentation.zip
tibco-activematrix-businessworks-plug-in-for-osb,TIBCO ActiveMatrix BusinessWorks™ Plug-in for OSB,https://docs.tibco.com/products/tibco-activematrix-businessworks-plug-in-for-osb,2,,2,https://docs.tibco.com/products/tibco-activematrix-businessworks-plug-in-for-osb-6-0-0 | https://docs.tibco.com/products/tibco-activematrix-businessworks-plug-in-for-osb-5-0-0,0,
tibco-activematrix-businessworks-plug-in-for-osisoft-pi-system,TIBCO ActiveMatrix BusinessWorks™ Plug-in for OSIsoft PI System,https://docs.tibco.com/products/tibco-activematrix-businessworks-plug-in-for-osisoft-pi-system,8,,4,https://docs.tibco.com/products/tibco-activematrix-adapter-for-osisoft-pi-1-0-0 | https://docs.tibco.com/products/tibco-activematrix-adapter-for-osisoft-pi-1-1-0 | https://docs.tibco.com/products/tibco-activematrix-businessworks-plug-in-for-osisoft-pi-system-6-4-0 | https://docs.tibco.com/products/tibco-activematrix-businessworks-plug-in-for-osisoft-pi-system-6-5-0,4,https://docs.tibco.com/pub/bwpluginpi/tibco-activematrix-businessworks-plug-in-for-osisoft-pi-system-6-3-0_documentation.zip | https://docs.tibco.com/pub/bwpluginpi/tibco-activematrix-businessworks-plug-in-for-osisoft-pi-system-6-2-0_documentation.zip | https://docs.tibco.com/pub/bwpluginpi/tibco-activematrix-businessworks-plug-in-for-osisoft-pi-system-6-1-0_documentation.zip | https://docs.tibco.com/pub/bwpluginpi/tibco-activematrix-businessworks-plug-in-for-osisoft-pi-system-6-0-0_documentation.zip
tibco-activematrix-businessworks-plug-in-for-pdf,TIBCO ActiveMatrix BusinessWorks™ Plug-in for PDF,https://docs.tibco.com/products/tibco-activematrix-businessworks-plug-in-for-pdf,7,,2,https://docs.tibco.com/products/tibco-activematrix-businessworks-plug-in-for-pdf-6-2-2 | https://docs.tibco.com/products/tibco-activematrix-businessworks-plug-in-for-pdf-6-2-3,5,https://docs.tibco.com/pub/bwpluginpdf/tibco-activematrix-businessworks-plug-in-for-pdf-6-2-1_documentation.zip | https://docs.tibco.com/pub/bwpluginpdf/tibco-activematrix-businessworks-plug-in-for-pdf-6-2-0_documentation.zip | https://docs.tibco.com/pub/bwpluginpdf/tibco-activematrix-businessworks-plug-in-for-pdf-6-1-0_documentation.zip | https://docs.tibco.com/pub/bwpluginpdf/tibco-activematrix-businessworks-plug-in-for-pdf-6-0-0_documentation.zip | https://docs.tibco.com/pub/bwpluginpdf/tibco-activematrix-businessworks-plug-in-for-pdf-1-0-0_documentation.zip
tibco-activematrix-businessworks-plug-in-for-peoplesoft,TIBCO ActiveMatrix BusinessWorks™ Plug-in for PeopleSoft,https://docs.tibco.com/products/tibco-activematrix-businessworks-plug-in-for-peoplesoft,8,,4,https://docs.tibco.com/products/tibco-activematrix-adapter-for-peoplesoft-6-1-0 | https://docs.tibco.com/products/tibco-activematrix-businessworks-plug-in-for-peoplesoft-7-2-0 | https://docs.tibco.com/products/tibco-activematrix-businessworks-plug-in-for-peoplesoft-7-3-0 | https://docs.tibco.com/products/tibco-activematrix-businessworks-plug-in-for-peoplesoft-7-4-0,4,https://docs.tibco.com/pub/bwpluginpeoplesoft/tibco-activematrix-businessworks-plug-in-for-peoplesoft-7-1-0_documentation.zip | https://docs.tibco.com/pub/bwpluginpeoplesoft/tibco-activematrix-businessworks-plug-in-for-peoplesoft-7-0-1_documentation.zip | https://docs.tibco.com/pub/bwpluginpeoplesoft/tibco-activematrix-businessworks-plug-in-for-peoplesoft-7-0-0_documentation.zip | https://docs.tibco.com/pub/activematrix-adapter-for-peoplesoft/tibco-activematrix-adapter-for-peoplesoft-6-0-0_documentation.zip
tibco-activematrix-businessworks-plug-in-for-redis,TIBCO ActiveMatrix BusinessWorks™ Plug-in for Redis,https://docs.tibco.com/products/tibco-activematrix-businessworks-plug-in-for-redis,2,,2,https://docs.tibco.com/products/tibco-activematrix-businessworks-plug-in-for-redis-6-1-0 | https://docs.tibco.com/products/tibco-activematrix-businessworks-plug-in-for-redis-6-0-0,0,
tibco-activematrix-businessworks-plug-in-for-rest-and-json,TIBCO ActiveMatrix BusinessWorks™ Plug-in for REST and JSON,https://docs.tibco.com/products/tibco-activematrix-businessworks-plug-in-for-rest-and-json,6,,5,https://docs.tibco.com/products/tibco-activematrix-businessworks-plug-in-for-rest-and-json-1-1-0 | https://docs.tibco.com/products/tibco-activematrix-businessworks-plug-in-for-rest-and-json-1-1-1 | https://docs.tibco.com/products/tibco-activematrix-businessworks-plug-in-for-rest-and-json-2-0-0 | https://docs.tibco.com/products/tibco-activematrix-businessworks-plug-in-for-rest-and-json-2-0-1 | https://docs.tibco.com/products/tibco-activematrix-businessworks-plug-in-for-rest-and-json-2-1-0,1,https://docs.tibco.com/pub/activematrix-businessworks-plugin-for-rest-and-json/tibco-activematrix-businessworks-plug-in-for-rest-and-json-1-0-0_documentation.zip
tibco-activematrix-businessworks-plug-in-for-salesforce-com,TIBCO ActiveMatrix BusinessWorks™ Plug-in for Salesforce.com,https://docs.tibco.com/products/tibco-activematrix-businessworks-plug-in-for-salesforce-com,25,,6,https://docs.tibco.com/products/tibco-activematrix-businessworks-plug-in-for-salesforce-com-6-9-0 | https://docs.tibco.com/products/tibco-activematrix-businessworks-plug-in-for-salesforce-com-6-9-1 | https://docs.tibco.com/products/tibco-activematrix-businessworks-plug-in-for-salesforce-com-6-9-2 | https://docs.tibco.com/products/tibco-activematrix-businessworks-plug-in-for-salesforce-com-6-9-3 | https://docs.tibco.com/products/tibco-activematrix-businessworks-plug-in-for-salesforce-com-6-10-0 | https://docs.tibco.com/products/tibco-activematrix-businessworks-plug-in-for-salesforce-com-6-11-0,19,https://docs.tibco.com/pub/bwpluginsalesforce/tibco-activematrix-businessworks-plug-in-for-salesforce-com-6-8-0_documentation.zip | https://docs.tibco.com/pub/bwpluginsalesforce/tibco-activematrix-businessworks-plug-in-for-salesforce-com-6-7-0_documentation.zip | https://docs.tibco.com/pub/bwpluginsalesforce/tibco-activematrix-businessworks-plug-in-for-salesforce-com-6-6-0_documentation.zip | https://docs.tibco.com/pub/bwpluginsalesforce/tibco-activematrix-businessworks-plug-in-for-salesforce-com-6-5-2_documentation.zip | https://docs.tibco.com/pub/bwpluginsalesforce/tibco-activematrix-businessworks-plug-in-for-salesforce-com-6-5-1_documentation.zip | https://docs.tibco.com/pub/bwpluginsalesforce/tibco-activematrix-businessworks-plug-in-for-salesforce-com-6-5-0_documentation.zip | https://docs.tibco.com/pub/bwpluginsalesforce/tibco-activematrix-businessworks-plug-in-for-salesforce-com-6-4-0_documentation.zip | https://docs.tibco.com/pub/bwpluginsalesforce/tibco-activematrix-businessworks-plug-in-for-salesforce-com-6-3-0_documentation.zip | https://docs.tibco.com/pub/bwpluginsalesforce/tibco-activematrix-businessworks-plug-in-for-salesforce-com-6-2-1_documentation.zip | https://docs.tibco.com/pub/bwpluginsalesforce/tibco-activematrix-businessworks-plug-in-for-salesforce-com-6-2-0_documentation.zip | https://docs.tibco.com/pub/bwpluginsalesforce/tibco-activematrix-businessworks-plug-in-for-salesforce-com-6-1-1_documentation.zip | https://docs.tibco.com/pub/bwpluginsalesforce/tibco-activematrix-businessworks-plug-in-for-salesforce-com-6-1-0_documentation.zip | https://docs.tibco.com/pub/businessworks_salesforce_plugin/tibco-activematrix-businessworks-plug-in-for-salesforce-com-6-0-1_documentation.zip | https://docs.tibco.com/pub/businessworks_salesforce_plugin/tibco-activematrix-businessworks-plug-in-for-salesforce-com-6-0-0_documentation.zip | https://docs.tibco.com/pub/bwpluginsalesforce/tibco-activematrix-businessworks-plug-in-for-salesforce-com-2-6-0_documentation.zip | https://docs.tibco.com/pub/bwpluginsalesforce/tibco-activematrix-businessworks-plug-in-for-salesforce-com-2-5-0_documentation.zip | https://docs.tibco.com/pub/businessworks_salesforce_plugin/tibco-activematrix-businessworks-plug-in-for-salesforce-com-2-4-1_documentation.zip | https://docs.tibco.com/pub/businessworks_salesforce_plugin/tibco-businessworks-salesforce-com-plug-in-2-4-0_documentation.zip | https://docs.tibco.com/pub/businessworks_salesforce_plugin/tibco-businessworks-salesforce-com-plug-in-2-3-0_documentation.zip
tibco-activematrix-businessworks-plug-in-for-sap-ariba,TIBCO ActiveMatrix BusinessWorks™ Plug-in for SAP Ariba,https://docs.tibco.com/products/tibco-activematrix-businessworks-plug-in-for-sap-ariba,1,,0,,1,https://docs.tibco.com/pub/bwpluginariba/tibco-activematrix-businessworks-plug-in-for-sap-ariba-6-0-0_documentation.zip
tibco-activematrix-businessworks-plug-in-for-sap-business-technology-platform,TIBCO ActiveMatrix BusinessWorks™ Plug-in for SAP Business Technology Platform,https://docs.tibco.com/products/tibco-activematrix-businessworks-plug-in-for-sap-business-technology-platform,1,,1,https://docs.tibco.com/products/tibco-activematrix-businessworks-plug-in-for-sap-business-technology-platform-6-0-0,0,
tibco-activematrix-businessworks-plug-in-for-sap-hana-database,TIBCO ActiveMatrix BusinessWorks™ Plug-in for SAP HANA Database,https://docs.tibco.com/products/tibco-activematrix-businessworks-plug-in-for-sap-hana-database,2,,1,https://docs.tibco.com/products/tibco-activematrix-businessworks-plug-in-for-sap-hana-database-6-1-0,1,https://docs.tibco.com/pub/bwpluginsaphanadatabase/tibco-activematrix-businessworks-plug-in-for-sap-hana-database-6-0-0_documentation.zip
tibco-activematrix-businessworks-plug-in-for-sap-solutions,TIBCO ActiveMatrix BusinessWorks™ Plug-in for SAP Solutions,https://docs.tibco.com/products/tibco-activematrix-businessworks-plug-in-for-sap-solutions,23,,8,https://docs.tibco.com/products/tibco-activematrix-adapter-for-sap-7-2-0 | https://docs.tibco.com/products/tibco-activematrix-adapter-for-sap-7-2-1 | https://docs.tibco.com/products/tibco-activematrix-adapter-for-sap-7-3-0 | https://docs.tibco.com/products/tibco-activematrix-businessworks-plug-in-for-sap-solutions-8-6-0 | https://docs.tibco.com/products/tibco-activematrix-adapter-for-sap-7-3-1 | https://docs.tibco.com/products/tibco-activematrix-businessworks-plug-in-for-sap-solutions-8-7-0 | https://docs.tibco.com/products/tibco-activematrix-businessworks-plug-in-for-sap-solutions-8-8-0 | https://docs.tibco.com/products/tibco-activematrix-adapter-for-sap-7-3-2,15,https://docs.tibco.com/pub/bwpluginsap/tibco-activematrix-businessworks-plug-in-for-sap-solutions-8-5-0_documentation.zip | https://docs.tibco.com/pub/bwpluginsap/tibco-activematrix-businessworks-plug-in-for-sap-solutions-8-4-0_documentation.zip | https://docs.tibco.com/pub/bwpluginsap/tibco-activematrix-businessworks-plug-in-for-sap-solutions-8-3-0_documentation.zip | https://docs.tibco.com/pub/bwpluginsap/tibco-activematrix-businessworks-plug-in-for-sap-solutions-8-2-2_documentation.zip | https://docs.tibco.com/pub/bwpluginsap/tibco-activematrix-businessworks-plug-in-for-sap-solutions-8-2-1_documentation.zip | https://docs.tibco.com/pub/bwpluginsap/tibco-activematrix-businessworks-plug-in-for-sap-solutions-8-2-0_documentation.zip | https://docs.tibco.com/pub/bwpluginsap/tibco-activematrix-businessworks-plug-in-for-sap-solutions-8-1-1_documentation.zip | https://docs.tibco.com/pub/bwpluginsap/tibco-activematrix-businessworks-plug-in-for-sap-8-1-0_documentation.zip | https://docs.tibco.com/pub/bwpluginsap/tibco-activematrix-businessworks-plug-in-for-sap-8-0-0_documentation.zip | https://docs.tibco.com/pub/adr3/tibco-activematrix-adapter-for-sap-7-1-0_documentation.zip | https://docs.tibco.com/pub/activematrix-adapter-for-sap/tibco-activematrix-adapter-for-sap-7-0-0_documentation.zip | https://docs.tibco.com/pub/activematrix-adapter-for-sap/tibco-activematrix-adapter-for-sap-6-2-1_documentation.zip | https://docs.tibco.com/pub/activematrix-adapter-for-sap/tibco-activematrix-adapter-for-sap-6-2-0_documentation.zip | https://docs.tibco.com/pub/activematrix-adapter-for-sap/tibco-activematrix-adapter-for-sap-6-1-0_documentation.zip | https://docs.tibco.com/pub/activematrix-adapter-for-sap/tibco-activematrix-adapter-for-sap-6-0-0_documentation.zip
tibco-activematrix-businessworks-plug-in-for-sap-successfactors,TIBCO ActiveMatrix BusinessWorks™ Plug-in for SAP SuccessFactors,https://docs.tibco.com/products/tibco-activematrix-businessworks-plug-in-for-sap-successfactors,2,,0,,2,https://docs.tibco.com/pub/bwpluginsapsuccessfactors/tibco-activematrix-businessworks-plug-in-for-sap-successfactors-6-1-0_documentation.zip | https://docs.tibco.com/pub/bwpluginsapsuccessfactors/tibco-activematrix-businessworks-plug-in-for-sap-successfactors-6-0-0_documentation.zip
tibco-activematrix-businessworks-plug-in-for-servicenow,TIBCO ActiveMatrix BusinessWorks™ Plug-in for ServiceNow,https://docs.tibco.com/products/tibco-activematrix-businessworks-plug-in-for-servicenow,2,,2,https://docs.tibco.com/products/tibco-activematrix-businessworks-plug-in-for-servicenow-6-1-0 | https://docs.tibco.com/products/tibco-activematrix-businessworks-plug-in-for-servicenow-6-0-0,0,
tibco-activematrix-businessworks-plug-in-for-sftp,TIBCO ActiveMatrix BusinessWorks™ Plug-in for sFTP,https://docs.tibco.com/products/tibco-activematrix-businessworks-plug-in-for-sftp,10,,4,https://docs.tibco.com/products/tibco-activematrix-businessworks-plug-in-for-sftp-1-1-0 | https://docs.tibco.com/products/tibco-activematrix-businessworks-plug-in-for-sftp-6-1-4 | https://docs.tibco.com/products/tibco-activematrix-businessworks-plug-in-for-sftp-1-1-1 | https://docs.tibco.com/products/tibco-activematrix-businessworks-plug-in-for-sftp-6-2-0,6,https://docs.tibco.com/pub/bwsp/tibco-activematrix-businessworks-plug-in-for-sftp-6-1-3_documentation.zip | https://docs.tibco.com/pub/bwsp/tibco-activematrix-businessworks-plug-in-for-sftp-6-1-2_documentation.zip | https://docs.tibco.com/pub/bwsp/tibco-activematrix-businessworks-plug-in-for-sftp-6-1-1_documentation.zip | https://docs.tibco.com/pub/bwsp/tibco-activematrix-businessworks-plug-in-for-sftp-6-1-0_documentation.zip | https://docs.tibco.com/pub/bwsp/tibco-activematrix-businessworks-plug-in-for-sftp-6-0-0_documentation.zip | https://docs.tibco.com/pub/activematrix_businessworks_plug-in for sFTP/tibco-activematrix-businessworks-plug-in-for-sftp-1-0-0_documentation.zip
tibco-activematrix-businessworks-plug-in-for-siebel,TIBCO ActiveMatrix BusinessWorks™ Plug-in for Siebel,https://docs.tibco.com/products/tibco-activematrix-businessworks-plug-in-for-siebel,8,,6,https://docs.tibco.com/products/tibco-activematrix-adapter-for-siebel-6-0-1 | https://docs.tibco.com/products/tibco-adapter-for-siebel-5-3-2 | https://docs.tibco.com/products/tibco-activematrix-adapter-for-siebel-6-0-0 | https://docs.tibco.com/products/tibco-activematrix-adapter-for-siebel-6-1-0 | https://docs.tibco.com/products/tibco-activematrix-businessworks-plug-in-for-siebel-7-2-0 | https://docs.tibco.com/products/tibco-activematrix-businessworks-plug-in-for-siebel-7-3-0,2,https://docs.tibco.com/pub/bwpluginsiebel/tibco-activematrix-businessworks-plug-in-for-siebel-7-1-0_documentation.zip | https://docs.tibco.com/pub/bwpluginsiebel/tibco-activematrix-businessworks-plug-in-for-siebel-7-0-0_documentation.zip
tibco-activematrix-businessworks-plug-in-for-smartmapper,TIBCO ActiveMatrix BusinessWorks™ Plug-in for SmartMapper,https://docs.tibco.com/products/tibco-activematrix-businessworks-plug-in-for-smartmapper,7,,3,https://docs.tibco.com/products/tibco-activematrix-businessworks-plug-in-for-smartmapper-6-0-0 | https://docs.tibco.com/products/tibco-activematrix-businessworks-plug-in-for-smartmapper-7-1-2 | https://docs.tibco.com/products/tibco-activematrix-businessworks-plug-in-for-smartmapper-7-1-3,4,https://docs.tibco.com/pub/adsmartmapper/tibco-activematrix-businessworks-plug-in-for-smartmapper-7-1-1_documentation.zip | https://docs.tibco.com/pub/adsmartmapper/tibco-activematrix-businessworks-plug-in-for-smartmapper-7-1-0_documentation.zip | https://docs.tibco.com/pub/adsmartmapper/tibco-activematrix-businessworks-plug-in-for-smartmapper-7-0-1_documentation.zip | https://docs.tibco.com/pub/activematrix-businessworks-smartmapper-plugin/tibco-activematrix-businessworks-plug-in-for-smartmapper-7-0-0_documentation.zip
tibco-activematrix-businessworks-plug-in-for-smpp,TIBCO ActiveMatrix BusinessWorks™ Plug-in for SMPP,https://docs.tibco.com/products/tibco-activematrix-businessworks-plug-in-for-smpp,4,,0,,4,https://docs.tibco.com/pub/bwsmpp/tibco-activematrix-businessworks-plug-in-for-smpp-6-0-3_documentation.zip | https://docs.tibco.com/pub/bwsmpp/tibco-activematrix-businessworks-plug-in-for-smpp-6-0-2_documentation.zip | https://docs.tibco.com/pub/bwsmpp/tibco-activematrix-businessworks-plug-in-for-smpp-6-0-1_documentation.zip | https://docs.tibco.com/pub/bwsmpp/tibco-activematrix-businessworks-plug-in-for-smpp-6-0-0_documentation.zip
tibco-activematrix-businessworks-plug-in-for-snowflake,TIBCO ActiveMatrix BusinessWorks™ Plug-in for Snowflake,https://docs.tibco.com/products/tibco-activematrix-businessworks-plug-in-for-snowflake,6,,2,https://docs.tibco.com/products/tibco-activematrix-businessworks-plug-in-for-snowflake-6-3-0 | https://docs.tibco.com/products/tibco-activematrix-businessworks-plug-in-for-snowflake-6-3-1,4,https://docs.tibco.com/pub/bwpluginsnowflake/tibco-activematrix-businessworks-plug-in-for-snowflake-6-2-0_documentation.zip | https://docs.tibco.com/pub/bwpluginsnowflake/tibco-activematrix-businessworks-plug-in-for-snowflake-6-1-0_documentation.zip | https://docs.tibco.com/pub/bwpluginsnowflake/tibco-activematrix-businessworks-plug-in-for-snowflake-6-0-1_documentation.zip | https://docs.tibco.com/pub/bwpluginsnowflake/tibco-activematrix-businessworks-plug-in-for-snowflake-6-0-0_documentation.zip
tibco-activematrix-businessworks-plug-in-for-swift,TIBCO ActiveMatrix BusinessWorks™ Plug-in for SWIFT,https://docs.tibco.com/products/tibco-activematrix-businessworks-plug-in-for-swift,27,,9,https://docs.tibco.com/products/tibco-adapter-for-swift-5-10-0 | https://docs.tibco.com/products/tibco-activematrix-adapter-for-swift-5-11-0 | https://docs.tibco.com/products/tibco-activematrix-businessworks-plug-in-for-swift-6-8-0 | https://docs.tibco.com/products/tibco-activematrix-businessworks-plug-in-for-swift-5-22-0 | https://docs.tibco.com/products/tibco-activematrix-businessworks-plug-in-for-swift-6-9-0 | https://docs.tibco.com/products/tibco-activematrix-businessworks-plug-in-for-swift-5-23-0 | https://docs.tibco.com/products/tibco-activematrix-businessworks-plug-in-for-swift-6-10-0 | https://docs.tibco.com/products/tibco-activematrix-businessworks-plug-in-for-swift-5-24-0 | https://docs.tibco.com/products/tibco-activematrix-businessworks-plug-in-for-swift-6-11-0,18,https://docs.tibco.com/pub/bwpluginswift/tibco-activematrix-businessworks-plug-in-for-swift-6-7-0_documentation.zip | https://docs.tibco.com/pub/bwpluginswift/tibco-activematrix-businessworks-plug-in-for-swift-6-6-0_documentation.zip | https://docs.tibco.com/pub/bwpluginswift/tibco-activematrix-businessworks-plug-in-for-swift-6-5-0_documentation.zip | https://docs.tibco.com/pub/bwpluginswift/tibco-activematrix-businessworks-plug-in-for-swift-6-4-0_documentation.zip | https://docs.tibco.com/pub/bwpluginswift/tibco-activematrix-businessworks-plug-in-for-swift-6-3-0_documentation.zip | https://docs.tibco.com/pub/bwpluginswift/tibco-activematrix-businessworks-plug-in-for-swift-6-2-0_documentation.zip | https://docs.tibco.com/pub/bwpluginswift/tibco-activematrix-businessworks-plug-in-for-swift-6-1-0_documentation.zip | https://docs.tibco.com/pub/bwpluginswift/tibco-activematrix-businessworks-plug-in-for-swift-6-0-0_documentation.zip | https://docs.tibco.com/pub/adswift/tibco-activematrix-businessworks-plug-in-for-swift-5-21-0_documentation.zip | https://docs.tibco.com/pub/adswift/tibco-activematrix-businessworks-plug-in-for-swift-5-20-0_documentation.zip | https://docs.tibco.com/pub/adswift/tibco-activematrix-businessworks-plug-in-for-swift-5-19-0_documentation.zip | https://docs.tibco.com/pub/adswift/tibco-activematrix-businessworks-plug-in-for-swift-5-18-0_documentation.zip | https://docs.tibco.com/pub/adswift/tibco-activematrix-businessworks-plug-in-for-swift-5-17-0_documentation.zip | https://docs.tibco.com/pub/adswift/tibco-activematrix-businessworks-plug-in-for-swift-5-16-0_documentation.zip | https://docs.tibco.com/pub/adswift/tibco-activematrix-businessworks-plug-in-for-swift-5-15-0_documentation.zip | https://docs.tibco.com/pub/adswift/tibco-activematrix-businessworks-plug-in-for-swift-5-14-0_documentation.zip | https://docs.tibco.com/pub/adswift/tibco-activematrix-businessworks-plug-in-for-swift-5-13-0_documentation.zip | https://docs.tibco.com/pub/adswift/tibco-activematrix-businessworks-plug-in-for-swift-5-12-0_documentation.zip
tibco-activematrix-businessworks-plug-in-for-tibco-auditsafe,TIBCO ActiveMatrix BusinessWorks™ Plug-in for TIBCO AuditSafe,https://docs.tibco.com/products/tibco-activematrix-businessworks-plug-in-for-tibco-auditsafe,9,,8,https://docs.tibco.com/products/tibco-activematrix-businessworks-plug-in-for-tibco-cloud-auditsafe-6-1-0 | https://docs.tibco.com/products/tibco-activematrix-businessworks-plug-in-for-tibco-cloud-auditsafe-6-2-0 | https://docs.tibco.com/products/tibco-activematrix-businessworks-plug-in-for-tibco-auditsafe-6-3-0 | https://docs.tibco.com/products/tibco-activematrix-businessworks-plug-in-for-tibco-auditsafe-6-3-1 | https://docs.tibco.com/products/tibco-activematrix-businessworks-plug-in-for-tibco-auditsafe-6-3-2 | https://docs.tibco.com/products/tibco-activematrix-businessworks-plug-in-for-tibco-auditsafe-6-4-0 | https://docs.tibco.com/products/tibco-activematrix-businessworks-plug-in-for-tibco-auditsafe-6-4-1 | https://docs.tibco.com/products/tibco-activematrix-businessworks-plug-in-for-tibco-auditsafe-6-4-2,1,https://docs.tibco.com/pub/bwpluginauditsafe/tibco-activematrix-businessworks-plug-in-for-tibco-cloud-auditsafe-6-0-0_documentation.zip
tibco-activematrix-businessworks-plug-in-for-tibco-eftl,TIBCO ActiveMatrix BusinessWorks™ Plug-in for TIBCO eFTL™,https://docs.tibco.com/products/tibco-activematrix-businessworks-plug-in-for-tibco-eftl,1,,1,https://docs.tibco.com/products/tibco-activematrix-businessworks-plug-in-for-tibco-eftl-6-0-0,0,
tibco-activematrix-businessworks-plug-in-for-tibco-ftl,TIBCO ActiveMatrix BusinessWorks™ Plug-in for TIBCO FTL®,https://docs.tibco.com/products/tibco-activematrix-businessworks-plug-in-for-tibco-ftl,12,,8,https://docs.tibco.com/products/tibco-activematrix-businessworks-plug-in-for-tibco-ftl-6-4-4 | https://docs.tibco.com/products/tibco-activematrix-businessworks-plug-in-for-tibco-ftl-6-5-0 | https://docs.tibco.com/products/tibco-activematrix-businessworks-plug-in-for-tibco-ftl-6-6-0 | https://docs.tibco.com/products/tibco-activematrix-businessworks-plug-in-for-tibco-ftl-6-7-0 | https://docs.tibco.com/products/tibco-activematrix-businessworks-plug-in-for-tibco-ftl-6-7-1 | https://docs.tibco.com/products/tibco-activematrix-businessworks-plug-in-for-tibco-ftl-6-7-2 | https://docs.tibco.com/products/tibco-activematrix-businessworks-plug-in-for-tibco-ftl-6-7-3 | https://docs.tibco.com/products/tibco-activematrix-businessworks-plug-in-for-tibco-ftl-6-7-4,4,https://docs.tibco.com/pub/bwpluginftl/tibco-activematrix-businessworks-plug-in-for-tibco-ftl-6-4-3_documentation.zip | https://docs.tibco.com/pub/bwpluginftl/tibco-activematrix-businessworks-plug-in-for-tibco-ftl-6-4-2_documentation.zip | https://docs.tibco.com/pub/bwpluginftl/tibco-activematrix-businessworks-plug-in-for-tibco-ftl-6-4-1_documentation.zip | https://docs.tibco.com/pub/bwpluginftl/tibco-activematrix-businessworks-plug-in-for-tibco-ftl-6-4-0_documentation.zip
tibco-activematrix-businessworks-plug-in-for-tibco-clarity,TIBCO ActiveMatrix BusinessWorks™ Plug-in for TIBCO® Clarity,https://docs.tibco.com/products/tibco-activematrix-businessworks-plug-in-for-tibco-clarity,3,,0,,3,https://docs.tibco.com/pub/bwpluginclarity/tibco-activematrix-businessworks-plug-in-for-tibco-clarity-6-1-1_documentation.zip | https://docs.tibco.com/pub/bwpluginclarity/tibco-activematrix-businessworks-plug-in-for-tibco-clarity-6-1-0_documentation.zip | https://docs.tibco.com/pub/bwpluginclarity/tibco-activematrix-businessworks-plug-in-for-tibco-clarity-6-0-0_documentation.zip
tibco-activematrix-businessworks-plug-in-for-tibco-managed-file-transfer,TIBCO ActiveMatrix BusinessWorks™ Plug-in for TIBCO® Managed File Transfer,https://docs.tibco.com/products/tibco-activematrix-businessworks-plug-in-for-tibco-managed-file-transfer,5,,5,https://docs.tibco.com/products/tibco-activematrix-businessworks-plug-in-for-tibco-managed-file-transfer-software-6-3-1 | https://docs.tibco.com/products/tibco-activematrix-businessworks-plug-in-for-tibco-managed-file-transfer-1-0-0 | https://docs.tibco.com/products/tibco-activematrix-businessworks-plug-in-for-tibco-managed-file-transfer-6-0-0 | https://docs.tibco.com/products/tibco-activematrix-businessworks-plug-in-for-tibco-managed-file-transfer-6-0-1 | https://docs.tibco.com/products/tibco-activematrix-businessworks-plug-in-for-tibco-managed-file-transfer-software-6-3-0,0,
tibco-activematrix-businessworks-plug-in-for-tibco-patterns,TIBCO ActiveMatrix BusinessWorks™ Plug-in for TIBCO® Patterns,https://docs.tibco.com/products/tibco-activematrix-businessworks-plug-in-for-tibco-patterns,18,,14,https://docs.tibco.com/products/tibco-activematrix-businessworks-plug-in-for-patterns-search-1-0-0 | https://docs.tibco.com/products/tibco-activematrix-businessworks-plug-in-for-patterns-search-1-1-0 | https://docs.tibco.com/products/tibco-activematrix-businessworks-plug-in-for-patterns-search-1-2-0 | https://docs.tibco.com/products/tibco-activematrix-businessworks-plug-in-for-patterns-search-5-4-0 | https://docs.tibco.com/products/tibco-activematrix-businessworks-plug-in-for-patterns-search-5-6-1 | https://docs.tibco.com/products/tibco-activematrix-businessworks-plug-in-for-patterns-search-1-5-0 | https://docs.tibco.com/products/tibco-activematrix-businessworks-plug-in-for-patterns-search-5-7-0 | https://docs.tibco.com/products/tibco-activematrix-businessworks-plug-in-for-ibi-patterns-search-6-0-0 | https://docs.tibco.com/products/tibco-activematrix-businessworks-plug-in-for-ibi-patterns-search-2-0-0 | https://docs.tibco.com/products/tibco-activematrix-businessworks-plug-in-for-ibi-patterns-search-2-1-0 | https://docs.tibco.com/products/tibco-activematrix-businessworks-plug-in-for-ibi-patterns-search-6-1-0 | https://docs.tibco.com/products/tibco-activematrix-businessworks-plug-in-for-tibco-patterns-2-1-2 | https://docs.tibco.com/products/tibco-activematrix-businessworks-plug-in-for-tibco-patterns-6-1-2 | https://docs.tibco.com/products/tibco-activematrix-businessworks-plug-in-for-tibco-patterns-6-2-0,4,https://docs.tibco.com/pub/bwpluginpatterns/tibco-activematrix-businessworks-plug-in-for-patterns-search-5-6-0_documentation.zip | https://docs.tibco.com/pub/bwpluginpatterns/tibco-activematrix-businessworks-plug-in-for-patterns-search-5-5-0_documentation.zip | https://docs.tibco.com/pub/bwpluginpatterns/tibco-activematrix-businessworks-plug-in-for-patterns-search-1-4-0_documentation.zip | https://docs.tibco.com/pub/bwpluginpatterns/tibco-activematrix-businessworks-plug-in-for-patterns-search-1-3-0_documentation.zip
tibco-activematrix-businessworks-plug-in-for-transaction-insight,TIBCO ActiveMatrix BusinessWorks™ Plug-in for Transaction Insight®,https://docs.tibco.com/products/tibco-activematrix-businessworks-plug-in-for-transaction-insight,2,,2,https://docs.tibco.com/products/tibco-activematrix-businessworks-plug-in-for-transaction-insight-6-0-1 | https://docs.tibco.com/products/tibco-activematrix-businessworks-plug-in-for-transaction-insight-6-0-0,0,
tibco-activematrix-businessworks-plug-in-for-trillium,TIBCO ActiveMatrix BusinessWorks™ Plug-in for Trillium,https://docs.tibco.com/products/tibco-activematrix-businessworks-plug-in-for-trillium,1,,1,https://docs.tibco.com/products/tibco-activematrix-businessworks-plug-in-for-trillium-6-0-0,0,
tibco-activematrix-businessworks-plug-in-for-twitter,TIBCO ActiveMatrix BusinessWorks™ Plug-in for Twitter,https://docs.tibco.com/products/tibco-activematrix-businessworks-plug-in-for-twitter,6,,1,https://docs.tibco.com/products/tibco-activematrix-businessworks-plug-in-for-twitter-6-1-0,5,https://docs.tibco.com/pub/bwplugintwitter/tibco-activematrix-businessworks-plug-in-for-twitter-6-1-2_documentation.zip | https://docs.tibco.com/pub/bwplugintwitter/tibco-activematrix-businessworks-plug-in-for-twitter-6-1-1_documentation.zip | https://docs.tibco.com/pub/activematrix_businessworks_plugin_for_twitter/tibco-activematrix-businessworks-plug-in-for-twitter-6-0-1_documentation.zip | https://docs.tibco.com/pub/activematrix_businessworks_plugin_for_twitter/tibco-activematrix-businessworks-plug-in-for-twitter-6-0-0_documentation.zip | https://docs.tibco.com/pub/activematrix_businessworks_plugin_for_twitter/1.0.0_Feb_2013/tibco-activematrix-businessworks-plug-in-for-twitter-1-0-0_documentation.zip
tibco-activematrix-businessworks-plug-in-for-workday,TIBCO ActiveMatrix BusinessWorks™ Plug-in for Workday,https://docs.tibco.com/products/tibco-activematrix-businessworks-plug-in-for-workday,3,,3,https://docs.tibco.com/products/tibco-activematrix-businessworks-plug-in-for-workday-6-0-1 | https://docs.tibco.com/products/tibco-activematrix-businessworks-plug-in-for-workday-1-0-0 | https://docs.tibco.com/products/tibco-activematrix-businessworks-plug-in-for-workday-6-0-0,0,
tibco-activematrix-businessworks-service-engine-plug-in-for-oracle-e-business-suite,TIBCO ActiveMatrix BusinessWorks™ Service Engine Plug-in for Oracle E-Business Suite,https://docs.tibco.com/products/tibco-activematrix-businessworks-service-engine-plug-in-for-oracle-e-business-suite,1,,0,,1,https://docs.tibco.com/pub/activematrix-businessworks-service-engine-plugin-for-oracle-e-business-suite/tibco-activematrix-businessworks-service-engine-plug-in-for-oracle-e-business-suite-1-1_documentation.zip
tibco-activematrix-businessworks-service-engine-plug-in-for-smartmapper,TIBCO ActiveMatrix BusinessWorks™ Service Engine Plug-in for SmartMapper,https://docs.tibco.com/products/tibco-activematrix-businessworks-service-engine-plug-in-for-smartmapper,1,,0,,1,https://docs.tibco.com/pub/activematrix-businessworks-service-engine-plug-in-for-smartmapper/tibco-activematrix-businessworks-service-engine-plug-in-for-smartmapper-5-5_documentation.zip
tibco-activematrix-businessworks-smartmapper-enterprise-server,TIBCO ActiveMatrix BusinessWorks™ SmartMapper Enterprise Server,https://docs.tibco.com/products/tibco-activematrix-businessworks-smartmapper-enterprise-server,3,,1,https://docs.tibco.com/products/tibco-activematrix-businessworks-smartmapper-enterprise-server-6-0-0,2,https://docs.tibco.com/pub/adsmartmappereps/tibco-activematrix-businessworks-smartmapper-enterprise-server-6-0-1_documentation.zip | https://docs.tibco.com/pub/businessworks_smartmapper/tibco-activematrix-businessworks-smartmapper-5-5-0_documentation.zip
tibco-activematrix-adapter-for-amdocs-crm,TIBCO ActiveMatrix® Adapter for Amdocs CRM,https://docs.tibco.com/products/tibco-activematrix-adapter-for-amdocs-crm,2,,1,https://docs.tibco.com/products/tibco-adapter-for-clarifycrm-5-4-0,1,https://docs.tibco.com/pub/adapter_for_clarifycrm/tibco-activematrix-adapter-for-amdocs-crm-5-5-0_documentation.zip
tibco-activematrix-adapter-for-database-tibco-business-studio,TIBCO ActiveMatrix® Adapter for Database (TIBCO Business Studio™),https://docs.tibco.com/products/tibco-activematrix-adapter-for-database-tibco-business-studio,2,,2,https://docs.tibco.com/products/tibco-activematrix-adapter-for-database-tibco-business-studio-1-3-0 | https://docs.tibco.com/products/tibco-activematrix-adapter-for-database-tibco-business-studio-1-2-0,0,
tibco-activematrix-adapter-for-files-for-unix-win-tibco-business-studio,TIBCO ActiveMatrix® Adapter for Files for Unix/Win (TIBCO Business Studio™),https://docs.tibco.com/products/tibco-activematrix-adapter-for-files-for-unix-win-tibco-business-studio,2,,2,https://docs.tibco.com/products/tibco-activematrix-adapter-for-files-for-unix-win-tibco-business-studio-1-3-0 | https://docs.tibco.com/products/tibco-activematrix-adapter-for-files-for-unix-win-tibco-business-studio-1-2-0,0,
tibco-activematrix-adapter-for-ibm-i,TIBCO ActiveMatrix® Adapter for IBM i,https://docs.tibco.com/products/tibco-activematrix-adapter-for-ibm-i,7,,7,https://docs.tibco.com/products/tibco-activematrix-adapter-for-ibm-i-6-4-0 | https://docs.tibco.com/products/tibco-activematrix-adapter-for-ibm-i-6-0 | https://docs.tibco.com/products/tibco-activematrix-adapter-for-ibm-i-6-1-0 | https://docs.tibco.com/products/tibco-activematrix-adapter-for-ibm-i-6-2-0 | https://docs.tibco.com/products/tibco-activematrix-adapter-for-ibm-i-6-2-1 | https://docs.tibco.com/products/tibco-activematrix-adapter-for-ibm-i-6-2-2 | https://docs.tibco.com/products/tibco-activematrix-adapter-for-ibm-i-6-3-0,0,
tibco-activematrix-adapter-for-jd-edwards-enterpriseone,TIBCO ActiveMatrix® Adapter for JD Edwards EnterpriseOne,https://docs.tibco.com/products/tibco-activematrix-adapter-for-jd-edwards-enterpriseone,3,,3,https://docs.tibco.com/products/tibco-activematrix-adapter-for-jd-edwards-enterpriseone-6-1-0 | https://docs.tibco.com/products/tibco-adapter-for-jde-oneworld-xe-5-3 | https://docs.tibco.com/products/tibco-activematrix-adapter-for-jd-edwards-enterpriseone-6-0-0,0,
tibco-activematrix-adapter-for-kenan-bp,TIBCO ActiveMatrix® Adapter for Kenan/BP,https://docs.tibco.com/products/tibco-activematrix-adapter-for-kenan-bp,1,,1,https://docs.tibco.com/products/tibco-activematrix-adapter-for-kenan-bp-6-0-0,0,
tibco-activematrix-adapter-for-websphere-mq,TIBCO ActiveMatrix® Adapter for WebSphere MQ,https://docs.tibco.com/products/tibco-activematrix-adapter-for-websphere-mq,5,,0,,5,https://docs.tibco.com/pub/admqs/tibco-activematrix-adapter-for-websphere-mq-6-2-5_documentation.zip | https://docs.tibco.com/pub/activematrix-adapter-for-websphere-mq/tibco-activematrix-adapter-for-websphere-mq-6-2-1_documentation.zip | https://docs.tibco.com/pub/activematrix-adapter-for-websphere-mq/tibco-activematrix-adapter-for-websphere-mq-6-2-0_documentation.zip | https://docs.tibco.com/pub/activematrix-adapter-for-websphere-mq/tibco-activematrix-adapter-for-websphere-mq-6-1-0_documentation.zip | https://docs.tibco.com/pub/activematrix-adapter-for-websphere-mq/tibco-activematrix-adapter-for-websphere-mq-6-0-0_documentation.zip
tibco-activematrix-adapter-framework,TIBCO ActiveMatrix® Adapter Framework,https://docs.tibco.com/products/tibco-activematrix-adapter-framework,12,,12,https://docs.tibco.com/products/tibco-activematrix-adapter-framework-1-6-1 | https://docs.tibco.com/products/tibco-activematrix-adapter-framework-1-1-0 | https://docs.tibco.com/products/tibco-activematrix-adapter-framework-1-1-1 | https://docs.tibco.com/products/tibco-activematrix-adapter-framework-1-1-2 | https://docs.tibco.com/products/tibco-activematrix-adapter-framework-1-2-0 | https://docs.tibco.com/products/tibco-activematrix-adapter-framework-1-3-0 | https://docs.tibco.com/products/tibco-activematrix-adapter-framework-1-3-1 | https://docs.tibco.com/products/tibco-activematrix-adapter-framework-1-3-2 | https://docs.tibco.com/products/tibco-activematrix-adapter-framework-1-4-0 | https://docs.tibco.com/products/tibco-activematrix-adapter-framework-1-4-1 | https://docs.tibco.com/products/tibco-activematrix-adapter-framework-1-4-2 | https://docs.tibco.com/products/tibco-activematrix-adapter-framework-1-6-0,0,
tibco-activematrix-adapter-service-engine-for-files,TIBCO ActiveMatrix® Adapter Service Engine for Files,https://docs.tibco.com/products/tibco-activematrix-adapter-service-engine-for-files,1,,1,https://docs.tibco.com/products/tibco-activematrix-adapter-service-engine-for-files-6-0-0,0,
tibco-activematrix-adapter-service-engine-for-ibm-i,TIBCO ActiveMatrix® Adapter Service Engine for IBM i,https://docs.tibco.com/products/tibco-activematrix-adapter-service-engine-for-ibm-i,1,,1,https://docs.tibco.com/products/tibco-activematrix-adapter-service-engine-for-ibm-i-6-0-0,0,
tibco-activematrix-adapter-service-engine-for-lotus-notes,TIBCO ActiveMatrix® Adapter Service Engine for Lotus Notes,https://docs.tibco.com/products/tibco-activematrix-adapter-service-engine-for-lotus-notes,1,,1,https://docs.tibco.com/products/tibco-activematrix-adapter-service-engine-for-lotus-notes-6-0-0,0,
tibco-activematrix-adapter-service-engine-for-peoplesoft,TIBCO ActiveMatrix® Adapter Service Engine for PeopleSoft,https://docs.tibco.com/products/tibco-activematrix-adapter-service-engine-for-peoplesoft,1,,1,https://docs.tibco.com/products/tibco-activematrix-adapter-service-engine-for-peoplesoft-6-0-0,0,
tibco-activematrix-adapter-service-engine-for-sap,TIBCO ActiveMatrix® Adapter Service Engine for SAP,https://docs.tibco.com/products/tibco-activematrix-adapter-service-engine-for-sap,1,,1,https://docs.tibco.com/products/tibco-activematrix-adapter-service-engine-for-sap-6-0-0,0,
tibco-activematrix-adapter-service-engine-for-siebel,TIBCO ActiveMatrix® Adapter Service Engine for Siebel,https://docs.tibco.com/products/tibco-activematrix-adapter-service-engine-for-siebel,1,,1,https://docs.tibco.com/products/tibco-activematrix-adapter-service-engine-for-siebel-6-0-0,0,
tibco-activematrix-adapter-service-engine-for-tuxedo,TIBCO ActiveMatrix® Adapter Service Engine for Tuxedo,https://docs.tibco.com/products/tibco-activematrix-adapter-service-engine-for-tuxedo,1,,1,https://docs.tibco.com/products/tibco-activematrix-adapter-service-engine-for-tuxedo-6-0-0,0,
tibco-activematrix-adapter-service-engine-for-websphere-mq,TIBCO ActiveMatrix® Adapter Service Engine for WebSphere MQ,https://docs.tibco.com/products/tibco-activematrix-adapter-service-engine-for-websphere-mq,1,,1,https://docs.tibco.com/products/tibco-activematrix-adapter-service-engine-for-websphere-mq-6-0-0,0,
tibco-activematrix-binding-type-for-adapters,TIBCO ActiveMatrix® Binding Type for Adapters,https://docs.tibco.com/products/tibco-activematrix-binding-type-for-adapters,3,,0,,3,https://docs.tibco.com/pub/activematrix_binding_type_for_adapters/tibco-activematrix-binding-type-for-adapters-3-2-0_documentation.zip | https://docs.tibco.com/pub/activematrix_binding_type_for_adapters/tibco-activematrix-binding-type-for-adapters-3-1-2_documentation.zip | https://docs.tibco.com/pub/activematrix_binding_type_for_adapters/tibco-activematrix-binding-type-for-adapters-3-0-1_documentation.zip
tibco-activematrix-binding-type-for-ejb,TIBCO ActiveMatrix® Binding Type for EJB,https://docs.tibco.com/products/tibco-activematrix-binding-type-for-ejb,4,,3,https://docs.tibco.com/products/tibco-activematrix-binding-type-for-ejb-3-1-2 | https://docs.tibco.com/products/tibco-activematrix-binding-type-for-ejb-1-0-0 | https://docs.tibco.com/products/tibco-activematrix-binding-type-for-ejb-3-2-0,1,https://docs.tibco.com/pub/activematrix_binding_type_for_ejb/tibco-activematrix-binding-type-for-ejb-3-0-1_documentation.zip
tibco-activematrix-binding-type-for-ldap,TIBCO ActiveMatrix® Binding Type for LDAP,https://docs.tibco.com/products/tibco-activematrix-binding-type-for-ldap,1,,0,,1,https://docs.tibco.com/pub/activematrix_binding_type_for_ldap/tibco-activematrix-binding-type-for-ldap-1-0-0_documentation.zip
tibco-activematrix-binding-type-for-rest,TIBCO ActiveMatrix® Binding Type for REST,https://docs.tibco.com/products/tibco-activematrix-binding-type-for-rest,2,,2,https://docs.tibco.com/products/tibco-activematrix-binding-type-for-rest-3-3-0 | https://docs.tibco.com/products/tibco-activematrix-binding-type-for-rest-3-2-0,0,
tibco-activematrix-bpm,TIBCO ActiveMatrix® BPM,https://docs.tibco.com/products/tibco-activematrix-bpm,7,,2,https://docs.tibco.com/products/tibco-activematrix-bpm-4-2-0 | https://docs.tibco.com/products/tibco-activematrix-bpm-4-3-0,5,https://docs.tibco.com/pub/amx-bpm/tibco-activematrix-bpm-4-1-0_documentation.zip | https://docs.tibco.com/pub/amx-bpm/tibco-activematrix-bpm-3-1-0_documentation.zip | https://docs.tibco.com/pub/activematrix_bpm/tibco-activematrix-bpm-3-0-0_documentation.zip | https://docs.tibco.com/pub/activematrix_bpm/tibco-activematrix-bpm-2-2-0_documentation.zip | https://docs.tibco.com/pub/activematrix_bpm/tibco-activematrix-bpm-2-1-0_documentation.zip
tibco-activematrix-bpm-mobilespace-for-ios-1-0-0,TIBCO ActiveMatrix® BPM - Mobilespace for iOS 1.0.0,https://docs.tibco.com/products/tibco-activematrix-bpm-mobilespace-for-ios-1-0-0,1,,1,https://docs.tibco.com/products/tibco-activematrix-bpm-mobilespace-for-ios-1-0-0,0,
tibco-activematrix-decisions,TIBCO ActiveMatrix® Decisions,https://docs.tibco.com/products/tibco-activematrix-decisions,6,,1,https://docs.tibco.com/products/tibco-activematrix-decisions-1-3-0,5,https://docs.tibco.com/pub/activematrix-decisions-runtime/tibco-activematrix-decisions-1-2-0_documentation.zip | https://docs.tibco.com/pub/activematrix-decisions-runtime/tibco-activematrix-decisions-1-1-1_documentation.zip | https://docs.tibco.com/pub/activematrix-decisions-runtime/tibco-activematrix-decisions-1-1-0_documentation.zip | https://docs.tibco.com/pub/activematrix-decisions-runtime/tibco-activematrix-decisions-1-0-1_documentation.zip | https://docs.tibco.com/pub/activematrix-decisions-runtime/tibco-activematrix-decisions-1-0-0_documentation.zip
tibco-activematrix-decisions-distribution-for-tibco-silver-fabric,TIBCO ActiveMatrix® Decisions Distribution for TIBCO Silver® Fabric,https://docs.tibco.com/products/tibco-activematrix-decisions-distribution-for-tibco-silver-fabric,1,,0,,1,https://docs.tibco.com/emp/amxdecsf/tibco-activematrix-decisions-distribution-for-tibco-silver-fabric-1-3-0_documentation.zip
tibco-activematrix-implementation-type-for-c++,TIBCO ActiveMatrix® Implementation Type for C++,https://docs.tibco.com/products/tibco-activematrix-implementation-type-for-c++,5,,5,https://docs.tibco.com/products/tibco-activematrix-implementation-type-for-c++-3-2-0 | https://docs.tibco.com/products/tibco-activematrix-implementation-type-for-c++-3-1-2 | https://docs.tibco.com/products/tibco-activematrix-implementation-type-for-c++-1-1-0 | https://docs.tibco.com/products/tibco-activematrix-implementation-type-for-c++-3-0-0 | https://docs.tibco.com/products/tibco-activematrix-implementation-type-for-c++-3-0-1,0,
tibco-activematrix-implementation-type-for-microsoft-clr,TIBCO ActiveMatrix® Implementation Type for Microsoft CLR,https://docs.tibco.com/products/tibco-activematrix-implementation-type-for-microsoft-clr,3,,3,https://docs.tibco.com/products/tibco-activematrix-implementation-type-for-microsoft-clr-3-3-0 | https://docs.tibco.com/products/tibco-activematrix-implementation-type-for-microsoft-clr-3-1-2 | https://docs.tibco.com/products/tibco-activematrix-implementation-type-for-microsoft-clr-3-2-0,0,
tibco-activematrix-implementation-type-for-scripting-in-ruby,TIBCO ActiveMatrix® Implementation Type for Scripting in Ruby,https://docs.tibco.com/products/tibco-activematrix-implementation-type-for-scripting-in-ruby,1,,1,https://docs.tibco.com/products/tibco-activematrix-implementation-type-for-scripting-in-ruby-1-0,0,
tibco-activematrix-implementation-type-for-tibco-adapters,TIBCO ActiveMatrix® Implementation Type for TIBCO Adapters,https://docs.tibco.com/products/tibco-activematrix-implementation-type-for-tibco-adapters,1,,0,,1,https://docs.tibco.com/pub/activematrix_implementation_type_for_tibco_adapters/tibco-activematrix-implementation-type-for-tibco-adapters-1-0-0_documentation.zip
tibco-activematrix-implementation-type-for-wcf-host,TIBCO ActiveMatrix® Implementation Type for WCF Host,https://docs.tibco.com/products/tibco-activematrix-implementation-type-for-wcf-host,1,,1,https://docs.tibco.com/products/tibco-activematrix-implementation-type-for-wcf-host-1-0,0,
tibco-activematrix-management-agent-for-wcf,TIBCO ActiveMatrix® Management Agent for WCF,https://docs.tibco.com/products/tibco-activematrix-management-agent-for-wcf,3,,3,https://docs.tibco.com/products/tibco-activematrix-management-agent-for-wcf-1-2 | https://docs.tibco.com/products/tibco-activematrix-management-agent-for-wcf-1-1 | https://docs.tibco.com/products/tibco-activematrix-management-agent-for-wcf-1-2-1,0,
tibco-activematrix-management-agent-for-websphere,TIBCO ActiveMatrix® Management Agent for WebSphere,https://docs.tibco.com/products/tibco-activematrix-management-agent-for-websphere,3,,3,https://docs.tibco.com/products/tibco-activematrix-management-agent-for-websphere-1-2 | https://docs.tibco.com/products/tibco-activematrix-management-agent-for-websphere-1-1 | https://docs.tibco.com/products/tibco-activematrix-management-agent-for-websphere-1-2-1,0,
tibco-activematrix-policy-director,TIBCO ActiveMatrix® Policy Director,https://docs.tibco.com/products/tibco-activematrix-policy-director,4,,0,,4,https://docs.tibco.com/pub/policy-director/tibco-activematrix-policy-director-2-0-0_documentation.zip | https://docs.tibco.com/pub/policy-director/tibco-activematrix-policy-director-1-1-0_documentation.zip | https://docs.tibco.com/pub/policy-director/tibco-activematrix-policy-director-1-0-1_documentation.zip | https://docs.tibco.com/pub/policy-director/tibco-activematrix-policy-director-1-0-0_documentation.zip
tibco-activematrix-policy-manager,TIBCO ActiveMatrix® Policy Manager,https://docs.tibco.com/products/tibco-activematrix-policy-manager,4,,0,,4,https://docs.tibco.com/emp/activematrix_policy_manager/tibco-activematrix-policy-manager-3-1-2_documentation.zip | https://docs.tibco.com/emp/activematrix_policy_manager/tibco-activematrix-policy-manager-3-1-1_documentation.zip | https://docs.tibco.com/emp/activematrix_policy_manager/tibco-activematrix-policy-manager-3-1-0_documentation.zip | https://docs.tibco.com/emp/activematrix_policy_manager/tibco-activematrix-policy-manager-3-0-0_documentation.zip
tibco-activematrix-runtime-uddi-server,TIBCO ActiveMatrix® Runtime UDDI Server,https://docs.tibco.com/products/tibco-activematrix-runtime-uddi-server,2,,2,https://docs.tibco.com/products/tibco-activematrix-runtime-uddi-server-3-1 | https://docs.tibco.com/products/tibco-activematrix-runtime-uddi-server-3-0-0,0,
tibco-activematrix-service-bus,TIBCO ActiveMatrix® Service Bus,https://docs.tibco.com/products/tibco-activematrix-service-bus,8,,0,,8,https://docs.tibco.com/pub/activematrix_service_bus/tibco-activematrix-service-bus-3-4-0_documentation.zip | https://docs.tibco.com/pub/activematrix_service_bus/tibco-activematrix-service-bus-3-3-0_documentation.zip | https://docs.tibco.com/pub/activematrix_service_bus/tibco-activematrix-service-bus-3-2-0_documentation.zip | https://docs.tibco.com/pub/activematrix_service_bus/tibco-activematrix-service-bus-3-1-5_documentation.zip | https://docs.tibco.com/pub/activematrix_service_bus/tibco-activematrix-service-bus-2-3-2_documentation.zip | https://docs.tibco.com/pub/activematrix_service_bus/tibco-activematrix-service-bus-2-3-1_documentation.zip | https://docs.tibco.com/pub/activematrix_service_bus/tibco-activematrix-service-bus-2-3-0_documentation.zip | https://docs.tibco.com/pub/activematrix_service_bus/tibco-activematrix-service-bus-2-2-0_documentation.zip
tibco-activematrix-service-gateway,TIBCO ActiveMatrix® Service Gateway,https://docs.tibco.com/products/tibco-activematrix-service-gateway,1,,1,https://docs.tibco.com/products/tibco-activematrix-service-gateway-1-1,0,
tibco-activematrix-service-grid,TIBCO ActiveMatrix® Service Grid,https://docs.tibco.com/products/tibco-activematrix-service-grid,9,,2,https://docs.tibco.com/products/tibco-activematrix-service-grid-3-4-3 | https://docs.tibco.com/products/tibco-activematrix-service-grid-3-4-4,7,https://docs.tibco.com/pub/amsg/tibco-activematrix-service-grid-3-4-2_documentation.zip | https://docs.tibco.com/pub/amsg/tibco-activematrix-service-grid-3-4-1_documentation.zip | https://docs.tibco.com/pub/amsg/tibco-activematrix-service-grid-3-4-0_documentation.zip | https://docs.tibco.com/pub/amsg/tibco-activematrix-service-grid-3-3-1_documentation.zip | https://docs.tibco.com/pub/activematrix_service_grid/tibco-activematrix-service-grid-3-3-0_documentation.zip | https://docs.tibco.com/pub/activematrix_service_grid/tibco-activematrix-service-grid-3-2-0_documentation.zip | https://docs.tibco.com/pub/activematrix_service_grid/tibco-activematrix-service-grid-3-1-5_documentation.zip
tibco-activematrix-service-grid-container-edition,TIBCO ActiveMatrix® Service Grid - Container Edition,https://docs.tibco.com/products/tibco-activematrix-service-grid-container-edition,2,,0,,0,
tibco-activematrix-spotfire-enabler,TIBCO ActiveMatrix® Spotfire Enabler,https://docs.tibco.com/products/tibco-activematrix-spotfire-enabler,1,,1,https://docs.tibco.com/products/tibco-activematrix-spotfire-enabler-1-0-0,0,
tibco-activematrix-updater-tool-for-java-runtime-environment-jre,TIBCO ActiveMatrix® Updater Tool for Java Runtime Environment (JRE),https://docs.tibco.com/products/tibco-activematrix-updater-tool-for-java-runtime-environment-jre,2,,2,https://docs.tibco.com/products/tibco-activematrix-updater-tool-for-java-runtime-environment-jre-1-1-0 | https://docs.tibco.com/products/tibco-activematrix-updater-tool-for-java-runtime-environment-jre-1-0-0,0,
tibco-activespaces-enterprise-edition,TIBCO ActiveSpaces® - Enterprise Edition,https://docs.tibco.com/products/tibco-activespaces-enterprise-edition,46,,5,https://docs.tibco.com/products/tibco-activespaces-enterprise-edition-4-10-0 | https://docs.tibco.com/products/tibco-activespaces-enterprise-edition-4-10-1 | https://docs.tibco.com/products/tibco-activespaces-enterprise-edition-5-0-0 | https://docs.tibco.com/products/tibco-activespaces-enterprise-edition-5-1-0 | https://docs.tibco.com/products/tibco-activespaces-enterprise-edition-5-2-0,41,https://docs.tibco.com/pub/as/tibco-activespaces-enterprise-edition-4-9-1_documentation.zip | https://docs.tibco.com/pub/as/tibco-activespaces-enterprise-edition-4-9-0_documentation.zip | https://docs.tibco.com/pub/as/tibco-activespaces-enterprise-edition-4-8-1_documentation.zip | https://docs.tibco.com/pub/as/tibco-activespaces-enterprise-edition-4-8-0_documentation.zip | https://docs.tibco.com/pub/as/tibco-activespaces-enterprise-edition-4-7-1_documentation.zip | https://docs.tibco.com/pub/as/tibco-activespaces-enterprise-edition-4-7-0_documentation.zip | https://docs.tibco.com/pub/as/tibco-activespaces-enterprise-edition-4-6-2_documentation.zip | https://docs.tibco.com/pub/as/tibco-activespaces-enterprise-edition-4-6-1_documentation.zip | https://docs.tibco.com/pub/as/tibco-activespaces-enterprise-edition-4-6-0_documentation.zip | https://docs.tibco.com/pub/as/tibco-activespaces-enterprise-edition-4-5-0_documentation.zip | https://docs.tibco.com/pub/as/tibco-activespaces-enterprise-edition-4-4-0_documentation.zip | https://docs.tibco.com/pub/as/tibco-activespaces-enterprise-edition-4-3-0_documentation.zip | https://docs.tibco.com/pub/as/tibco-activespaces-enterprise-edition-4-2-0_documentation.zip | https://docs.tibco.com/pub/as/tibco-activespaces-enterprise-edition-4-1-0_documentation.zip | https://docs.tibco.com/pub/as/tibco-activespaces-enterprise-edition-4-0-0_documentation.zip | https://docs.tibco.com/pub/as/tibco-activespaces-enterprise-edition-3-5-1_documentation.zip | https://docs.tibco.com/pub/as/tibco-activespaces-enterprise-edition-3-5-0_documentation.zip | https://docs.tibco.com/pub/as/tibco-activespaces-enterprise-edition-3-4-0_documentation.zip | https://docs.tibco.com/pub/as/tibco-activespaces-enterprise-edition-3-3-0_documentation.zip | https://docs.tibco.com/pub/as/tibco-activespaces-3-2-0_documentation.zip | https://docs.tibco.com/pub/as/tibco-activespaces-3-1-0_documentation.zip | https://docs.tibco.com/pub/as/tibco-activespaces-3-0-0_documentation.zip | https://docs.tibco.com/pub/activespaces/tibco-activespaces-enterprise-edition-2-4-2_documentation.zip | https://docs.tibco.com/pub/activespaces-zlinux/tibco-activespaces-enterprise-edition-2-4-1_documentation.zip | https://docs.tibco.com/pub/activespaces/tibco-activespaces-enterprise-edition-2-4-0_documentation.zip | https://docs.tibco.com/pub/activespaces/tibco-activespaces-enterprise-edition-2-3-0_documentation.zip | https://docs.tibco.com/pub/activespaces/tibco-activespaces-enterprise-edition-2-2-1_documentation.zip | https://docs.tibco.com/pub/activespaces/tibco-activespaces-enterprise-edition-2-2-0_documentation.zip | https://docs.tibco.com/pub/activespaces/tibco-activespaces-enterprise-edition-2-1-6_documentation.zip | https://docs.tibco.com/pub/activespaces/tibco-activespaces-enterprise-edition-2-1-5_documentation.zip | https://docs.tibco.com/pub/activespaces/tibco-activespaces-enterprise-edition-2-1-4_documentation.zip | https://docs.tibco.com/pub/activespaces-addon/tibco-activespaces-enterprise-edition-2-1-3_documentation.zip | https://docs.tibco.com/pub/activespaces/tibco-activespaces-2-1-2_documentation.zip | https://docs.tibco.com/pub/activespaces/tibco-activespaces-2-1-1_documentation.zip | https://docs.tibco.com/pub/activespaces/tibco-activespaces-2-0-2_documentation.zip | https://docs.tibco.com/pub/activespaces/tibco-activespaces-2-0-1_documentation.zip | https://docs.tibco.com/pub/activespaces/tibco-activespaces-2-0-0_documentation.zip | https://docs.tibco.com/pub/activespaces/tibco-activespaces-1-1-1_documentation.zip | https://docs.tibco.com/pub/activespaces/tibco-activespaces-1-1-0_documentation.zip | https://docs.tibco.com/pub/activespaces/tibco-activespaces-1-0-2_documentation.zip | https://docs.tibco.com/pub/activespaces/tibco-activespaces-1-0-1_documentation.zip
tibco-activespaces-connector-for-apache-kafka-enterprise-edition,TIBCO ActiveSpaces® Connector for Apache Kafka - Enterprise Edition,https://docs.tibco.com/products/tibco-activespaces-connector-for-apache-kafka-enterprise-edition,1,,0,,1,https://docs.tibco.com/pub/msg-ak2as/tibco-activespaces-connector-for-apache-kafka-enterprise-edition-1-0-0_documentation.zip
tibco-activespaces-connector-for-apache-pulsar-enterprise-edition,TIBCO ActiveSpaces® Connector for Apache Pulsar - Enterprise Edition,https://docs.tibco.com/products/tibco-activespaces-connector-for-apache-pulsar-enterprise-edition,1,,0,,1,https://docs.tibco.com/pub/msg-ap2as/tibco-activespaces-connector-for-apache-pulsar-enterprise-edition-1-0-0_documentation.zip
tibco-activespaces-enterprise-edition-add-on,TIBCO ActiveSpaces® Enterprise Edition Add-on,https://docs.tibco.com/products/tibco-activespaces-enterprise-edition-add-on,1,,0,,1,https://docs.tibco.com/pub/activespaces-addon/tibco-activespaces-enterprise-edition-add-on-2-1-2_documentation.zip
tibco-activespaces-remote-client,TIBCO ActiveSpaces® Remote Client,https://docs.tibco.com/products/tibco-activespaces-remote-client,7,,7,https://docs.tibco.com/products/tibco-activespaces-remote-client-2-3-0 | https://docs.tibco.com/products/tibco-activespaces-remote-client-2-1-3 | https://docs.tibco.com/products/tibco-activespaces-remote-client-2-1-4 | https://docs.tibco.com/products/tibco-activespaces-remote-client-2-1-5 | https://docs.tibco.com/products/tibco-activespaces-remote-client-2-1-6 | https://docs.tibco.com/products/tibco-activespaces-remote-client-2-2-0 | https://docs.tibco.com/products/tibco-activespaces-remote-client-2-2-1,0,
tibco-activespaces-transactions,TIBCO ActiveSpaces® Transactions,https://docs.tibco.com/products/tibco-activespaces-transactions,27,,0,,26,https://docs.tibco.com/pub/ast/tibco-activespaces-transactions-2-5-11_documentation.zip | https://docs.tibco.com/pub/ast/tibco-activespaces-transactions-2-5-10_documentation.zip | https://docs.tibco.com/pub/ast/tibco-activespaces-transactions-2-5-9_documentation.zip | https://docs.tibco.com/pub/ast/tibco-activespaces-transactions-2-5-8_documentation.zip | https://docs.tibco.com/pub/ast/tibco-activespaces-transactions-2-5-7_documentation.zip | https://docs.tibco.com/pub/ast/tibco-activespaces-transactions-2-5-6_documentation.zip | https://docs.tibco.com/pub/ast/tibco-activespaces-transactions-2-5-5_documentation.zip | https://docs.tibco.com/pub/ast/tibco-activespaces-transactions-2-5-4_documentation.zip | https://docs.tibco.com/pub/ast/tibco-activespaces-transactions-2-5-3_documentation.zip | https://docs.tibco.com/pub/ast/tibco-activespaces-transactions-2-5-2_documentation.zip | https://docs.tibco.com/pub/ast/tibco-activespaces-transactions-2-5-1_documentation.zip | https://docs.tibco.com/pub/ast/tibco-activespaces-transactions-2-4-1_documentation.zip | https://docs.tibco.com/pub/activespaces_transactions/tibco-activespaces-transactions-2-4-0_documentation.zip | https://docs.tibco.com/pub/ast/tibco-activespaces-transactions-2-3-9_documentation.zip | https://docs.tibco.com/pub/ast/tibco-activespaces-transactions-2-3-8_documentation.zip | https://docs.tibco.com/pub/activespaces_transactions/tibco-activespaces-transactions-2-3-7_documentation.zip | https://docs.tibco.com/pub/activespaces_transactions/tibco-activespaces-transactions-2-3-6_documentation.zip | https://docs.tibco.com/pub/activespaces_transactions/tibco-activespaces-transactions-2-3-4_documentation.zip | https://docs.tibco.com/pub/activespaces_transactions/tibco-activespaces-transactions-2-3-3_documentation.zip | https://docs.tibco.com/pub/activespaces_transactions/tibco-activespaces-transactions-2-3-2_documentation.zip | https://docs.tibco.com/pub/activespaces_transactions/tibco-activespaces-transactions-2-3-1_documentation.zip | https://docs.tibco.com/pub/activespaces_transactions/tibco-activespaces-transactions-2-3-0_documentation.zip | https://docs.tibco.com/pub/activespaces_transactions/tibco-activespaces-transactions-2-2-3_documentation.zip | https://docs.tibco.com/pub/activespaces_transactions/tibco-activespaces-transactions-2-2-2_documentation.zip | https://docs.tibco.com/pub/activespaces_transactions/tibco-activespaces-transactions-2-2-1_documentation.zip | https://docs.tibco.com/pub/activespaces_transactions/tibco-activespaces-transactions-2-2-0_documentation.zip
tibco-adapter-for-com,TIBCO Adapter™ for COM,https://docs.tibco.com/products/tibco-adapter-for-com,1,,0,,1,https://docs.tibco.com/pub/adapter_for_com/tibco-adapter-for-com-5-3-1_documentation.zip
tibco-adapter-for-files-z-os-mvs,TIBCO Adapter™ for Files z/OS (MVS),https://docs.tibco.com/products/tibco-adapter-for-files-z-os-mvs,1,,1,https://docs.tibco.com/products/tibco-adapter-for-files-z-os-mvs-4-7,0,
tibco-adapter-for-infranet-5-2-0,TIBCO Adapter™ for Infranet 5.2.0,https://docs.tibco.com/products/tibco-adapter-for-infranet-5-2-0,1,,1,https://docs.tibco.com/products/tibco-adapter-for-infranet-5-2-0,0,
tibco-adapter-for-oracle-applications,TIBCO Adapter™ for Oracle Applications,https://docs.tibco.com/products/tibco-adapter-for-oracle-applications,1,,1,https://docs.tibco.com/products/tibco-adapter-for-oracle-applications-5-4-1,0,
tibco-administrator-enterprise-edition,TIBCO Administrator™ - Enterprise Edition,https://docs.tibco.com/products/tibco-administrator-enterprise-edition,17,,3,https://docs.tibco.com/products/tibco-administrator-enterprise-edition-5-12-2 | https://docs.tibco.com/products/tibco-administrator-enterprise-edition-5-12-4 | https://docs.tibco.com/products/tibco-administrator-enterprise-edition-5-13-0,14,https://docs.tibco.com/pub/administrator/tibco-administrator-enterprise-edition-5-12-0_documentation.zip | https://docs.tibco.com/pub/administrator/tibco-administrator-enterprise-edition-5-11-3_documentation.zip | https://docs.tibco.com/pub/administrator/tibco-administrator-enterprise-edition-5-11-2_documentation.zip | https://docs.tibco.com/pub/administrator/tibco-administrator-enterprise-edition-5-11-1_documentation.zip | https://docs.tibco.com/pub/administrator/tibco-administrator-5-11-0_documentation.zip | https://docs.tibco.com/pub/administrator/tibco-administrator-enterprise-edition-5-10-3_documentation.zip | https://docs.tibco.com/pub/administrator/tibco-administrator-enterprise-edition-5-10-2_documentation.zip | https://docs.tibco.com/pub/administrator/tibco-administrator-5-10-1_documentation.zip | https://docs.tibco.com/pub/administrator/tibco-administrator-5-10-0_documentation.zip | https://docs.tibco.com/pub/administrator/tibco-administrator-5-9-1_documentation.zip | https://docs.tibco.com/pub/administrator/tibco-administrator-5-9-0_documentation.zip | https://docs.tibco.com/pub/administrator/tibco-administrator-5-8-0_documentation.zip | https://docs.tibco.com/pub/administrator/tibco-administrator-5-7-1_documentation.zip | https://docs.tibco.com/pub/administrator/tibco-administrator-5-7-0_documentation.zip
tibco-administrator-enterprise-edition-distribution-for-tibco-silver-fabric,TIBCO Administrator™ - Enterprise Edition Distribution for TIBCO Silver® Fabric,https://docs.tibco.com/products/tibco-administrator-enterprise-edition-distribution-for-tibco-silver-fabric,1,,0,,1,https://docs.tibco.com/pub/tasf/tibco-administrator-enterprise-edition-distribution-for-tibco-silver-fabric-5-11-0_documentation.zip
tibco-business-studio-analyst-edition,TIBCO Business Studio™ - Analyst Edition,https://docs.tibco.com/products/tibco-business-studio-analyst-edition,4,,2,https://docs.tibco.com/products/tibco-business-studio-analyst-edition-4-2-0 | https://docs.tibco.com/products/tibco-business-studio-analyst-edition-4-3-0,2,https://docs.tibco.com/pub/business-studio-analyst-edition/tibco-business-studio-analyst-edition-4-1-0_documentation.zip | https://docs.tibco.com/pub/business-studio-analyst-edition/tibco-business-studio-analyst-edition-4-0-0_documentation.zip
tibco-business-studio-bpm-edition,TIBCO Business Studio™ - BPM Edition,https://docs.tibco.com/products/tibco-business-studio-bpm-edition,25,,9,https://docs.tibco.com/products/tibco-business-studio-bpm-edition-5-3-0 | https://docs.tibco.com/products/tibco-business-studio-bpm-edition-5-4-0 | https://docs.tibco.com/products/tibco-business-studio-bpm-edition-5-5-0 | https://docs.tibco.com/products/tibco-business-studio-bpm-edition-4-3-3 | https://docs.tibco.com/products/tibco-business-studio-bpm-edition-5-6-0 | https://docs.tibco.com/products/tibco-business-studio-bpm-edition-4-3-4 | https://docs.tibco.com/products/tibco-business-studio-bpm-edition-4-3-5 | https://docs.tibco.com/products/tibco-business-studio-bpm-edition-5-6-1 | https://docs.tibco.com/products/tibco-business-studio-bpm-edition-5-7-0,16,https://docs.tibco.com/pub/business-studio-bpm-edition/tibco-business-studio-bpm-edition-5-2-1_documentation.zip | https://docs.tibco.com/pub/business-studio-bpm-edition/tibco-business-studio-bpm-edition-5-2-0_documentation.zip | https://docs.tibco.com/pub/business-studio-bpm-edition/tibco-business-studio-bpm-edition-5-1-0_documentation.zip | https://docs.tibco.com/pub/business-studio-bpm-edition/tibco-business-studio-bpm-edition-5-0-0_documentation.zip | https://docs.tibco.com/pub/business-studio-bpm-edition/tibco-business-studio-bpm-edition-4-3-2_documentation.zip | https://docs.tibco.com/pub/business-studio-bpm-edition/tibco-business-studio-bpm-edition-4-3-1_documentation.zip | https://docs.tibco.com/pub/business-studio-bpm-edition/tibco-business-studio-bpm-edition-4-3-0_documentation.zip | https://docs.tibco.com/pub/business-studio-bpm-edition/tibco-business-studio-bpm-edition-4-2-0_documentation.zip | https://docs.tibco.com/pub/business-studio-bpm-edition/tibco-business-studio-bpm-edition-4-1-0_documentation.zip | https://docs.tibco.com/pub/business-studio-bpm-edition/tibco-business-studio-bpm-edition-4-0-0_documentation.zip | https://docs.tibco.com/pub/business-studio-bpm-edition/tibco-business-studio-bpm-edition-3-9-0_documentation.zip | https://docs.tibco.com/pub/business-studio-bpm-edition/tibco-business-studio-bpm-edition-3-8-0_documentation.zip | https://docs.tibco.com/pub/business-studio-bpm-edition/tibco-business-studio-bpm-edition-3-7-0_documentation.zip | https://docs.tibco.com/pub/business-studio-bpm-edition/tibco-business-studio-bpm-edition-3-6-0_documentation.zip | https://docs.tibco.com/pub/business-studio-bpm-edition/tibco-business-studio-bpm-edition-3-5-20_documentation.zip | https://docs.tibco.com/pub/business-studio-bpm-edition/tibco-business-studio-bpm-edition-3-5-2_documentation.zip
tibco-business-studio-community-edition,TIBCO Business Studio™ - Community Edition,https://docs.tibco.com/products/tibco-business-studio-community-edition,1,,1,https://docs.tibco.com/products/tibco-business-studio-community-edition-4-2-0,0,
tibco-business-studio-activematrix-decisions-add-in,TIBCO Business Studio™ ActiveMatrix® Decisions Add-in,https://docs.tibco.com/products/tibco-business-studio-activematrix-decisions-add-in,7,,2,https://docs.tibco.com/products/tibco-business-studio-activematrix-decisions-add-in-1-3-0 | https://docs.tibco.com/products/tibco-business-studio-activematrix-decisions-add-in-1-4-0,5,https://docs.tibco.com/pub/business-studio-decisions-addin/tibco-business-studio-activematrix-decisions-add-in-1-2-0_documentation.zip | https://docs.tibco.com/pub/business-studio-decisions-addin/1.1.1/tibco-business-studio-activematrix-decisions-add-in-1-1-1_documentation.zip | https://docs.tibco.com/pub/business-studio-decisions-addin/tibco-business-studio-activematrix-decisions-add-in-1-1-0_documentation.zip | https://docs.tibco.com/pub/business-studio-decisions-addin/tibco-business-studio-activematrix-decisions-add-in-1-0-1_documentation.zip | https://docs.tibco.com/pub/business-studio-decisions-addin/tibco-business-studio-activematrix-decisions-add-in-1-0-0_documentation.zip
tibco-business-studio-for-analysts,TIBCO Business Studio™ for Analysts,https://docs.tibco.com/products/tibco-business-studio-for-analysts,3,,3,https://docs.tibco.com/products/tibco-business-studio-for-analysts-3-6-0 | https://docs.tibco.com/products/tibco-business-studio-for-analysts-3-5-10 | https://docs.tibco.com/products/tibco-business-studio-for-analysts-3-5-20,0,
tibco-business-studio-iprocess-add-in,TIBCO Business Studio™ iProcess® Add-in,https://docs.tibco.com/products/tibco-business-studio-iprocess-add-in,1,,1,https://docs.tibco.com/products/tibco-business-studio-iprocess-add-in-3-5-1,0,
tibco-businessconnect,TIBCO BusinessConnect™,https://docs.tibco.com/products/tibco-businessconnect,18,,2,https://docs.tibco.com/products/tibco-businessconnect-7-4-0 | https://docs.tibco.com/products/tibco-businessconnect-7-5-0,16,https://docs.tibco.com/pub/bc/tibco-businessconnect-7-3-1_documentation.zip | https://docs.tibco.com/pub/bc/tibco-businessconnect-7-3-0_documentation.zip | https://docs.tibco.com/pub/bc/tibco-businessconnect-7-2-1_documentation.zip | https://docs.tibco.com/pub/bc/tibco-businessconnect-7-2-0_documentation.zip | https://docs.tibco.com/pub/bc/tibco-businessconnect-7-1-0_documentation.zip | https://docs.tibco.com/pub/bc/tibco-businessconnect-7-0-0_documentation.zip | https://docs.tibco.com/pub/bc/tibco-businessconnect-6-4-0_documentation.zip | https://docs.tibco.com/pub/bc/tibco-businessconnect-6-3-0_documentation.zip | https://docs.tibco.com/pub/bc/tibco-businessconnect-6-2-1_documentation.zip | https://docs.tibco.com/pub/businessconnect/tibco-businessconnect-6-1-0_documentation.zip | https://docs.tibco.com/pub/businessconnect/tibco-businessconnect-6-0-2_documentation.zip | https://docs.tibco.com/pub/businessconnect/tibco-businessconnect-6-0-1_documentation.zip | https://docs.tibco.com/pub/businessconnect/tibco-businessconnect-6-0-0_documentation.zip | https://docs.tibco.com/pub/businessconnect/tibco-businessconnect-5-3-3_documentation.zip | https://docs.tibco.com/pub/businessconnect/tibco-businessconnect-5-3-2_documentation.zip | https://docs.tibco.com/pub/businessconnect/tibco-businessconnect-5-3-1_documentation.zip
tibco-businessconnect-b2bplugin-for-cmi,TIBCO BusinessConnect™ B2BPlugin for CMI,https://docs.tibco.com/products/tibco-businessconnect-b2bplugin-for-cmi,1,,1,https://docs.tibco.com/products/tibco-businessconnect-b2bplugin-for-cmi-1-0-0,0,
tibco-businessconnect-configstore-management-interface-protocol,TIBCO BusinessConnect™ ConfigStore Management Interface Protocol,https://docs.tibco.com/products/tibco-businessconnect-configstore-management-interface-protocol,3,,2,https://docs.tibco.com/products/tibco-businessconnect-configstore-management-interface-protocol-1-0 | https://docs.tibco.com/products/tibco-businessconnect-configstore-management-interface-protocol-6-1-0,1,https://docs.tibco.com/pub/businessconnect_configstore_management_interface/tibco-businessconnect-configstore-management-interface-protocol-6-0-0_documentation.zip
tibco-businessconnect-container-edition,TIBCO BusinessConnect™ Container Edition,https://docs.tibco.com/products/tibco-businessconnect-container-edition,10,,6,https://docs.tibco.com/products/tibco-businessconnect-container-edition-1-3-0 | https://docs.tibco.com/products/tibco-businessconnect-container-edition-1-4-0 | https://docs.tibco.com/products/tibco-businessconnect-container-edition-1-5-0 | https://docs.tibco.com/products/tibco-businessconnect-container-edition-1-6-0 | https://docs.tibco.com/products/tibco-businessconnect-container-edition-1-6-1 | https://docs.tibco.com/products/tibco-businessconnect-container-edition-1-7-0,4,https://docs.tibco.com/pub/bcce/tibco-businessconnect-container-edition-1-2-0_documentation.zip | https://docs.tibco.com/pub/bcce/tibco-businessconnect-container-edition-1-1-1_documentation.zip | https://docs.tibco.com/pub/bcce/tibco-businessconnect-container-edition-1-1-0_documentation.zip | https://docs.tibco.com/pub/bcce/tibco-businessconnect-container-edition-1-0-0_documentation.zip
tibco-businessconnect-container-edition-ebxml-protocol,TIBCO BusinessConnect™ Container Edition - ebXML Protocol,https://docs.tibco.com/products/tibco-businessconnect-container-edition-ebxml-protocol,5,,5,https://docs.tibco.com/products/tibco-businessconnect-container-edition-ebxml-protocol-1-3-0 | https://docs.tibco.com/products/tibco-businessconnect-container-edition-ebxml-protocol-1-0-0 | https://docs.tibco.com/products/tibco-businessconnect-container-edition-ebxml-protocol-1-1-0 | https://docs.tibco.com/products/tibco-businessconnect-container-edition-ebxml-protocol-1-2-0 | https://docs.tibco.com/products/tibco-businessconnect-container-edition-ebxml-protocol-1-2-1,0,
tibco-businessconnect-container-edition-edi-protocol-hipaa-edition-powered-by-instream,TIBCO BusinessConnect™ Container Edition - EDI Protocol HIPAA Edition powered by Instream®,https://docs.tibco.com/products/tibco-businessconnect-container-edition-edi-protocol-hipaa-edition-powered-by-instream,4,,4,https://docs.tibco.com/products/tibco-businessconnect-container-edition-edi-protocol-hipaa-edition-powered-by-instream-1-3-0 | https://docs.tibco.com/products/tibco-businessconnect-container-edition-edi-protocol-hipaa-edition-powered-by-instream-1-0-0 | https://docs.tibco.com/products/tibco-businessconnect-container-edition-edi-protocol-hipaa-edition-powered-by-instream-1-1-0 | https://docs.tibco.com/products/tibco-businessconnect-container-edition-edi-protocol-hipaa-edition-powered-by-instream-1-2-0,0,
tibco-businessconnect-container-edition-edi-protocol-powered-by-instream,TIBCO BusinessConnect™ Container Edition - EDI Protocol powered by Instream®,https://docs.tibco.com/products/tibco-businessconnect-container-edition-edi-protocol-powered-by-instream,7,,6,https://docs.tibco.com/products/tibco-businessconnect-container-edition-edi-protocol-powered-by-instream-1-1-0 | https://docs.tibco.com/products/tibco-businessconnect-container-edition-edi-protocol-powered-by-instream-1-2-0 | https://docs.tibco.com/products/tibco-businessconnect-container-edition-edi-protocol-powered-by-instream-1-3-0 | https://docs.tibco.com/products/tibco-businessconnect-container-edition-edi-protocol-powered-by-instream-1-4-0 | https://docs.tibco.com/products/tibco-businessconnect-container-edition-edi-protocol-powered-by-instream-1-5-0 | https://docs.tibco.com/products/tibco-businessconnect-container-edition-edi-protocol-powered-by-instream-1-6-0,1,https://docs.tibco.com/pub/bcce-edi/tibco-businessconnect-container-edition-edi-protocol-powered-by-instream-1-0-0_documentation.zip
tibco-businessconnect-container-edition-rosettanet-protocol,TIBCO BusinessConnect™ Container Edition - RosettaNet Protocol,https://docs.tibco.com/products/tibco-businessconnect-container-edition-rosettanet-protocol,8,,5,https://docs.tibco.com/products/tibco-businessconnect-container-edition-rosettanet-protocol-1-3-0 | https://docs.tibco.com/products/tibco-businessconnect-container-edition-rosettanet-protocol-1-4-0 | https://docs.tibco.com/products/tibco-businessconnect-container-edition-rosettanet-protocol-1-5-0 | https://docs.tibco.com/products/tibco-businessconnect-container-edition-rosettanet-protocol-1-6-0 | https://docs.tibco.com/products/tibco-businessconnect-container-edition-rosettanet-protocol-1-7-0,3,https://docs.tibco.com/pub/bcce-rn/tibco-businessconnect-container-edition-rosettanet-protocol-1-2-0_documentation.zip | https://docs.tibco.com/pub/bcce-rn/tibco-businessconnect-container-edition-rosettanet-protocol-1-1-0_documentation.zip | https://docs.tibco.com/pub/bcce-rn/tibco-businessconnect-container-edition-rosettanet-protocol-1-0-0_documentation.zip
tibco-businessconnect-container-edition-services-plug-in,TIBCO BusinessConnect™ Container Edition - Services Plug-in,https://docs.tibco.com/products/tibco-businessconnect-container-edition-services-plug-in,8,,6,https://docs.tibco.com/products/tibco-businessconnect-container-edition-services-plug-in-1-2-0 | https://docs.tibco.com/products/tibco-businessconnect-container-edition-services-plug-in-1-3-0 | https://docs.tibco.com/products/tibco-businessconnect-container-edition-services-plug-in-1-4-0 | https://docs.tibco.com/products/tibco-businessconnect-container-edition-services-plug-in-1-5-0 | https://docs.tibco.com/products/tibco-businessconnect-container-edition-services-plug-in-1-6-0 | https://docs.tibco.com/products/tibco-businessconnect-container-edition-services-plug-in-1-7-0,2,https://docs.tibco.com/pub/bcce-ezcomm/tibco-businessconnect-container-edition-services-plug-in-1-1-0_documentation.zip | https://docs.tibco.com/pub/bcce-ezcomm/tibco-businessconnect-container-edition-services-plug-in-1-0-0_documentation.zip
tibco-businessconnect-container-edition-soap-protocol,TIBCO BusinessConnect™ Container Edition - SOAP Protocol,https://docs.tibco.com/products/tibco-businessconnect-container-edition-soap-protocol,5,,5,https://docs.tibco.com/products/tibco-businessconnect-container-edition-soap-protocol-1-3-0 | https://docs.tibco.com/products/tibco-businessconnect-container-edition-soap-protocol-1-0-0 | https://docs.tibco.com/products/tibco-businessconnect-container-edition-soap-protocol-1-1-0 | https://docs.tibco.com/products/tibco-businessconnect-container-edition-soap-protocol-1-2-0 | https://docs.tibco.com/products/tibco-businessconnect-container-edition-soap-protocol-1-2-1,0,
tibco-businessconnect-container-edition-configstore-management-interface-protocol,TIBCO BusinessConnect™ Container Edition ConfigStore Management Interface Protocol,https://docs.tibco.com/products/tibco-businessconnect-container-edition-configstore-management-interface-protocol,3,,3,https://docs.tibco.com/products/tibco-businessconnect-container-edition-configstore-management-interface-protocol-1-2-0 | https://docs.tibco.com/products/tibco-businessconnect-container-edition-configstore-management-interface-protocol-1-0-0 | https://docs.tibco.com/products/tibco-businessconnect-container-edition-configstore-management-interface-protocol-1-1-0,0,
tibco-businessconnect-cxml-protocol,TIBCO BusinessConnect™ cXML Protocol,https://docs.tibco.com/products/tibco-businessconnect-cxml-protocol,3,,0,,3,https://docs.tibco.com/pub/bccxml/tibco-businessconnect-cxml-protocol-6-1-0_documentation.zip | https://docs.tibco.com/pub/bccxml/tibco-businessconnect-cxml-protocol-6-0-1_documentation.zip | https://docs.tibco.com/pub/businessconnect_cxml_protocol/tibco-businessconnect-cxml-protocol-6-0-0_documentation.zip
tibco-businessconnect-distribution-for-tibco-silver-fabric,TIBCO BusinessConnect™ Distribution for TIBCO Silver® Fabric,https://docs.tibco.com/products/tibco-businessconnect-distribution-for-tibco-silver-fabric,1,,0,,1,https://docs.tibco.com/pub/bcsf/tibco-businessconnect-distribution-for-tibco-silver-fabric-6-2-1_documentation.zip
tibco-businessconnect-ebxml-protocol,TIBCO BusinessConnect™ ebXML Protocol,https://docs.tibco.com/products/tibco-businessconnect-ebxml-protocol,6,,1,https://docs.tibco.com/products/tibco-businessconnect-ebxml-protocol-6-4-0,5,https://docs.tibco.com/pub/bcebxml/tibco-businessconnect-ebxml-protocol-6-3-0_documentation.zip | https://docs.tibco.com/pub/bcebxml/tibco-businessconnect-ebxml-protocol-6-2-0_documentation.zip | https://docs.tibco.com/pub/bcebxml/tibco-businessconnect-ebxml-protocol-6-1-0_documentation.zip | https://docs.tibco.com/pub/businessconnect_ebxml_protocol/tibco-businessconnect-ebxml-protocol-6-0-1_documentation.zip | https://docs.tibco.com/pub/businessconnect_ebxml_protocol/tibco-businessconnect-ebxml-protocol-6-0-0_documentation.zip
tibco-businessconnect-edi-protocol-hipaa-edition-powered-by-instream,TIBCO BusinessConnect™ EDI Protocol HIPAA Edition powered by Instream®,https://docs.tibco.com/products/tibco-businessconnect-edi-protocol-hipaa-edition-powered-by-instream,7,,1,https://docs.tibco.com/products/tibco-businessconnect-edi-protocol-hipaa-edition-powered-by-instream-6-7-0,6,https://docs.tibco.com/pub/businessconnect-edi/tibco-businessconnect-edi-protocol-hipaa-edition-powered-by-instream-6-6-0_documentation.zip | https://docs.tibco.com/pub/businessconnect_edi_hipaa_instream/tibco-businessconnect-edi-protocol-hipaa-powered-by-instream-6-5-0_documentation.zip | https://docs.tibco.com/pub/businessconnect_edi_hipaa_instream/tibco-businessconnect-edi-protocol-hipaa-powered-by-instream-6-4-0_documentation.zip | https://docs.tibco.com/pub/businessconnect_edi_hipaa_instream/tibco-businessconnect-edi-protocol-hipaa-powered-by-instream-6-3-0_documentation.zip | https://docs.tibco.com/pub/businessconnect_edi_hipaa_instream/tibco-businessconnect-edi-protocol-hipaa-powered-by-instream-6-2-0_documentation.zip | https://docs.tibco.com/pub/businessconnect_edi_hipaa_instream/tibco-businessconnect-edi-protocol-hipaa-powered-by-instream-6-1-0_documentation.zip
tibco-businessconnect-edi-protocol-powered-by-instream,TIBCO BusinessConnect™ EDI Protocol powered by Instream®,https://docs.tibco.com/products/tibco-businessconnect-edi-protocol-powered-by-instream,14,,2,https://docs.tibco.com/products/tibco-businessconnect-edi-protocol-powered-by-instream-6-10-0 | https://docs.tibco.com/products/tibco-businessconnect-edi-protocol-powered-by-instream-6-11-0,12,https://docs.tibco.com/pub/bcedi/tibco-businessconnect-edi-protocol-powered-by-instream-6-9-0_documentation.zip | https://docs.tibco.com/pub/bcedi/tibco-businessconnect-edi-protocol-powered-by-instream-6-8-0_documentation.zip | https://docs.tibco.com/pub/bcedi/tibco-businessconnect-edi-protocol-powered-by-instream-6-7-0_documentation.zip | https://docs.tibco.com/pub/businessconnect-edi/tibco-businessconnect-edi-protocol-powered-by-instream-6-6-0_documentation.zip | https://docs.tibco.com/pub/businessconnect-edi/tibco-businessconnect-edi-protocol-powered-by-instream-6-5-1_documentation.zip | https://docs.tibco.com/pub/businessconnect_edi_instream/tibco-businessconnect-edi-protocol-powered-by-instream-6-5-0_documentation.zip | https://docs.tibco.com/pub/businessconnect_edi_instream/tibco-businessconnect-edi-protocol-powered-by-instream-6-4-0_documentation.zip | https://docs.tibco.com/pub/businessconnect_edi_instream/tibco-businessconnect-edi-protocol-powered-by-instream-6-3-0_documentation.zip | https://docs.tibco.com/pub/businessconnect_edi_instream/tibco-businessconnect-edi-protocol-powered-by-instream-6-2-1_documentation.zip | https://docs.tibco.com/pub/businessconnect_edi_instream/tibco-businessconnect-edi-protocol-powered-by-instream-6-2-0_documentation.zip | https://docs.tibco.com/pub/businessconnect_edi_instream/tibco-businessconnect-edi-protocol-powered-by-instream-6-1-0_documentation.zip | https://docs.tibco.com/pub/businessconnect_edi_instream/tibco-businessconnect-edi-protocol-powered-by-instream-6-0-0_documentation.zip
tibco-businessconnect-palette,TIBCO BusinessConnect™ Palette,https://docs.tibco.com/products/tibco-businessconnect-palette,5,,3,https://docs.tibco.com/products/tibco-businessconnect-palette-6-4-0 | https://docs.tibco.com/products/tibco-businessconnect-palette-6-5-0 | https://docs.tibco.com/products/tibco-businessconnect-palette-6-6-0,2,https://docs.tibco.com/pub/bcpalette/tibco-businessconnect-palette-6-3-0_documentation.zip | https://docs.tibco.com/pub/bcpalette/tibco-businessconnect-palette-6-2-0_documentation.zip
tibco-businessconnect-palette-distribution-for-tibco-silver-fabric,TIBCO BusinessConnect™ Palette Distribution for TIBCO Silver® Fabric,https://docs.tibco.com/products/tibco-businessconnect-palette-distribution-for-tibco-silver-fabric,1,,0,,1,https://docs.tibco.com/pub/bcpalettesf/tibco-businessconnect-palette-distribution-for-tibco-silver-fabric-6-2-0_documentation.zip
tibco-businessconnect-partner-management-portal,TIBCO BusinessConnect™ Partner Management Portal,https://docs.tibco.com/products/tibco-businessconnect-partner-management-portal,2,,2,https://docs.tibco.com/products/tibco-businessconnect-partner-management-portal-1-1-0 | https://docs.tibco.com/products/tibco-businessconnect-partner-management-portal-1-0-0,0,
tibco-businessconnect-plug-in-for-ftp-server,TIBCO BusinessConnect™ Plug-in for FTP Server,https://docs.tibco.com/products/tibco-businessconnect-plug-in-for-ftp-server,1,,1,https://docs.tibco.com/products/tibco-businessconnect-plug-in-for-ftp-server-1-0-1,0,
tibco-businessconnect-plug-in-for-ssh-server,TIBCO BusinessConnect™ Plug-in for SSH Server,https://docs.tibco.com/products/tibco-businessconnect-plug-in-for-ssh-server,3,,1,https://docs.tibco.com/products/tibco-businessconnect-plug-in-for-ssh-server-1-1-0,2,https://docs.tibco.com/pub/bcsftp/tibco-businessconnect-plug-in-for-ssh-server-1-0-1_documentation.zip | https://docs.tibco.com/pub/businessconnect-plugin-for-ssh-server/tibco-businessconnect-plug-in-for-ssh-server-1-0-0_documentation.zip
tibco-businessconnect-remote,TIBCO BusinessConnect™ Remote,https://docs.tibco.com/products/tibco-businessconnect-remote,1,,1,https://docs.tibco.com/products/tibco-businessconnect-remote-5-0,0,
tibco-businessconnect-rosettanet-protocol,TIBCO BusinessConnect™ RosettaNet Protocol,https://docs.tibco.com/products/tibco-businessconnect-rosettanet-protocol,2,,0,,2,https://docs.tibco.com/pub/bcrn/tibco-businessconnect-rosettanet-protocol-5-3-0_documentation.zip | https://docs.tibco.com/pub/businessconnect_rosettanet/tibco-businessconnect-rosettanet-protocol-5-2-0_documentation.zip
tibco-businessconnect-services-plug-in,TIBCO BusinessConnect™ Services Plug-in,https://docs.tibco.com/products/tibco-businessconnect-services-plug-in,4,,2,https://docs.tibco.com/products/tibco-businessconnect-services-plug-in-6-3-0 | https://docs.tibco.com/products/tibco-businessconnect-services-plug-in-6-4-0,2,https://docs.tibco.com/pub/businessconnect-ezcomm-protocol/tibco-businessconnect-services-plug-in-6-2-0_documentation.zip | https://docs.tibco.com/pub/businessconnect-services-plugin/tibco-businessconnect-services-plug-in-6-1-0_documentation.zip
tibco-businessconnect-soap-protocol,TIBCO BusinessConnect™ SOAP Protocol,https://docs.tibco.com/products/tibco-businessconnect-soap-protocol,6,,2,https://docs.tibco.com/products/tibco-businessconnect-soap-protocol-7-1-0 | https://docs.tibco.com/products/tibco-businessconnect-soap-protocol-7-2-0,4,https://docs.tibco.com/pub/bcsoap/tibco-businessconnect-soap-protocol-7-0-0_documentation.zip | https://docs.tibco.com/pub/bcsoap/tibco-businessconnect-soap-protocol-6-2-0_documentation.zip | https://docs.tibco.com/pub/bcsoap/tibco-businessconnect-soap-protocol-6-1-0_documentation.zip | https://docs.tibco.com/pub/business_connect_soap/tibco-businessconnect-soap-protocol-6-0-0_documentation.zip
tibco-businessconnect-trading-community-management,TIBCO BusinessConnect™ Trading Community Management,https://docs.tibco.com/products/tibco-businessconnect-trading-community-management,4,,1,https://docs.tibco.com/products/tibco-businessconnect-trading-community-management-6-2-0,3,https://docs.tibco.com/pub/bctcm/tibco-businessconnect-trading-community-management-6-1-1_documentation.zip | https://docs.tibco.com/pub/bctcm/tibco-businessconnect-trading-community-management-6-1-0_documentation.zip | https://docs.tibco.com/pub/businessconnect_trading_community_management/tibco-businessconnect-trading-community-management-6-0-0_documentation.zip
tibco-businessevents-data-modeling,TIBCO BusinessEvents® Data Modeling,https://docs.tibco.com/products/tibco-businessevents-data-modeling,16,,1,https://docs.tibco.com/products/tibco-businessevents-data-modeling-5-0,15,https://docs.tibco.com/pub/businessevents-datamodeling/tibco-businessevents-data-modeling-5-4-1_documentation.zip | https://docs.tibco.com/pub/businessevents-datamodeling/tibco-businessevents-data-modeling-5-4-0_documentation.zip | https://docs.tibco.com/pub/businessevents-datamodeling/tibco-businessevents-data-modeling-5-3-0_documentation.zip | https://docs.tibco.com/pub/businessevents-datamodeling/tibco-businessevents-data-modeling-5-2-2_documentation.zip | https://docs.tibco.com/pub/businessevents-datamodeling/tibco-businessevents-data-modeling-5-2-1_documentation.zip | https://docs.tibco.com/pub/businessevents-datamodeling/tibco-businessevents-data-modeling-5-2-0_documentation.zip | https://docs.tibco.com/pub/businessevents_data_modeling/tibco-businessevents-data-modeling-5-1-4_documentation.zip | https://docs.tibco.com/pub/businessevents_data_modeling/5.1.3/tibco-businessevents-data-modeling-5-1-3_documentation.zip | https://docs.tibco.com/pub/businessevents_data_modeling/tibco-businessevents-data-modeling-5-1-2_documentation.zip | https://docs.tibco.com/pub/businessevents_data_modeling/tibco-businessevents-data-modeling-5-1-1_documentation.zip | https://docs.tibco.com/pub/businessevents_data_modeling/tibco-businessevents-data-modeling-5-1-0_documentation.zip | https://docs.tibco.com/pub/businessevents_data_modeling/tibco-businessevents-data-modeling-5-0-1_documentation.zip | https://docs.tibco.com/pub/businessevents_data_modeling/tibco-businessevents-data-modeling-4-0-2_documentation.zip | https://docs.tibco.com/pub/businessevents_data_modeling/tibco-businessevents-data-modeling-4-0-1_documentation.zip | https://docs.tibco.com/pub/businessevents_data_modeling/tibco-businessevents-data-modeling-4-0-0_documentation.zip
tibco-businessevents-decision-manager,TIBCO BusinessEvents® Decision Manager,https://docs.tibco.com/products/tibco-businessevents-decision-manager,16,,0,,16,https://docs.tibco.com/pub/businessevents-decisionmanager/tibco-businessevents-decision-manager-5-4-1_documentation.zip | https://docs.tibco.com/pub/businessevents-decisionmanager/tibco-businessevents-decision-manager-5-4-0_documentation.zip | https://docs.tibco.com/pub/businessevents-decisionmanager/tibco-businessevents-decision-manager-5-3-0_documentation.zip | https://docs.tibco.com/pub/businessevents-decisionmanager/tibco-businessevents-decision-manager-5-2-2_documentation.zip | https://docs.tibco.com/pub/businessevents-decisionmanager/tibco-businessevents-decision-manager-5-2-1_documentation.zip | https://docs.tibco.com/pub/businessevents-decisionmanager/tibco-businessevents-decision-manager-5-2-0_documentation.zip | https://docs.tibco.com/pub/businessevents_decision_manager/tibco-businessevents-decision-manager-5-1-4_documentation.zip | https://docs.tibco.com/pub/businessevents_decision_manager/5.1.3/tibco-businessevents-decision-manager-5-1-3_documentation.zip | https://docs.tibco.com/pub/businessevents_decision_manager/tibco-businessevents-decision-manager-5-1-2_documentation.zip | https://docs.tibco.com/pub/businessevents_decision_manager/tibco-businessevents-decision-manager-5-1-1_documentation.zip | https://docs.tibco.com/pub/businessevents_decision_manager/tibco-businessevents-decision-manager-5-1-0_documentation.zip | https://docs.tibco.com/pub/businessevents_decision_manager/tibco-businessevents-decision-manager-5-0-1_documentation.zip | https://docs.tibco.com/pub/businessevents_decision_manager/tibco-businessevents-decision-manager-5-0-0_documentation.zip | https://docs.tibco.com/pub/businessevents_decision_manager/tibco-businessevents-decision-manager-4-0-2_documentation.zip | https://docs.tibco.com/pub/businessevents_decision_manager/tibco-businessevents-decision-manager-4-0-1_documentation.zip | https://docs.tibco.com/pub/businessevents_decision_manager/tibco-businessevents-decision-manager-4-0-0_documentation.zip
tibco-businessevents-enterprise-edition,TIBCO BusinessEvents® Enterprise Edition,https://docs.tibco.com/products/tibco-businessevents-enterprise-edition,32,,4,https://docs.tibco.com/products/tibco-businessevents-enterprise-edition-6-3-0 | https://docs.tibco.com/products/tibco-businessevents-enterprise-edition-6-3-1 | https://docs.tibco.com/products/tibco-businessevents-enterprise-edition-6-3-2 | https://docs.tibco.com/products/tibco-businessevents-enterprise-edition-6-4-0,28,https://docs.tibco.com/pub/businessevents-enterprise/tibco-businessevents-enterprise-edition-6-2-2_documentation.zip | https://docs.tibco.com/pub/businessevents-enterprise/tibco-businessevents-enterprise-edition-6-2-1_documentation.zip | https://docs.tibco.com/pub/businessevents-enterprise/tibco-businessevents-enterprise-edition-6-2-0_documentation.zip | https://docs.tibco.com/pub/businessevents-enterprise/tibco-businessevents-enterprise-edition-6-1-2_documentation.zip | https://docs.tibco.com/pub/businessevents-enterprise/tibco-businessevents-enterprise-edition-6-1-1_documentation.zip | https://docs.tibco.com/pub/businessevents-enterprise/tibco-businessevents-enterprise-edition-6-1-0_documentation.zip | https://docs.tibco.com/pub/businessevents-enterprise/tibco-businessevents-enterprise-edition-6-0-0_documentation.zip | https://docs.tibco.com/pub/businessevents-enterprise/tibco-businessevents-enterprise-edition-5-6-1_documentation.zip | https://docs.tibco.com/pub/businessevents-enterprise/tibco-businessevents-enterprise-edition-5-6-0_documentation.zip | https://docs.tibco.com/pub/businessevents-enterprise/tibco-businessevents-5-5-0_documentation.zip | https://docs.tibco.com/pub/businessevents-standard/tibco-businessevents-5-4-1_documentation.zip | https://docs.tibco.com/pub/businessevents-standard/tibco-businessevents-5-4-0_documentation.zip | https://docs.tibco.com/pub/businessevents-standard/tibco-businessevents-5-3-0_documentation.zip | https://docs.tibco.com/pub/businessevents-express/tibco-businessevents-5-2-2_documentation.zip | https://docs.tibco.com/pub/businessevents-express/tibco-businessevents-5-2-1_documentation.zip | https://docs.tibco.com/pub/businessevents-express/tibco-businessevents-5-2-0_documentation.zip | https://docs.tibco.com/pub/businessevents/tibco-businessevents-5-1-4_documentation.zip | https://docs.tibco.com/pub/businessevents/tibco-businessevents-5-1-3_documentation.zip | https://docs.tibco.com/pub/businessevents/tibco-businessevents-5-1-2_documentation.zip | https://docs.tibco.com/pub/businessevents/tibco-businessevents-5-1-1_documentation.zip | https://docs.tibco.com/pub/businessevents/tibco-businessevents-5-1-0_documentation.zip | https://docs.tibco.com/pub/businessevents/tibco-businessevents-5-0-1_documentation.zip | https://docs.tibco.com/pub/businessevents/tibco-businessevents-5-0-0_documentation.zip | https://docs.tibco.com/pub/businessevents/tibco-businessevents-4-0-2_documentation.zip | https://docs.tibco.com/pub/businessevents/tibco-businessevents-4-0-1_documentation.zip | https://docs.tibco.com/pub/businessevents/tibco-businessevents-4-0-0_documentation.zip | https://docs.tibco.com/pub/businessevents/tibco-businessevents-3-0-3_documentation.zip | https://docs.tibco.com/pub/businessevents/tibco-businessevents-3-0-2_documentation.zip
tibco-businessevents-event-stream-processing,TIBCO BusinessEvents® Event Stream Processing,https://docs.tibco.com/products/tibco-businessevents-event-stream-processing,16,,1,https://docs.tibco.com/products/tibco-businessevents-event-stream-processing-5-0,15,https://docs.tibco.com/pub/businessevents-eventstreamprocessing/tibco-businessevents-event-stream-processing-5-4-1_documentation.zip | https://docs.tibco.com/pub/businessevents-eventstreamprocessing/tibco-businessevents-event-stream-processing-5-4-0_documentation.zip | https://docs.tibco.com/pub/businessevents-eventstreamprocessing/tibco-businessevents-event-stream-processing-5-3-0_documentation.zip | https://docs.tibco.com/pub/businessevents-eventstreamprocessing/tibco-businessevents-event-stream-processing-5-2-2_documentation.zip | https://docs.tibco.com/pub/businessevents-eventstreamprocessing/tibco-businessevents-event-stream-processing-5-2-1_documentation.zip | https://docs.tibco.com/pub/businessevents-eventstreamprocessing/tibco-businessevents-event-stream-processing-5-2-0_documentation.zip | https://docs.tibco.com/pub/businessevents_event_stream_processing/tibco-businessevents-event-stream-processing-5-1-4_documentation.zip | https://docs.tibco.com/pub/businessevents_event_stream_processing/tibco-businessevents-event-stream-processing-5-1-3_documentation.zip | https://docs.tibco.com/pub/businessevents_event_stream_processing/tibco-businessevents-event-stream-processing-5-1-2_documentation.zip | https://docs.tibco.com/pub/businessevents_event_stream_processing/tibco-businessevents-event-stream-processing-5-1-1_documentation.zip | https://docs.tibco.com/pub/businessevents_event_stream_processing/tibco-businessevents-event-stream-processing-5-1-0_documentation.zip | https://docs.tibco.com/pub/businessevents_event_stream_processing/tibco-businessevents-event-stream-processing-5-0-1_documentation.zip | https://docs.tibco.com/pub/businessevents_event_stream_processing/tibco-businessevents-event-stream-processing-4-0-2_documentation.zip | https://docs.tibco.com/pub/businessevents_event_stream_processing/tibco-businessevents-event-stream-processing-4-0-1_documentation.zip | https://docs.tibco.com/pub/businessevents_event_stream_processing/tibco-businessevents-event-stream-processing-4-0-0_documentation.zip
tibco-businessevents-extreme,TIBCO BusinessEvents® Extreme,https://docs.tibco.com/products/tibco-businessevents-extreme,20,,0,,20,https://docs.tibco.com/pub/bex/tibco-businessevents-extreme-1-3-6_documentation.zip | https://docs.tibco.com/pub/bex/tibco-businessevents-extreme-1-3-5_documentation.zip | https://docs.tibco.com/pub/bex/tibco-businessevents-extreme-1-3-4_documentation.zip | https://docs.tibco.com/pub/bex/tibco-businessevents-extreme-1-3-3_documentation.zip | https://docs.tibco.com/pub/bex/tibco-businessevents-extreme-1-3-2_documentation.zip | https://docs.tibco.com/pub/bex/tibco-businessevents-extreme-1-3-1_documentation.zip | https://docs.tibco.com/pub/bex/tibco-businessevents-extreme-1-3-0_documentation.zip | https://docs.tibco.com/pub/bex/tibco-businessevents-extreme-1-2-1_documentation.zip | https://docs.tibco.com/pub/businessevents-extreme/tibco-businessevents-extreme-1-2-0_documentation.zip | https://docs.tibco.com/pub/bex/tibco-businessevents-extreme-1-1-4_documentation.zip | https://docs.tibco.com/pub/businessevents-extreme/tibco-businessevents-extreme-1-1-3_documentation.zip | https://docs.tibco.com/pub/businessevents-extreme/tibco-businessevents-extreme-1-1-2_documentation.zip | https://docs.tibco.com/pub/businessevents-extreme/tibco-businessevents-extreme-1-1-1_documentation.zip | https://docs.tibco.com/pub/businessevents-extreme/tibco-businessevents-extreme-1-1-0_documentation.zip | https://docs.tibco.com/pub/businessevents-extreme/tibco-businessevents-extreme-1-0-5_documentation.zip | https://docs.tibco.com/pub/businessevents-extreme/tibco-businessevents-extreme-1-0-4_documentation.zip | https://docs.tibco.com/pub/businessevents-extreme/tibco-businessevents-extreme-1-0-3_documentation.zip | https://docs.tibco.com/pub/businessevents-extreme/tibco-businessevents-extreme-1-0-2_documentation.zip | https://docs.tibco.com/pub/businessevents-extreme/tibco-businessevents-extreme-1-0-1_documentation.zip | https://docs.tibco.com/pub/businessevents-extreme/tibco-businessevents-extreme-1-0-0_documentation.zip
tibco-businessevents-plug-in-for-edi-healthcare-edition,TIBCO BusinessEvents® Plug-in for EDI Healthcare Edition,https://docs.tibco.com/products/tibco-businessevents-plug-in-for-edi-healthcare-edition,1,,0,,1,https://docs.tibco.com/pub/businessevents_plug-in_for_edi_healthcare/tibco-businessevents-plug-in-for-edi-healthcare-edition-2-0-0_documentation.zip
tibco-businessevents-plug-in-for-edi-standard-edition,TIBCO BusinessEvents® Plug-in for EDI Standard Edition,https://docs.tibco.com/products/tibco-businessevents-plug-in-for-edi-standard-edition,1,,0,,1,https://docs.tibco.com/pub/businessevents_plug-in_for_edi_standard/tibco-businessevents-plug-in-for-edi-standard-edition-2-0-0_documentation.zip
tibco-businessevents-process-orchestration,TIBCO BusinessEvents® Process Orchestration,https://docs.tibco.com/products/tibco-businessevents-process-orchestration,20,,0,,20,https://docs.tibco.com/pub/businessevents-process/tibco-businessevents-process-orchestration-6-2-2_documentation.zip | https://docs.tibco.com/pub/businessevents-process/tibco-businessevents-process-orchestration-6-2-1_documentation.zip | https://docs.tibco.com/pub/businessevents-process/tibco-businessevents-process-orchestration-6-2-0_documentation.zip | https://docs.tibco.com/pub/businessevents-process/tibco-businessevents-process-orchestration-6-1-2_documentation.zip | https://docs.tibco.com/pub/businessevents-process/tibco-businessevents-process-orchestration-6-1-1_documentation.zip | https://docs.tibco.com/pub/businessevents-process/tibco-businessevents-process-orchestration-6-1-0_documentation.zip | https://docs.tibco.com/pub/businessevents-process/tibco-businessevents-process-orchestration-6-0-0_documentation.zip | https://docs.tibco.com/pub/businessevents-process/tibco-businessevents-process-orchestration-5-6-1_documentation.zip | https://docs.tibco.com/pub/businessevents-process/tibco-businessevents-process-orchestration-5-6-0_documentation.zip | https://docs.tibco.com/pub/businessevents-process/tibco-businessevents-process-orchestration-5-5-0_documentation.zip | https://docs.tibco.com/pub/businessevents-process/tibco-businessevents-process-orchestration-5-4-1_documentation.zip | https://docs.tibco.com/pub/businessevents-process/tibco-businessevents-process-orchestration-5-4-0_documentation.zip | https://docs.tibco.com/pub/businessevents-process/tibco-businessevents-process-orchestration-5-3-0_documentation.zip | https://docs.tibco.com/pub/businessevents-process/tibco-businessevents-process-orchestration-1-2-2_documentation.zip | https://docs.tibco.com/pub/businessevents-process/tibco-businessevents-process-orchestration-1-2-1_documentation.zip | https://docs.tibco.com/pub/businessevents-process/tibco-businessevents-process-orchestration-1-2-0_documentation.zip | https://docs.tibco.com/pub/businessevents_process_orchestration/tibco-businessevents-process-orchestration-1-1-2_documentation.zip | https://docs.tibco.com/pub/businessevents_process_orchestration/tibco-businessevents-process-orchestration-1-1-0_documentation.zip | https://docs.tibco.com/pub/businessevents_process_orchestration/tibco-businessevents-process-orchestration-1-0-1_documentation.zip | https://docs.tibco.com/pub/businessevents_process_orchestration/tibco-businessevents-process-orchestration-1-0-0_documentation.zip
tibco-businessevents-views,TIBCO BusinessEvents® Views,https://docs.tibco.com/products/tibco-businessevents-views,19,,0,,19,https://docs.tibco.com/pub/businessevents-views/tibco-businessevents-views-5-6-1_documentation.zip | https://docs.tibco.com/pub/businessevents-views/tibco-businessevents-views-5-6-0_documentation.zip | https://docs.tibco.com/pub/businessevents-views/tibco-businessevents-views-5-5-0_documentation.zip | https://docs.tibco.com/pub/businessevents-views/tibco-businessevents-views-5-4-1_documentation.zip | https://docs.tibco.com/pub/businessevents-views/tibco-businessevents-views-5-4-0_documentation.zip | https://docs.tibco.com/pub/businessevents-views/tibco-businessevents-views-5-3-0_documentation.zip | https://docs.tibco.com/pub/businessevents-views/tibco-businessevents-views-5-2-2_documentation.zip | https://docs.tibco.com/pub/businessevents-views/tibco-businessevents-views-5-2-1_documentation.zip | https://docs.tibco.com/pub/businessevents-views/tibco-businessevents-views-5-2-0_documentation.zip | https://docs.tibco.com/pub/businessevents_views/tibco-businessevents-views-5-1-4_documentation.zip | https://docs.tibco.com/pub/businessevents_views/tibco-businessevents-views-5-1-3_documentation.zip | https://docs.tibco.com/pub/businessevents_views/tibco-businessevents-views-5-1-2_documentation.zip | https://docs.tibco.com/pub/businessevents_views/tibco-businessevents-views-5-1-1_documentation.zip | https://docs.tibco.com/pub/businessevents_views/tibco-businessevents-views-5-1-0_documentation.zip | https://docs.tibco.com/pub/businessevents_views/tibco-businessevents-views-5-0-1_documentation.zip | https://docs.tibco.com/pub/businessevents_views/tibco-businessevents-views-5-0-0_documentation.zip | https://docs.tibco.com/pub/businessevents_views/tibco-businessevents-views-4-0-2_documentation.zip | https://docs.tibco.com/pub/businessevents_views/tibco-businessevents-views-4-0-1_documentation.zip | https://docs.tibco.com/pub/businessevents_views/tibco-businessevents-views-4-0-0_documentation.zip
tibco-businessworks-cobol-copybook-plug-in,TIBCO BusinessWorks™ COBOL Copybook Plug-in,https://docs.tibco.com/products/tibco-businessworks-cobol-copybook-plug-in,1,,1,https://docs.tibco.com/products/tibco-businessworks-cobol-copybook-plug-in-2-5,0,
tibco-businessworks-collaborator,TIBCO BusinessWorks™ Collaborator,https://docs.tibco.com/products/tibco-businessworks-collaborator,5,,1,https://docs.tibco.com/products/tibco-businessworks-collaborator-5-6-0,4,https://docs.tibco.com/pub/bwc/tibco-businessworks-collaborator-5-6-3_documentation.zip | https://docs.tibco.com/pub/bwc/tibco-businessworks-collaborator-5-6-2_documentation.zip | https://docs.tibco.com/pub/businessworks_collaborator/tibco-businessworks-collaborator-5-6-1_documentation.zip | https://docs.tibco.com/pub/businessworks_collaborator/tibco-businessworks-collaborator-5-5-1_documentation.zip
tibco-businessworks-container-edition,TIBCO BusinessWorks™ Container Edition,https://docs.tibco.com/products/tibco-businessworks-container-edition,39,,7,https://docs.tibco.com/products/tibco-businessworks-container-edition-2-8-1 | https://docs.tibco.com/products/tibco-businessworks-container-edition-2-8-2 | https://docs.tibco.com/products/tibco-businessworks-container-edition-2-8-3 | https://docs.tibco.com/products/tibco-businessworks-container-edition-2-9-0 | https://docs.tibco.com/products/tibco-businessworks-container-edition-2-9-1 | https://docs.tibco.com/products/tibco-businessworks-container-edition-2-9-2 | https://docs.tibco.com/products/tibco-businessworks-container-edition-2-10-0,32,https://docs.tibco.com/pub/bwce/tibco-businessworks-container-edition-2-8-0_documentation.zip | https://docs.tibco.com/pub/bwce/tibco-businessworks-container-edition-2-7-3_documentation.zip | https://docs.tibco.com/pub/bwce/tibco-businessworks-container-edition-2-7-2_documentation.zip | https://docs.tibco.com/pub/bwce/tibco-businessworks-container-edition-2-7-1_documentation.zip | https://docs.tibco.com/pub/bwce/tibco-businessworks-container-edition-2-7-0_documentation.zip | https://docs.tibco.com/pub/bwce/tibco-businessworks-container-edition-2-6-3_documentation.zip | https://docs.tibco.com/pub/bwce/tibco-businessworks-container-edition-2-6-2_documentation.zip | https://docs.tibco.com/pub/bwce/tibco-businessworks-container-edition-2-6-1_documentation.zip | https://docs.tibco.com/pub/bwce/tibco-businessworks-container-edition-2-6-0_documentation.zip | https://docs.tibco.com/pub/bwce/tibco-businessworks-container-edition-2-5-4_documentation.zip | https://docs.tibco.com/pub/bwce/tibco-businessworks-container-edition-2-5-3_documentation.zip | https://docs.tibco.com/pub/bwce/tibco-businessworks-container-edition-2-5-2_documentation.zip | https://docs.tibco.com/pub/bwce/tibco-businessworks-container-edition-2-5-1_documentation.zip | https://docs.tibco.com/pub/bwce/tibco-businessworks-container-edition-2-5-0_documentation.zip | https://docs.tibco.com/pub/bwce/tibco-businessworks-container-edition-2-4-5_documentation.zip | https://docs.tibco.com/pub/bwce/tibco-businessworks-container-edition-2-4-4_documentation.zip | https://docs.tibco.com/pub/bwce/tibco-businessworks-container-edition-2-4-3_documentation.zip | https://docs.tibco.com/pub/bwce/tibco-businessworks-container-edition-2-4-2_documentation.zip | https://docs.tibco.com/pub/bwce/tibco-businessworks-container-edition-2-4-1_documentation.zip | https://docs.tibco.com/pub/bwce/tibco-businessworks-container-edition-2-4-0_documentation.zip | https://docs.tibco.com/pub/bwce/tibco-businessworks-container-edition-2-3-4_documentation.zip | https://docs.tibco.com/pub/bwce/tibco-businessworks-container-edition-2-3-3_documentation.zip | https://docs.tibco.com/pub/bwce/tibco-businessworks-container-edition-2-3-2_documentation.zip | https://docs.tibco.com/pub/bwce/tibco-businessworks-container-edition-2-3-1_documentation.zip | https://docs.tibco.com/pub/bwce/tibco-businessworks-container-edition-2-3-0_documentation.zip | https://docs.tibco.com/pub/bwce/tibco-businessworks-container-edition-2-2-1_documentation.zip | https://docs.tibco.com/pub/bwce/tibco-businessworks-container-edition-2-2-0_documentation.zip | https://docs.tibco.com/pub/bwce/tibco-businessworks-container-edition-2-1-1_documentation.zip | https://docs.tibco.com/pub/bwce/tibco-businessworks-container-edition-2-1-0_documentation.zip | https://docs.tibco.com/pub/bwce/tibco-businessworks-container-edition-2-0-0_documentation.zip | https://docs.tibco.com/pub/bwcf/tibco-businessworks-container-edition-1-0-1_documentation.zip | https://docs.tibco.com/pub/bwcf/tibco-businessworks-container-edition-1-0-0_documentation.zip
tibco-businessworks-container-edition-buildpack-for-pcf,TIBCO BusinessWorks™ Container Edition Buildpack for PCF,https://docs.tibco.com/products/tibco-businessworks-container-edition-buildpack-for-pcf,1,,1,https://docs.tibco.com/products/tibco-businessworks-container-edition-buildpack-for-pcf-2-2-1,0,
tibco-businessworks-enterprise,TIBCO BusinessWorks™ Enterprise,https://docs.tibco.com/products/tibco-businessworks-enterprise,30,,27,https://docs.tibco.com/products/tibco-businessworks-enterprise-1-4-0 | https://docs.tibco.com/products/tibco-businessworks-enterprise-1-5-0 | https://docs.tibco.com/products/tibco-businessworks-enterprise-1-6-0 | https://docs.tibco.com/products/tibco-businessworks-enterprise-1-7-0 | https://docs.tibco.com/products/tibco-businessworks-enterprise-1-8-0 | https://docs.tibco.com/products/tibco-businessworks-enterprise-1-9-0 | https://docs.tibco.com/products/tibco-businessworks-enterprise-2-0-0 | https://docs.tibco.com/products/tibco-businessworks-enterprise-2-1-0 | https://docs.tibco.com/products/tibco-businessworks-enterprise-2-2-0 | https://docs.tibco.com/products/tibco-businessworks-enterprise-2-3-0 | https://docs.tibco.com/products/tibco-businessworks-enterprise-2-4-0 | https://docs.tibco.com/products/tibco-businessworks-enterprise-2-5-0 | https://docs.tibco.com/products/tibco-businessworks-enterprise-2-6-0 | https://docs.tibco.com/products/tibco-businessworks-enterprise-2-7-0 | https://docs.tibco.com/products/tibco-businessworks-enterprise-2-8-0 | https://docs.tibco.com/products/tibco-businessworks-enterprise-2-9-0 | https://docs.tibco.com/products/tibco-businessworks-enterprise-3-0-0 | https://docs.tibco.com/products/tibco-businessworks-enterprise-3-1-0 | https://docs.tibco.com/products/tibco-businessworks-enterprise-3-3-0 | https://docs.tibco.com/products/tibco-businessworks-enterprise-3-4-0 | https://docs.tibco.com/products/tibco-businessworks-enterprise-3-6-0 | https://docs.tibco.com/products/tibco-businessworks-enterprise-3-7-0 | https://docs.tibco.com/products/tibco-businessworks-enterprise-3-8-0 | https://docs.tibco.com/products/tibco-businessworks-enterprise-3-9-0 | https://docs.tibco.com/products/tibco-businessworks-enterprise-3-10-0 | https://docs.tibco.com/products/tibco-businessworks-enterprise-3-11-0 | https://docs.tibco.com/products/tibco-businessworks-enterprise-3-12-0,3,https://docs.tibco.com/pub/bwent/tibco-businessworks-enterprise-1-3-0_documentation.zip | https://docs.tibco.com/pub/bwent/tibco-businessworks-enterprise-1-2-0_documentation.zip | https://docs.tibco.com/pub/bwent/tibco-businessworks-enterprise-1-1-0_documentation.zip
tibco-businessworks-formbuilder,TIBCO BusinessWorks™ FormBuilder,https://docs.tibco.com/products/tibco-businessworks-formbuilder,3,,3,https://docs.tibco.com/products/tibco-formbuilder-5-3 | https://docs.tibco.com/products/tibco-businessworks-formbuilder-5-3-1 | https://docs.tibco.com/products/tibco-businessworks-formbuilder-5-3-2,0,
tibco-businessworks-integrationmanager-plug-in,TIBCO BusinessWorks™ IntegrationManager Plug-in,https://docs.tibco.com/products/tibco-businessworks-integrationmanager-plug-in,1,,1,https://docs.tibco.com/products/tibco-businessworks-integrationmanager-plug-in-1-0,0,
tibco-businessworks-plug-in-for-ai,TIBCO BusinessWorks™ Plug-in for AI,https://docs.tibco.com/products/tibco-businessworks-plug-in-for-ai,1,,1,https://docs.tibco.com/products/tibco-businessworks-plug-in-for-ai-6-0-0,0,
tibco-businessworks-processmonitor,TIBCO BusinessWorks™ ProcessMonitor,https://docs.tibco.com/products/tibco-businessworks-processmonitor,10,,9,https://docs.tibco.com/products/tibco-businessworks-processmonitor-2-0-0 | https://docs.tibco.com/products/tibco-businessworks-processmonitor-2-1-0 | https://docs.tibco.com/products/tibco-businessworks-processmonitor-2-1-2 | https://docs.tibco.com/products/tibco-businessworks-processmonitor-2-2-0 | https://docs.tibco.com/products/tibco-businessworks-processmonitor-2-2-1 | https://docs.tibco.com/products/tibco-businessworks-processmonitor-3-0-0 | https://docs.tibco.com/products/tibco-businessworks-processmonitor-3-0-1 | https://docs.tibco.com/products/tibco-businessworks-processmonitor-3-0-2 | https://docs.tibco.com/products/tibco-businessworks-processmonitor-3-1-0,1,https://docs.tibco.com/pub/bwpm/tibco-businessworks-processmonitor-3-2-0_documentation.zip
tibco-businessworks-xa-transaction-manager,TIBCO BusinessWorks™ XA Transaction Manager,https://docs.tibco.com/products/tibco-businessworks-xa-transaction-manager,2,,1,https://docs.tibco.com/products/tibco-businessworks-xa-transaction-manager-1-1-1,1,https://docs.tibco.com/pub/bwtm/tibco-businessworks-xa-transaction-manager-1-1-2_documentation.zip
tibco-cloud-bus,TIBCO Cloud Bus™,https://docs.tibco.com/products/tibco-cloud-bus,1,,1,https://docs.tibco.com/products/tibco-cloud-bus-1-2-0,0,
tibco-cloud,TIBCO Cloud™,https://docs.tibco.com/products/tibco-cloud,1,,1,https://docs.tibco.com/products/tibco-cloud,0,
tibco-cloud-administration,TIBCO Cloud™ Administration,https://docs.tibco.com/products/tibco-cloud-administration,1,,1,https://docs.tibco.com/products/tibco-cloud-administration,0,
tibco-cloud-api-modeler,TIBCO Cloud™ API Modeler,https://docs.tibco.com/products/tibco-cloud-api-modeler,6,,6,https://docs.tibco.com/products/tibco-cloud-api-modeler-1-5-0 | https://docs.tibco.com/products/tibco-cloud-api-modeler-1-0-0 | https://docs.tibco.com/products/tibco-cloud-api-modeler-1-1-0 | https://docs.tibco.com/products/tibco-cloud-api-modeler-1-2-0 | https://docs.tibco.com/products/tibco-cloud-api-modeler-1-3-0 | https://docs.tibco.com/products/tibco-cloud-api-modeler-1-4-0,0,
tibco-cloud-auditsafe,TIBCO Cloud™ AuditSafe,https://docs.tibco.com/products/tibco-cloud-auditsafe,3,,3,https://docs.tibco.com/products/tibco-cloud-auditsafe-1-5-1 | https://docs.tibco.com/products/tibco-cloud-auditsafe-1-0-0 | https://docs.tibco.com/products/tibco-cloud-auditsafe-1-5-0,0,
tibco-cloud-data-streams,TIBCO Cloud™ Data Streams,https://docs.tibco.com/products/tibco-cloud-data-streams,1,,0,,1,https://docs.tibco.com/pub/tcds/tibco-cloud-data-streams-1-2-0_documentation.zip
tibco-cloud-ebx,TIBCO Cloud™ EBX®,https://docs.tibco.com/products/tibco-cloud-ebx,1,,1,https://docs.tibco.com/products/tibco-cloud-ebx-1-0-0,0,
tibco-cloud-events,TIBCO Cloud™ Events,https://docs.tibco.com/products/tibco-cloud-events,1,,1,https://docs.tibco.com/products/tibco-cloud-events,0,
tibco-cloud-integration-businessworks-payg,TIBCO Cloud™ Integration - BusinessWorks™ (PAYG),https://docs.tibco.com/products/tibco-cloud-integration-businessworks-payg,13,,13,https://docs.tibco.com/products/tibco-cloud-integration-businessworks-payg-2-8-0 | https://docs.tibco.com/products/tibco-businessworks-container-edition-and-plug-ins-for-aws-marketplace-2-3-1 | https://docs.tibco.com/products/tibco-businessworks-container-edition-and-plug-ins-for-aws-marketplace-2-3-3 | https://docs.tibco.com/products/tibco-cloud-integration-businessworks-payg-2-3-4 | https://docs.tibco.com/products/tibco-cloud-integration-businessworks-payg-2-4-0 | https://docs.tibco.com/products/tibco-cloud-integration-businessworks-payg-2-4-2 | https://docs.tibco.com/products/tibco-cloud-integration-businessworks-payg-2-4-3 | https://docs.tibco.com/products/tibco-cloud-integration-businessworks-payg-2-4-5 | https://docs.tibco.com/products/tibco-cloud-integration-businessworks-payg-2-5-0 | https://docs.tibco.com/products/tibco-cloud-integration-businessworks-payg-2-5-3 | https://docs.tibco.com/products/tibco-cloud-integration-businessworks-payg-2-5-4 | https://docs.tibco.com/products/tibco-cloud-integration-businessworks-payg-2-6-0 | https://docs.tibco.com/products/tibco-cloud-integration-businessworks-payg-2-6-1,0,
tibco-cloud-integration-flogo-payg,TIBCO Cloud™ Integration - Flogo® (PAYG),https://docs.tibco.com/products/tibco-cloud-integration-flogo-payg,6,,6,https://docs.tibco.com/products/tibco-cloud-integration-flogo-payg-2-11-0 | https://docs.tibco.com/products/tibco-cloud-integration-flogo-payg-2-4-0 | https://docs.tibco.com/products/tibco-cloud-integration-flogo-payg-2-6-1 | https://docs.tibco.com/products/tibco-cloud-integration-flogo-payg-2-7-0 | https://docs.tibco.com/products/tibco-cloud-integration-flogo-payg-2-8-0 | https://docs.tibco.com/products/tibco-cloud-integration-flogo-payg-2-9-0,0,
tibco-cloud-integration-hybrid,TIBCO Cloud™ Integration - Hybrid,https://docs.tibco.com/products/tibco-cloud-integration-hybrid,33,,33,https://docs.tibco.com/products/tibco-cloud-integration-hybrid-3-12-0 | https://docs.tibco.com/products/tibco-cloud-integration-1-0-0 | https://docs.tibco.com/products/tibco-cloud-integration-1-1-0 | https://docs.tibco.com/products/tibco-cloud-integration-1-2-0 | https://docs.tibco.com/products/tibco-cloud-integration-1-3-0 | https://docs.tibco.com/products/tibco-cloud-integration-1-4-0 | https://docs.tibco.com/products/tibco-cloud-integration-1-5-0 | https://docs.tibco.com/products/tibco-cloud-integration-1-6-0 | https://docs.tibco.com/products/tibco-cloud-integration-1-7-0 | https://docs.tibco.com/products/tibco-cloud-integration-1-8-0 | https://docs.tibco.com/products/tibco-cloud-integration-hybrid-2-0-0 | https://docs.tibco.com/products/tibco-cloud-integration-hybrid-2-1-0 | https://docs.tibco.com/products/tibco-cloud-integration-hybrid-2-1-1 | https://docs.tibco.com/products/tibco-cloud-integration-hybrid-2-2-0 | https://docs.tibco.com/products/tibco-cloud-integration-hybrid-2-3-0 | https://docs.tibco.com/products/tibco-cloud-integration-hybrid-2-5-0 | https://docs.tibco.com/products/tibco-cloud-integration-hybrid-2-6-0 | https://docs.tibco.com/products/tibco-cloud-integration-hybrid-2-6-1 | https://docs.tibco.com/products/tibco-cloud-integration-hybrid-2-7-0 | https://docs.tibco.com/products/tibco-cloud-integration-hybrid-2-8-0 | https://docs.tibco.com/products/tibco-cloud-integration-hybrid-2-9-0 | https://docs.tibco.com/products/tibco-cloud-integration-hybrid-3-0-0 | https://docs.tibco.com/products/tibco-cloud-integration-hybrid-3-1-0 | https://docs.tibco.com/products/tibco-cloud-integration-hybrid-3-2-0 | https://docs.tibco.com/products/tibco-cloud-integration-hybrid-3-3-0 | https://docs.tibco.com/products/tibco-cloud-integration-hybrid-3-4-0 | https://docs.tibco.com/products/tibco-cloud-integration-hybrid-3-5-0 | https://docs.tibco.com/products/tibco-cloud-integration-hybrid-3-6-0 | https://docs.tibco.com/products/tibco-cloud-integration-hybrid-3-7-0 | https://docs.tibco.com/products/tibco-cloud-integration-hybrid-3-8-0 | https://docs.tibco.com/products/tibco-cloud-integration-hybrid-3-9-0 | https://docs.tibco.com/products/tibco-cloud-integration-hybrid-3-10-0 | https://docs.tibco.com/products/tibco-cloud-integration-hybrid-3-11-0,0,
tibco-cloud-integration-hybrid-connectivity-add-on,TIBCO Cloud™ Integration - Hybrid - Connectivity Add-On,https://docs.tibco.com/products/tibco-cloud-integration-hybrid-connectivity-add-on,33,,33,https://docs.tibco.com/products/tibco-cloud-integration-hybrid-connectivity-add-on-3-10-0 | https://docs.tibco.com/products/tibco-cloud-integration-hybrid-connectivity-add-on-1-0-0 | https://docs.tibco.com/products/tibco-cloud-integration-hybrid-connectivity-add-on-1-1-0 | https://docs.tibco.com/products/tibco-cloud-integration-hybrid-connectivity-add-on-1-3-0 | https://docs.tibco.com/products/tibco-cloud-integration-hybrid-connectivity-add-on-1-2-0 | https://docs.tibco.com/products/tibco-cloud-integration-hybrid-connectivity-add-on-1-7-0 | https://docs.tibco.com/products/tibco-cloud-integration-hybrid-connectivity-add-on-1-8-0 | https://docs.tibco.com/products/tibco-cloud-integration-hybrid-connectivity-add-on-2-0-0 | https://docs.tibco.com/products/tibco-cloud-integration-hybrid-connectivity-add-on-2-1-0 | https://docs.tibco.com/products/tibco-cloud-integration-hybrid-connectivity-add-on-2-1-1 | https://docs.tibco.com/products/tibco-cloud-integration-hybrid-connectivity-add-on-2-2-0 | https://docs.tibco.com/products/tibco-cloud-integration-hybrid-connectivity-add-on-2-3-0 | https://docs.tibco.com/products/tibco-cloud-integration-hybrid-connectivity-add-on-2-4-0 | https://docs.tibco.com/products/tibco-cloud-integration-hybrid-connectivity-add-on-2-5-0 | https://docs.tibco.com/products/tibco-cloud-integration-hybrid-connectivity-add-on-2-5-1 | https://docs.tibco.com/products/tibco-cloud-integration-hybrid-connectivity-add-on-2-5-2 | https://docs.tibco.com/products/tibco-cloud-integration-hybrid-connectivity-add-on-2-5-3 | https://docs.tibco.com/products/tibco-cloud-integration-hybrid-connectivity-add-on-2-6-0 | https://docs.tibco.com/products/tibco-cloud-integration-hybrid-connectivity-add-on-2-6-1 | https://docs.tibco.com/products/tibco-cloud-integration-hybrid-connectivity-add-on-2-7-0 | https://docs.tibco.com/products/tibco-cloud-integration-hybrid-connectivity-add-on-2-9-0 | https://docs.tibco.com/products/tibco-cloud-integration-hybrid-connectivity-add-on-2-9-1 | https://docs.tibco.com/products/tibco-cloud-integration-hybrid-connectivity-add-on-3-0-0 | https://docs.tibco.com/products/tibco-cloud-integration-hybrid-connectivity-add-on-3-1-0 | https://docs.tibco.com/products/tibco-cloud-integration-hybrid-connectivity-add-on-3-2-0 | https://docs.tibco.com/products/tibco-cloud-integration-hybrid-connectivity-add-on-3-3-0 | https://docs.tibco.com/products/tibco-cloud-integration-hybrid-connectivity-add-on-3-4-0 | https://docs.tibco.com/products/tibco-cloud-integration-hybrid-connectivity-add-on-3-4-1 | https://docs.tibco.com/products/tibco-cloud-integration-hybrid-connectivity-add-on-3-5-0 | https://docs.tibco.com/products/tibco-cloud-integration-hybrid-connectivity-add-on-3-6-0 | https://docs.tibco.com/products/tibco-cloud-integration-hybrid-connectivity-add-on-3-7-0 | https://docs.tibco.com/products/tibco-cloud-integration-hybrid-connectivity-add-on-3-8-0 | https://docs.tibco.com/products/tibco-cloud-integration-hybrid-connectivity-add-on-3-9-0,0,
tibco-cloud-integration-hybrid-plan,TIBCO Cloud™ Integration - Hybrid Plan,https://docs.tibco.com/products/tibco-cloud-integration-hybrid-plan,27,,9,https://docs.tibco.com/products/tibco-cloud-integration-hybrid-plan-3-4-0 | https://docs.tibco.com/products/tibco-cloud-integration-hybrid-plan-3-5-0 | https://docs.tibco.com/products/tibco-cloud-integration-hybrid-plan-3-6-0 | https://docs.tibco.com/products/tibco-cloud-integration-hybrid-plan-3-7-0 | https://docs.tibco.com/products/tibco-cloud-integration-hybrid-plan-3-8-0 | https://docs.tibco.com/products/tibco-cloud-integration-hybrid-plan-3-9-0 | https://docs.tibco.com/products/tibco-cloud-integration-hybrid-plan-3-10-0 | https://docs.tibco.com/products/tibco-cloud-integration-hybrid-plan-3-11-0 | https://docs.tibco.com/products/tibco-cloud-integration-hybrid-plan-3-12-0,18,https://docs.tibco.com/pub/tci-hybrid/3.3.0/tibco-cloud-integration-hybrid-plan-3-3-0_documentation.zip | https://docs.tibco.com/pub/tci-hybrid/3.2.0/tibco-cloud-integration-hybrid-plan-3-2-0_documentation.zip | https://docs.tibco.com/pub/tci-hybrid/3.1.0/tibco-cloud-integration-hybrid-plan-3-1-0_documentation.zip | https://docs.tibco.com/pub/tci-hybrid/3.0.0/tibco-cloud-integration-hybrid-plan-3-0-0_documentation.zip | https://docs.tibco.com/pub/tci-hybrid/2.9.1/tibco-cloud-integration-hybrid-plan-2-9-1_documentation.zip | https://docs.tibco.com/pub/tci-hybrid/2.9.0/tibco-cloud-integration-hybrid-plan-2-9-0_documentation.zip | https://docs.tibco.com/pub/tci-hybrid/2.8.0/tibco-cloud-integration-hybrid-plan-2-8-0_documentation.zip | https://docs.tibco.com/pub/tci-hybrid/2.7.0/tibco-cloud-integration-hybrid-plan-2-7-0_documentation.zip | https://docs.tibco.com/pub/tci-hybrid/2.6.1/tibco-cloud-integration-hybrid-plan-2-6-1_documentation.zip | https://docs.tibco.com/pub/tci-hybrid/2.6.0/tibco-cloud-integration-hybrid-plan-2-6-0_documentation.zip | https://docs.tibco.com/pub/tci-hybrid/2.5.0/tibco-cloud-integration-hybrid-plan-2-5-0_documentation.zip | https://docs.tibco.com/pub/tci-hybrid/2.4.0/tibco-cloud-integration-hybrid-plan-2-4-0_documentation.zip | https://docs.tibco.com/pub/tci-hybrid/2.3.0/tibco-cloud-integration-hybrid-plan-2-3-0_documentation.zip | https://docs.tibco.com/pub/tci-hybrid/2.2.0/tibco-cloud-integration-hybrid-plan-2-2-0_documentation.zip | https://docs.tibco.com/pub/tci-hybrid/2.1.0/tibco-cloud-integration-hybrid-plan-2-1-0_documentation.zip | https://docs.tibco.com/pub/tci-hybrid/2.0.0/tibco-cloud-integration-hybrid-plan-2-0-0_documentation.zip | https://docs.tibco.com/pub/tci-hybrid/1.1.0/tibco-cloud-integration-hybrid-plan-1-1-0_documentation.zip | https://docs.tibco.com/pub/tci-hybrid/1.0.0/tibco-cloud-integration-hybrid-plan-1-0-0_documentation.zip
tibco-cloud-integration-for-salesforce,TIBCO Cloud™ Integration for Salesforce,https://docs.tibco.com/products/tibco-cloud-integration-for-salesforce,2,,2,https://docs.tibco.com/products/tibco-cloud-integration-for-salesforce-1-0-0 | https://docs.tibco.com/products/tibco-cloud-integration-for-salesforce-0-1-0,0,
tibco-cloud-live-apps,TIBCO Cloud™ Live Apps,https://docs.tibco.com/products/tibco-cloud-live-apps,1,,1,https://docs.tibco.com/products/tibco-cloud-live-apps,0,
tibco-cloud-messaging,TIBCO Cloud™ Messaging,https://docs.tibco.com/products/tibco-cloud-messaging,1,,1,https://docs.tibco.com/products/tibco-cloud-messaging,0,
tibco-cloud-metadata,TIBCO Cloud™ Metadata,https://docs.tibco.com/products/tibco-cloud-metadata,1,,1,https://docs.tibco.com/products/tibco-cloud-metadata,0,
tibco-cloud-nimbus-essentials,TIBCO Cloud™ Nimbus® Essentials,https://docs.tibco.com/products/tibco-cloud-nimbus-essentials,1,,1,https://docs.tibco.com/products/tibco-cloud-nimbus-essentials,0,
tibco-cloud-nimbus-professional,TIBCO Cloud™ Nimbus® Professional,https://docs.tibco.com/products/tibco-cloud-nimbus-professional,1,,1,https://docs.tibco.com/products/tibco-cloud-nimbus-professional,0,
tibco-cloud-passport,TIBCO Cloud™ Passport,https://docs.tibco.com/products/tibco-cloud-passport,1,,1,https://docs.tibco.com/products/tibco-cloud-passport,0,
tibco-cloud-spotfire-12-0-0,TIBCO Cloud™ Spotfire® 12.0.0,https://docs.tibco.com/products/tibco-cloud-spotfire-12-0-0,1,,0,,0,
tibco-cloud-spotfire-12-0-1,TIBCO Cloud™ Spotfire® 12.0.1,https://docs.tibco.com/products/tibco-cloud-spotfire-12-0-1,1,,0,,0,
tibco-cloud-spotfire-12-0-10,TIBCO Cloud™ Spotfire® 12.0.10,https://docs.tibco.com/products/tibco-cloud-spotfire-12-0-10,1,,0,,0,
tibco-cloud-spotfire-12-0-11,TIBCO Cloud™ Spotfire® 12.0.11,https://docs.tibco.com/products/tibco-cloud-spotfire-12-0-11,1,,0,,0,
tibco-cloud-spotfire-12-0-12,TIBCO Cloud™ Spotfire® 12.0.12,https://docs.tibco.com/products/tibco-cloud-spotfire-12-0-12,1,,0,,0,
tibco-cloud-spotfire-12-0-2,TIBCO Cloud™ Spotfire® 12.0.2,https://docs.tibco.com/products/tibco-cloud-spotfire-12-0-2,1,,0,,0,
tibco-cloud-spotfire-12-0-3,TIBCO Cloud™ Spotfire® 12.0.3,https://docs.tibco.com/products/tibco-cloud-spotfire-12-0-3,1,,0,,0,
tibco-cloud-spotfire-12-0-4,TIBCO Cloud™ Spotfire® 12.0.4,https://docs.tibco.com/products/tibco-cloud-spotfire-12-0-4,1,,0,,0,
tibco-cloud-spotfire-12-0-5,TIBCO Cloud™ Spotfire® 12.0.5,https://docs.tibco.com/products/tibco-cloud-spotfire-12-0-5,1,,0,,0,
tibco-cloud-spotfire-12-0-6,TIBCO Cloud™ Spotfire® 12.0.6,https://docs.tibco.com/products/tibco-cloud-spotfire-12-0-6,1,,0,,0,
tibco-cloud-spotfire-12-0-7,TIBCO Cloud™ Spotfire® 12.0.7,https://docs.tibco.com/products/tibco-cloud-spotfire-12-0-7,1,,0,,0,
tibco-cloud-spotfire-12-0-8,TIBCO Cloud™ Spotfire® 12.0.8,https://docs.tibco.com/products/tibco-cloud-spotfire-12-0-8,1,,0,,0,
tibco-cloud-spotfire-12-0-9,TIBCO Cloud™ Spotfire® 12.0.9,https://docs.tibco.com/products/tibco-cloud-spotfire-12-0-9,1,,0,,0,
tibco-cloud-spotfire-12-1-0,TIBCO Cloud™ Spotfire® 12.1.0,https://docs.tibco.com/products/tibco-cloud-spotfire-12-1-0,1,,0,,0,
tibco-cloud-spotfire-12-1-1,TIBCO Cloud™ Spotfire® 12.1.1,https://docs.tibco.com/products/tibco-cloud-spotfire-12-1-1,1,,0,,0,
tibco-cloud-spotfire-12-2-0,TIBCO Cloud™ Spotfire® 12.2.0,https://docs.tibco.com/products/tibco-cloud-spotfire-12-2-0,1,,0,,0,
tibco-cloud-spotfire-12-3-0,TIBCO Cloud™ Spotfire® 12.3.0,https://docs.tibco.com/products/tibco-cloud-spotfire-12-3-0,1,,0,,0,
tibco-cloud-spotfire-12-4-0,TIBCO Cloud™ Spotfire® 12.4.0,https://docs.tibco.com/products/tibco-cloud-spotfire-12-4-0,1,,0,,0,
tibco-cloud-spotfire-12-5-0,TIBCO Cloud™ Spotfire® 12.5.0,https://docs.tibco.com/products/tibco-cloud-spotfire-12-5-0,1,,0,,0,
tibco-cloud-spotfire-14-0-0,TIBCO Cloud™ Spotfire® 14.0.0,https://docs.tibco.com/products/tibco-cloud-spotfire-14-0-0,1,,0,,0,
tibco-cloud-spotfire-14-0-1,TIBCO Cloud™ Spotfire® 14.0.1,https://docs.tibco.com/products/tibco-cloud-spotfire-14-0-1,1,,0,,0,
tibco-cloud-spotfire-14-0-2,TIBCO Cloud™ Spotfire® 14.0.2,https://docs.tibco.com/products/tibco-cloud-spotfire-14-0-2,1,,0,,0,
tibco-cloud-spotfire-14-0-3,TIBCO Cloud™ Spotfire® 14.0.3,https://docs.tibco.com/products/tibco-cloud-spotfire-14-0-3,1,,0,,0,
tibco-cloud-spotfire-14-0-4,TIBCO Cloud™ Spotfire® 14.0.4,https://docs.tibco.com/products/tibco-cloud-spotfire-14-0-4,1,,0,,0,
tibco-cloud-spotfire-14-0-5,TIBCO Cloud™ Spotfire® 14.0.5,https://docs.tibco.com/products/tibco-cloud-spotfire-14-0-5,1,,0,,0,
tibco-cloud-spotfire-14-0-6,TIBCO Cloud™ Spotfire® 14.0.6,https://docs.tibco.com/products/tibco-cloud-spotfire-14-0-6,1,,0,,0,
tibco-cloud-spotfire-14-0-7,TIBCO Cloud™ Spotfire® 14.0.7,https://docs.tibco.com/products/tibco-cloud-spotfire-14-0-7,1,,0,,0,
tibco-cloud-spotfire-14-0-9,TIBCO Cloud™ Spotfire® 14.0.9,https://docs.tibco.com/products/tibco-cloud-spotfire-14-0-9,1,,0,,0,
tibco-cloud-spotfire-14-1-0,TIBCO Cloud™ Spotfire® 14.1.0,https://docs.tibco.com/products/tibco-cloud-spotfire-14-1-0,1,,0,,0,
tibco-cloud-spotfire-14-2-0,TIBCO Cloud™ Spotfire® 14.2.0,https://docs.tibco.com/products/tibco-cloud-spotfire-14-2-0,1,,0,,0,
tibco-cloud-spotfire-14-3-0,TIBCO Cloud™ Spotfire® 14.3.0,https://docs.tibco.com/products/tibco-cloud-spotfire-14-3-0,1,,0,,0,
tibco-cloud-spotfire-14-4-0,TIBCO Cloud™ Spotfire® 14.4.0,https://docs.tibco.com/products/tibco-cloud-spotfire-14-4-0,1,,0,,0,
tibco-cloud-spotfire-14-4-1,TIBCO Cloud™ Spotfire® 14.4.1,https://docs.tibco.com/products/tibco-cloud-spotfire-14-4-1,1,,0,,0,
tibco-cloud-spotfire-14-4-2,TIBCO Cloud™ Spotfire® 14.4.2,https://docs.tibco.com/products/tibco-cloud-spotfire-14-4-2,1,,0,,0,
tibco-cloud-spotfire-14-5-0,TIBCO Cloud™ Spotfire® 14.5.0,https://docs.tibco.com/products/tibco-cloud-spotfire-14-5-0,1,,0,,0,
tibco-cloud-spotfire-14-6-0,TIBCO Cloud™ Spotfire® 14.6.0,https://docs.tibco.com/products/tibco-cloud-spotfire-14-6-0,1,,1,https://docs.tibco.com/products/tibco-cloud-spotfire-14-6-0,0,
tibco-cloud-spotfire-14-6-1,TIBCO Cloud™ Spotfire® 14.6.1,https://docs.tibco.com/products/tibco-cloud-spotfire-14-6-1,1,,0,,0,
tibco-cloud-spotfire-14-6-2,TIBCO Cloud™ Spotfire® 14.6.2,https://docs.tibco.com/products/tibco-cloud-spotfire-14-6-2,1,,1,https://docs.tibco.com/products/tibco-cloud-spotfire-14-6-2,0,
tibco-computedb-enterprise-edition,TIBCO ComputeDB™ - Enterprise Edition,https://docs.tibco.com/products/tibco-computedb-enterprise-edition,3,,0,,3,https://docs.tibco.com/pub/compute/tibco-computedb-enterprise-edition-1-2-0_documentation.zip | https://docs.tibco.com/pub/compute/tibco-computedb-enterprise-edition-1-1-1_documentation.zip | https://docs.tibco.com/pub/compute/tibco-computedb-enterprise-edition-1-1-0_documentation.zip
tibco-configuration-tool,TIBCO Configuration Tool,https://docs.tibco.com/products/tibco-configuration-tool,1,,1,https://docs.tibco.com/products/tibco-configuration-tool-1-3-0,0,
tibco-datasynapse-federator,TIBCO DataSynapse Federator™,https://docs.tibco.com/products/tibco-datasynapse-federator,6,,0,,6,https://docs.tibco.com/pub/dsfed/tibco-datasynapse-federator-3-0-1_documentation.zip | https://docs.tibco.com/pub/datasynapse_federator/tibco-datasynapse-federator-3-0-0_documentation.zip | https://docs.tibco.com/pub/datasynapse_federator/tibco-datasynapse-federator-2-1-1_documentation.zip | https://docs.tibco.com/pub/datasynapse_federator/tibco-datasynapse-federator-2-1-0_documentation.zip | https://docs.tibco.com/pub/datasynapse_federator/tibco-datasynapse-federator-2-0-0_documentation.zip | https://docs.tibco.com/pub/datasynapse_federator/tibco-datasynapse-federator-1-6-0_documentation.zip
tibco-datasynapse-gridserver-logviewer,TIBCO DataSynapse GridServer® LogViewer,https://docs.tibco.com/products/tibco-datasynapse-gridserver-logviewer,1,,1,https://docs.tibco.com/products/tibco-datasynapse-gridserver-logviewer-1-0-0,0,
tibco-datasynapse-gridserver-manager,TIBCO DataSynapse GridServer® Manager,https://docs.tibco.com/products/tibco-datasynapse-gridserver-manager,11,,1,https://docs.tibco.com/products/tibco-datasynapse-gridserver-manager-7-2-0,10,https://docs.tibco.com/pub/dsp_gridserver/tibco-datasynapse-gridserver-manager-7-1-0_documentation.zip | https://docs.tibco.com/pub/dsp_gridserver/tibco-datasynapse-gridserver-manager-7-0-0_documentation.zip | https://docs.tibco.com/pub/dsp_gridserver/tibco-datasynapse-gridserver-manager-6-3-1_documentation.zip | https://docs.tibco.com/pub/dsp_gridserver/tibco-datasynapse-gridserver-manager-6-3-0_documentation.zip | https://docs.tibco.com/pub/datasynapses_gridserver_manager/tibco-datasynapse-gridserver-6-2-0_documentation.zip | https://docs.tibco.com/pub/datasynapses_gridserver_manager/tibco-datasynapse-gridserver-6-1-1_documentation.zip | https://docs.tibco.com/pub/datasynapses_gridserver_manager/tibco-datasynapse-gridserver-6-1-0_documentation.zip | https://docs.tibco.com/pub/dsp_gridserver/tibco-datasynapse-gridserver-manager-5-2-1_documentation.zip | https://docs.tibco.com/pub/dsp_gridserver/tibco-datasynapse-gridserver-manager-5-2-0_documentation.zip | https://docs.tibco.com/pub/datasynapses_gridserver_manager/tibco-datasynapse-gridserver-5-1-3_documentation.zip
tibco-datasynapse-high-performance-computing-cloud-adapter,TIBCO DataSynapse™ High-Performance Computing Cloud Adapter,https://docs.tibco.com/products/tibco-datasynapse-high-performance-computing-cloud-adapter,8,,0,,6,https://docs.tibco.com/emp/ds-highperf-comp-cloud/tibco-datasynapse-high-performance-computing-cloud-adapter-1-5-0_documentation.zip | https://docs.tibco.com/emp/ds-highperf-comp-cloud/tibco-datasynapse-high-performance-computing-cloud-adapter-1-4-0_documentation.zip | https://docs.tibco.com/emp/ds-highperf-comp-cloud/tibco-datasynapse-high-performance-computing-cloud-adapter-1-3-0_documentation.zip | https://docs.tibco.com/emp/ds-highperf-comp-cloud/tibco-datasynapse-high-performance-computing-cloud-adapter-1-2-0_documentation.zip | https://docs.tibco.com/emp/ds-highperf-comp-cloud/tibco-datasynapse-high-performance-computing-cloud-adapter-1-1-0_documentation.zip | https://docs.tibco.com/emp/ds-highperf-comp-cloud/tibco-datasynapse-high-performance-computing-cloud-adapter-1-0-0_documentation.zip
tibco-designer,TIBCO Designer™,https://docs.tibco.com/products/tibco-designer,7,,0,,7,https://docs.tibco.com/pub/designer/tibco-designer-5-10-0_documentation.zip | https://docs.tibco.com/pub/designer/tibco-designer-5-9-0_documentation.zip | https://docs.tibco.com/pub/designer/tibco-designer-5-8-0_documentation.zip | https://docs.tibco.com/pub/designer/tibco-designer-5-7-3_documentation.zip | https://docs.tibco.com/pub/designer/tibco-designer-5-7-2_documentation.zip | https://docs.tibco.com/pub/designer/tibco-designer-5-7-1_documentation.zip | https://docs.tibco.com/pub/designer/tibco-designer-5-7-0_documentation.zip
tibco-designer-add-in-for-tibco-business-studio,TIBCO Designer™ Add-in for TIBCO Business Studio™,https://docs.tibco.com/products/tibco-designer-add-in-for-tibco-business-studio,8,,8,https://docs.tibco.com/products/tibco-designer-add-in-for-tibco-business-studio-1-5-0 | https://docs.tibco.com/products/tibco-designer-add-in-for-tibco-business-studio-1-3-1 | https://docs.tibco.com/products/tibco-designer-add-in-for-tibco-business-studio-1-3-2 | https://docs.tibco.com/products/tibco-designer-add-in-for-tibco-business-studio-1-4-0 | https://docs.tibco.com/products/tibco-designer-add-in-for-tibco-business-studio-1-2-0 | https://docs.tibco.com/products/tibco-designer-add-in-for-tibco-business-studio-1-1-1 | https://docs.tibco.com/products/tibco-designer-add-in-for-tibco-business-studio-1-1-0 | https://docs.tibco.com/products/tibco-designer-add-in-for-tibco-business-studio-1-0-0,0,
tibco-drivers,TIBCO Drivers,https://docs.tibco.com/products/tibco-drivers,9,,0,,9,https://docs.tibco.com/emp/drivers/tibco-drivers-1-7-0_documentation.zip | https://docs.tibco.com/emp/drivers/tibco-drivers-1-6-1_documentation.zip | https://docs.tibco.com/emp/sf_drivers/tibco-drivers-1-6-0_documentation.zip | https://docs.tibco.com/emp/sf_drivers/tibco-drivers-1-5-0_documentation.zip | https://docs.tibco.com/emp/sf_drivers/tibco-drivers-1-4-0_documentation.zip | https://docs.tibco.com/emp/sf_drivers/tibco-drivers-1-3-0_documentation.zip | https://docs.tibco.com/emp/sf_drivers/tibco-drivers-1-2-0_documentation.zip | https://docs.tibco.com/emp/sf_drivers/tibco-spotfire-drivers-1-1-0_documentation.zip | https://docs.tibco.com/emp/sf_drivers/tibco-spotfire-drivers-1-0-0_documentation.zip
tibco-ebx-cloud-enterprise,TIBCO EBX® Cloud Enterprise,https://docs.tibco.com/products/tibco-ebx-cloud-enterprise,1,,1,https://docs.tibco.com/products/tibco-ebx-cloud-enterprise-1-0-0,0,
tibco-ebx,TIBCO EBX™,https://docs.tibco.com/products/tibco-ebx,53,,12,https://docs.tibco.com/products/tibco-ebx-6-1-0 | https://docs.tibco.com/products/tibco-ebx-6-1-1 | https://docs.tibco.com/products/tibco-ebx-6-1-2 | https://docs.tibco.com/products/tibco-ebx-6-1-3 | https://docs.tibco.com/products/tibco-ebx-5-9-26 | https://docs.tibco.com/products/tibco-ebx-6-1-4 | https://docs.tibco.com/products/tibco-ebx-6-2-0 | https://docs.tibco.com/products/tibco-ebx-6-2-1 | https://docs.tibco.com/products/tibco-ebx-5-9-27 | https://docs.tibco.com/products/tibco-ebx-6-1-5 | https://docs.tibco.com/products/tibco-ebx-6-2-2 | https://docs.tibco.com/products/tibco-ebx-6-2-3,41,https://docs.tibco.com/pub/ebx/tibco-ebx-6-0-17_documentation.zip | https://docs.tibco.com/pub/ebx/tibco-ebx-6-0-16_documentation.zip | https://docs.tibco.com/pub/ebx/tibco-ebx-6-0-15_documentation.zip | https://docs.tibco.com/pub/ebx/tibco-ebx-6-0-14_documentation.zip | https://docs.tibco.com/pub/ebx/tibco-ebx-6-0-13_documentation.zip | https://docs.tibco.com/pub/ebx/tibco-ebx-6-0-12_documentation.zip | https://docs.tibco.com/pub/ebx/tibco-ebx-6-0-11_documentation.zip | https://docs.tibco.com/pub/ebx/tibco-ebx-6-0-10_documentation.zip | https://docs.tibco.com/pub/ebx/tibco-ebx-6-0-9_documentation.zip | https://docs.tibco.com/pub/ebx/tibco-ebx-6-0-8_documentation.zip | https://docs.tibco.com/pub/ebx/tibco-ebx-6-0-7_documentation.zip | https://docs.tibco.com/pub/ebx/tibco-ebx-6-0-6_documentation.zip | https://docs.tibco.com/pub/ebx/tibco-ebx-6-0-5_documentation.zip | https://docs.tibco.com/pub/ebx/tibco-ebx-6-0-4_documentation.zip | https://docs.tibco.com/pub/ebx/tibco-ebx-6-0-3_documentation.zip | https://docs.tibco.com/pub/ebx/tibco-ebx-6-0-2_documentation.zip | https://docs.tibco.com/pub/ebx/tibco-ebx-6-0-1_documentation.zip | https://docs.tibco.com/pub/ebx/tibco-ebx-6-0-0_documentation.zip | https://docs.tibco.com/pub/ebx/tibco-ebx-5-9-25_documentation.zip | https://docs.tibco.com/pub/ebx/tibco-ebx-5-9-24_documentation.zip | https://docs.tibco.com/pub/ebx/tibco-ebx-5-9-23_documentation.zip | https://docs.tibco.com/pub/ebx/tibco-ebx-5-9-22_documentation.zip | https://docs.tibco.com/pub/ebx/tibco-ebx-5-9-21_documentation.zip | https://docs.tibco.com/pub/ebx/tibco-ebx-5-9-20_documentation.zip | https://docs.tibco.com/pub/ebx/tibco-ebx-5-9-19_documentation.zip | https://docs.tibco.com/pub/ebx/tibco-ebx-5-9-18_documentation.zip | https://docs.tibco.com/pub/ebx/tibco-ebx-5-9-17_documentation.zip | https://docs.tibco.com/pub/ebx/tibco-ebx-5-9-16_documentation.zip | https://docs.tibco.com/pub/ebx/tibco-ebx-5-9-15_documentation.zip | https://docs.tibco.com/pub/ebx/tibco-ebx-5-9-14_documentation.zip | https://docs.tibco.com/pub/ebx/tibco-ebx-5-9-13_documentation.zip | https://docs.tibco.com/pub/ebx/tibco-ebx-5-9-12_documentation.zip | https://docs.tibco.com/pub/ebx/tibco-ebx-5-9-11_documentation.zip | https://docs.tibco.com/pub/ebx/tibco-ebx-5-9-10_documentation.zip | https://docs.tibco.com/pub/ebx/tibco-ebx-5-9-9_documentation.zip | https://docs.tibco.com/pub/ebx/tibco-ebx-5-9-8_documentation.zip | https://docs.tibco.com/pub/ebx/tibco-ebx-5-9-7_documentation.zip | https://docs.tibco.com/pub/ebx/tibco-ebx-5-9-6_documentation.zip | https://docs.tibco.com/pub/ebx/tibco-ebx-5-9-5_documentation.zip | https://docs.tibco.com/pub/ebx/tibco-ebx-5-9-4_documentation.zip | https://docs.tibco.com/pub/ebx/tibco-ebx-5-9-3_documentation.zip
tibco-ebx-add-ons,TIBCO EBX™ Add-ons,https://docs.tibco.com/products/tibco-ebx-add-ons,68,,20,https://docs.tibco.com/products/tibco-ebx-add-ons-6-1-0 | https://docs.tibco.com/products/tibco-ebx-add-ons-5-6-1 | https://docs.tibco.com/products/tibco-ebx-add-ons-4-5-17 | https://docs.tibco.com/products/tibco-ebx-add-ons-5-6-2 | https://docs.tibco.com/products/tibco-ebx-add-ons-6-1-1 | https://docs.tibco.com/products/tibco-ebx-add-ons-5-6-3 | https://docs.tibco.com/products/tibco-ebx-add-ons-4-5-18 | https://docs.tibco.com/products/tibco-ebx-add-ons-5-6-4 | https://docs.tibco.com/products/tibco-ebx-add-ons-6-1-2 | https://docs.tibco.com/products/tibco-ebx-add-ons-4-5-19 | https://docs.tibco.com/products/tibco-ebx-add-ons-4-5-20 | https://docs.tibco.com/products/tibco-ebx-add-ons-6-1-3 | https://docs.tibco.com/products/tibco-ebx-add-ons-4-5-21 | https://docs.tibco.com/products/tibco-ebx-add-ons-6-1-4 | https://docs.tibco.com/products/tibco-ebx-add-ons-6-2-0 | https://docs.tibco.com/products/tibco-ebx-add-ons-6-2-1 | https://docs.tibco.com/products/tibco-ebx-add-ons-6-1-5 | https://docs.tibco.com/products/tibco-ebx-add-ons-6-2-2 | https://docs.tibco.com/products/tibco-ebx-add-ons-4-5-22 | https://docs.tibco.com/products/tibco-ebx-add-ons-6-2-3,48,https://docs.tibco.com/pub/ebx-addon/tibco-ebx-add-ons-5-6-0_documentation.zip | https://docs.tibco.com/pub/ebx-addon/tibco-ebx-add-ons-5-5-1_documentation.zip | https://docs.tibco.com/pub/ebx-addon/tibco-ebx-add-ons-5-5-0_documentation.zip | https://docs.tibco.com/pub/ebx-addon/tibco-ebx-add-ons-5-4-2_documentation.zip | https://docs.tibco.com/pub/ebx-addon/tibco-ebx-add-ons-5-4-1_documentation.zip | https://docs.tibco.com/pub/ebx-addon/tibco-ebx-add-ons-5-4-0_documentation.zip | https://docs.tibco.com/pub/ebx-addon/tibco-ebx-add-ons-5-3-5_documentation.zip | https://docs.tibco.com/pub/ebx-addon/tibco-ebx-add-ons-5-3-4_documentation.zip | https://docs.tibco.com/pub/ebx-addon/tibco-ebx-add-ons-5-3-3_documentation.zip | https://docs.tibco.com/pub/ebx-addon/tibco-ebx-add-ons-5-3-2_documentation.zip | https://docs.tibco.com/pub/ebx-addon/tibco-ebx-add-ons-5-3-1_documentation.zip | https://docs.tibco.com/pub/ebx-addon/tibco-ebx-add-ons-5-3-0_documentation.zip | https://docs.tibco.com/pub/ebx-addon/tibco-ebx-add-ons-5-2-1_documentation.zip | https://docs.tibco.com/pub/ebx-addon/tibco-ebx-add-ons-5-2-0_documentation.zip | https://docs.tibco.com/pub/ebx-addon/tibco-ebx-add-ons-5-1-1_documentation.zip | https://docs.tibco.com/pub/ebx-addon/tibco-ebx-add-ons-5-1-0_documentation.zip | https://docs.tibco.com/pub/ebx-addon/tibco-ebx-add-ons-5-0-1_documentation.zip | https://docs.tibco.com/pub/ebx-addon/tibco-ebx-add-ons-5-0-0_documentation.zip | https://docs.tibco.com/pub/ebx-addon/tibco-ebx-add-ons-4-5-16_documentation.zip | https://docs.tibco.com/pub/ebx-addon/tibco-ebx-add-ons-4-5-15_documentation.zip | https://docs.tibco.com/pub/ebx-addon/tibco-ebx-add-ons-4-5-14_documentation.zip | https://docs.tibco.com/pub/ebx-addon/tibco-ebx-add-ons-4-5-13_documentation.zip | https://docs.tibco.com/pub/ebx-addon/tibco-ebx-add-ons-4-5-12_documentation.zip | https://docs.tibco.com/pub/ebx-addon/tibco-ebx-add-ons-4-5-11_documentation.zip | https://docs.tibco.com/pub/ebx-addon/tibco-ebx-add-ons-4-5-10_documentation.zip | https://docs.tibco.com/pub/ebx-addon/tibco-ebx-add-ons-4-5-9_documentation.zip | https://docs.tibco.com/pub/ebx-addon/tibco-ebx-add-ons-4-5-8_documentation.zip | https://docs.tibco.com/pub/ebx-addon/tibco-ebx-add-ons-4-5-7_documentation.zip | https://docs.tibco.com/pub/ebx-addon/tibco-ebx-add-ons-4-5-6_documentation.zip | https://docs.tibco.com/pub/ebx-addon/tibco-ebx-add-ons-4-5-5_documentation.zip | https://docs.tibco.com/pub/ebx-addon/tibco-ebx-add-ons-4-5-4_documentation.zip | https://docs.tibco.com/pub/ebx-addon/tibco-ebx-add-ons-4-5-3_documentation.zip | https://docs.tibco.com/pub/ebx-addon/tibco-ebx-add-ons-4-5-2_documentation.zip | https://docs.tibco.com/pub/ebx-addon/tibco-ebx-add-ons-4-5-1_documentation.zip | https://docs.tibco.com/pub/ebx-addon/tibco-ebx-add-ons-4-5-0_documentation.zip | https://docs.tibco.com/pub/ebx-addon/tibco-ebx-add-ons-4-4-3_documentation.zip | https://docs.tibco.com/pub/ebx-addon/tibco-ebx-add-ons-4-4-2_documentation.zip | https://docs.tibco.com/pub/ebx-addon/tibco-ebx-add-ons-4-4-1_documentation.zip | https://docs.tibco.com/pub/ebx-addon/tibco-ebx-add-ons-4-4-0_documentation.zip | https://docs.tibco.com/pub/ebx-addon/tibco-ebx-add-ons-4-3-4_documentation.zip | https://docs.tibco.com/pub/ebx-addon/tibco-ebx-add-ons-4-3-3_documentation.zip | https://docs.tibco.com/pub/ebx-addon/tibco-ebx-add-ons-4-3-2_documentation.zip | https://docs.tibco.com/pub/ebx-addon/tibco-ebx-add-ons-4-3-1_documentation.zip | https://docs.tibco.com/pub/ebx-addon/tibco-ebx-add-ons-4-3-0_documentation.zip | https://docs.tibco.com/pub/ebx-addon/tibco-ebx-add-ons-4-2-2_documentation.zip | https://docs.tibco.com/pub/ebx-addon/tibco-ebx-add-ons-4-2-1_documentation.zip | https://docs.tibco.com/pub/ebx-addon/tibco-ebx-add-ons-4-2-0_documentation.zip | https://docs.tibco.com/pub/ebx-addon/tibco-ebx-add-ons-4-1-0_documentation.zip
tibco-ebx-go-for-ios,TIBCO EBX™ GO for iOS,https://docs.tibco.com/products/tibco-ebx-go-for-ios,1,,0,,0,
tibco-eftl-enterprise-edition,TIBCO eFTL™ - Enterprise Edition,https://docs.tibco.com/products/tibco-eftl-enterprise-edition,40,,9,https://docs.tibco.com/products/tibco-eftl-enterprise-edition-6-10-0 | https://docs.tibco.com/products/tibco-eftl-enterprise-edition-6-10-1 | https://docs.tibco.com/products/tibco-eftl-enterprise-edition-6-10-2 | https://docs.tibco.com/products/tibco-eftl-enterprise-edition-7-0-0 | https://docs.tibco.com/products/tibco-eftl-enterprise-edition-7-0-1 | https://docs.tibco.com/products/tibco-eftl-enterprise-edition-7-1-0 | https://docs.tibco.com/products/tibco-eftl-enterprise-edition-7-1-1 | https://docs.tibco.com/products/tibco-eftl-enterprise-edition-7-2-0 | https://docs.tibco.com/products/tibco-eftl-enterprise-edition-7-1-2,31,https://docs.tibco.com/pub/eftl/tibco-eftl-enterprise-edition-6-9-1_documentation.zip | https://docs.tibco.com/pub/eftl/tibco-eftl-enterprise-edition-6-9-0_documentation.zip | https://docs.tibco.com/pub/eftl/tibco-eftl-enterprise-edition-6-8-1_documentation.zip | https://docs.tibco.com/pub/eftl/tibco-eftl-enterprise-edition-6-8-0_documentation.zip | https://docs.tibco.com/pub/eftl/tibco-eftl-enterprise-edition-6-7-4_documentation.zip | https://docs.tibco.com/pub/eftl/tibco-eftl-enterprise-edition-6-7-3_documentation.zip | https://docs.tibco.com/pub/eftl/tibco-eftl-enterprise-edition-6-7-2_documentation.zip | https://docs.tibco.com/pub/eftl/tibco-eftl-enterprise-edition-6-7-1_documentation.zip | https://docs.tibco.com/pub/eftl/tibco-eftl-enterprise-edition-6-7-0_documentation.zip | https://docs.tibco.com/pub/eftl/tibco-eftl-enterprise-edition-6-6-1_documentation.zip | https://docs.tibco.com/pub/eftl/tibco-eftl-enterprise-edition-6-6-0_documentation.zip | https://docs.tibco.com/pub/eftl/tibco-eftl-enterprise-edition-6-5-0_documentation.zip | https://docs.tibco.com/pub/eftl/tibco-eftl-enterprise-edition-6-4-0_documentation.zip | https://docs.tibco.com/pub/eftl/tibco-eftl-enterprise-edition-6-3-1_documentation.zip | https://docs.tibco.com/pub/eftl/tibco-eftl-enterprise-edition-6-3-0_documentation.zip | https://docs.tibco.com/pub/eftl/tibco-eftl-enterprise-edition-6-2-0_documentation.zip | https://docs.tibco.com/pub/eftl/tibco-eftl-enterprise-edition-6-1-0_documentation.zip | https://docs.tibco.com/pub/eftl/tibco-eftl-enterprise-edition-6-0-1_documentation.zip | https://docs.tibco.com/pub/eftl/tibco-eftl-enterprise-edition-6-0-0_documentation.zip | https://docs.tibco.com/pub/eftl/tibco-eftl-enterprise-edition-3-4-2_documentation.zip | https://docs.tibco.com/pub/eftl/tibco-eftl-enterprise-edition-3-4-0_documentation.zip | https://docs.tibco.com/pub/eftl/tibco-eftl-enterprise-edition-3-3-2_documentation.zip | https://docs.tibco.com/pub/eftl/tibco-eftl-enterprise-edition-3-3-1_documentation.zip | https://docs.tibco.com/pub/eftl/tibco-eftl-enterprise-edition-3-3-0_documentation.zip | https://docs.tibco.com/pub/eftl/tibco-eftl-3-2-0_documentation.zip | https://docs.tibco.com/pub/eftl/tibco-eftl-3-1-0_documentation.zip | https://docs.tibco.com/pub/eftl/tibco-eftl-3-0-0_documentation.zip | https://docs.tibco.com/pub/eftl/tibco-eftl-2-0-0_documentation.zip | https://docs.tibco.com/pub/eftl/tibco-eftl-1-1-1_documentation.zip | https://docs.tibco.com/pub/eftl/tibco-eftl-1-1-0_documentation.zip | https://docs.tibco.com/pub/eftl/tibco-eftl-1-0-0_documentation.zip
tibco-enterprise-message-service,TIBCO Enterprise Message Service™,https://docs.tibco.com/products/tibco-enterprise-message-service,32,,4,https://docs.tibco.com/products/tibco-enterprise-message-service-10-3-0 | https://docs.tibco.com/products/tibco-enterprise-message-service-10-4-0 | https://docs.tibco.com/products/tibco-enterprise-message-service-10-4-1 | https://docs.tibco.com/products/tibco-enterprise-message-service-10-5-0,28,https://docs.tibco.com/pub/ems/tibco-enterprise-message-service-10-2-1_documentation.zip | https://docs.tibco.com/pub/ems/tibco-enterprise-message-service-10-2-0_documentation.zip | https://docs.tibco.com/pub/ems/tibco-enterprise-message-service-10-1-0_documentation.zip | https://docs.tibco.com/pub/ems/tibco-enterprise-message-service-8-7-0_documentation.zip | https://docs.tibco.com/pub/ems/tibco-enterprise-message-service-8-6-0_documentation.zip | https://docs.tibco.com/pub/ems/tibco-enterprise-message-service-8-5-1_documentation.zip | https://docs.tibco.com/pub/ems-zlinux/tibco-enterprise-message-service-8-5-0_documentation.zip | https://docs.tibco.com/pub/ems-zlinux/tibco-enterprise-message-service-8-4-1_documentation.zip | https://docs.tibco.com/pub/ems/tibco-enterprise-message-service-8-4-0_documentation.zip | https://docs.tibco.com/pub/ems/tibco-enterprise-message-service-8-3-0_documentation.zip | https://docs.tibco.com/pub/ems/tibco-enterprise-message-service-8-2-2_documentation.zip | https://docs.tibco.com/pub/ems/tibco-enterprise-message-service-8-2-1_documentation.zip | https://docs.tibco.com/pub/enterprise_message_service/tibco-enterprise-message-service-8-2-0_documentation.zip | https://docs.tibco.com/pub/enterprise_message_service/tibco-enterprise-message-service-8-1-0_documentation.zip | https://docs.tibco.com/pub/enterprise_message_service/tibco-enterprise-message-service-8-0-0_documentation.zip | https://docs.tibco.com/pub/enterprise_message_service/tibco-enterprise-message-service-7-0-1_documentation.zip | https://docs.tibco.com/pub/enterprise_message_service/tibco-enterprise-message-service-7-0-0_documentation.zip | https://docs.tibco.com/pub/enterprise_message_service/tibco-enterprise-message-service-6-3-0_documentation.zip | https://docs.tibco.com/pub/enterprise_message_service/tibco-enterprise-message-service-6-2-0_documentation.zip | https://docs.tibco.com/pub/enterprise_message_service/tibco-enterprise-message-service-6-1-0_documentation.zip | https://docs.tibco.com/pub/enterprise_message_service/tibco-enterprise-message-service-6-0-1_documentation.zip | https://docs.tibco.com/pub/enterprise_message_service/tibco-enterprise-message-service-6-0-0_documentation.zip | https://docs.tibco.com/pub/enterprise_message_service/tibco-enterprise-message-service-5-1-5_documentation.zip | https://docs.tibco.com/pub/enterprise_message_service/tibco-enterprise-message-service-5-1-4_documentation.zip | https://docs.tibco.com/pub/enterprise_message_service/tibco-enterprise-message-service-5-1-3_documentation.zip | https://docs.tibco.com/pub/enterprise_message_service/tibco-enterprise-message-service-5-1-2_documentation.zip | https://docs.tibco.com/pub/enterprise_message_service/tibco-enterprise-message-service-5-1-1_documentation.zip | https://docs.tibco.com/pub/enterprise_message_service/tibco-enterprise-message-service-5-1-0_documentation.zip
tibco-flogo,TIBCO Flogo®,https://docs.tibco.com/products/tibco-flogo,44,,21,https://docs.tibco.com/products/tibco-flogo-enterprise-2-20-0 | https://docs.tibco.com/products/tibco-flogo-enterprise-2-21-0 | https://docs.tibco.com/products/tibco-flogo-enterprise-2-22-0 | https://docs.tibco.com/products/tibco-flogo-enterprise-2-23-0 | https://docs.tibco.com/products/tibco-flogo-enterprise-2-24-0 | https://docs.tibco.com/products/tibco-flogo-enterprise-2-25-0 | https://docs.tibco.com/products/tibco-flogo-enterprise-2-25-1 | https://docs.tibco.com/products/tibco-flogo-enterprise-2-25-2 | https://docs.tibco.com/products/tibco-flogo-enterprise-2-25-3 | https://docs.tibco.com/products/tibco-flogo-enterprise-2-25-4 | https://docs.tibco.com/products/tibco-flogo-enterprise-2-25-5 | https://docs.tibco.com/products/tibco-flogo-enterprise-2-25-6 | https://docs.tibco.com/products/tibco-flogo-enterprise-2-25-7 | https://docs.tibco.com/products/tibco-flogo-enterprise-2-25-8 | https://docs.tibco.com/products/tibco-flogo-enterprise-2-25-9 | https://docs.tibco.com/products/tibco-flogo-2-25-10 | https://docs.tibco.com/products/tibco-flogo-2-25-11 | https://docs.tibco.com/products/tibco-flogo-2-26-0 | https://docs.tibco.com/products/tibco-flogo-2-26-1 | https://docs.tibco.com/products/tibco-flogo-2-26-2 | https://docs.tibco.com/products/tibco-flogo-2-26-3,23,https://docs.tibco.com/pub/flogo/tibco-flogo-enterprise-2-19-0_documentation.zip | https://docs.tibco.com/pub/flogo/tibco-flogo-enterprise-2-18-0_documentation.zip | https://docs.tibco.com/pub/flogo/tibco-flogo-enterprise-2-17-0_documentation.zip | https://docs.tibco.com/pub/flogo/tibco-flogo-enterprise-2-16-0_documentation.zip | https://docs.tibco.com/pub/flogo/tibco-flogo-enterprise-2-15-0_documentation.zip | https://docs.tibco.com/pub/flogo/tibco-flogo-enterprise-2-14-1_documentation.zip | https://docs.tibco.com/pub/flogo/tibco-flogo-enterprise-2-14-0_documentation.zip | https://docs.tibco.com/pub/flogo/tibco-flogo-enterprise-2-13-0_documentation.zip | https://docs.tibco.com/pub/flogo/tibco-flogo-enterprise-2-12-0_documentation.zip | https://docs.tibco.com/pub/flogo/tibco-flogo-enterprise-2-11-0_documentation.zip | https://docs.tibco.com/pub/flogo/tibco-flogo-enterprise-2-10-0_documentation.zip | https://docs.tibco.com/pub/flogo/tibco-flogo-enterprise-2-9-0_documentation.zip | https://docs.tibco.com/pub/flogo/tibco-flogo-enterprise-2-8-1_documentation.zip | https://docs.tibco.com/pub/flogo/tibco-flogo-enterprise-2-8-0_documentation.zip | https://docs.tibco.com/pub/flogo/tibco-flogo-enterprise-2-7-0_documentation.zip | https://docs.tibco.com/pub/flogo/tibco-flogo-enterprise-2-6-1_documentation.zip | https://docs.tibco.com/pub/flogo/tibco-flogo-enterprise-2-6-0_documentation.zip | https://docs.tibco.com/pub/flogo/tibco-flogo-enterprise-2-5-0_documentation.zip | https://docs.tibco.com/pub/flogo/tibco-flogo-enterprise-2-4-0_documentation.zip | https://docs.tibco.com/pub/flogo/tibco-flogo-enterprise-2-3-0_documentation.zip | https://docs.tibco.com/pub/flogo/tibco-flogo-enterprise-2-2-0_documentation.zip | https://docs.tibco.com/pub/flogo/tibco-flogo-enterprise-2-1-0_documentation.zip | https://docs.tibco.com/pub/flogo/tibco-flogo-enterprise-2-0-0_documentation.zip
tibco-flogo-connection-for-microsoft-azure,TIBCO Flogo® Connection for Microsoft Azure,https://docs.tibco.com/products/tibco-flogo-connection-for-microsoft-azure,1,,0,,1,https://docs.tibco.com/pub/flogo-azconnection/tibco-flogo-connection-for-microsoft-azure-1-0-0_documentation.zip
tibco-flogo-connection-for-sap,TIBCO Flogo® Connection for SAP,https://docs.tibco.com/products/tibco-flogo-connection-for-sap,1,,1,https://docs.tibco.com/products/tibco-flogo-connection-for-sap-1-0-0,0,
tibco-flogo-connector-db-service,TIBCO Flogo® Connector DB Service,https://docs.tibco.com/products/tibco-flogo-connector-db-service,5,,5,https://docs.tibco.com/products/tibco-flogo-connector-db-service-2-2-0 | https://docs.tibco.com/products/tibco-flogo-connector-db-service-2-0-0 | https://docs.tibco.com/products/tibco-flogo-connector-db-service-2-0-1 | https://docs.tibco.com/products/tibco-flogo-connector-db-service-2-1-0 | https://docs.tibco.com/products/tibco-flogo-connector-db-service-2-1-1,0,
tibco-flogo-connector-for-amazon-dynamodb,TIBCO Flogo® Connector for Amazon DynamoDB,https://docs.tibco.com/products/tibco-flogo-connector-for-amazon-dynamodb,3,,3,https://docs.tibco.com/products/tibco-flogo-connector-for-amazon-dynamodb-1-1-0 | https://docs.tibco.com/products/tibco-flogo-connector-for-amazon-dynamodb-1-0-0 | https://docs.tibco.com/products/tibco-flogo-connector-for-amazon-dynamodb-1-0-1,0,
tibco-flogo-connector-for-amazon-elastic-file-system,TIBCO Flogo® Connector for Amazon Elastic File System,https://docs.tibco.com/products/tibco-flogo-connector-for-amazon-elastic-file-system,1,,1,https://docs.tibco.com/products/tibco-flogo-connector-for-amazon-elastic-file-system-1-0-0,0,
tibco-flogo-connector-for-amazon-glacier,TIBCO Flogo® Connector for Amazon Glacier,https://docs.tibco.com/products/tibco-flogo-connector-for-amazon-glacier,1,,1,https://docs.tibco.com/products/tibco-flogo-connector-for-amazon-glacier-1-0-0,0,
tibco-flogo-connector-for-amazon-kinesis,TIBCO Flogo® Connector for Amazon Kinesis,https://docs.tibco.com/products/tibco-flogo-connector-for-amazon-kinesis,2,,1,https://docs.tibco.com/products/tibco-flogo-connector-for-amazon-kinesis-1-1-1,1,https://docs.tibco.com/pub/flogo-amazonkinesis/tibco-flogo-connector-for-amazon-kinesis-1-1-0_documentation.zip
tibco-flogo-connector-for-amazon-redshift,TIBCO Flogo® Connector for Amazon Redshift,https://docs.tibco.com/products/tibco-flogo-connector-for-amazon-redshift,3,,1,https://docs.tibco.com/products/tibco-flogo-connector-for-amazon-redshift-2-1-0,2,https://docs.tibco.com/pub/flogo-redshift/tibco-flogo-connector-for-amazon-redshift-2-0-1_documentation.zip | https://docs.tibco.com/pub/flogo-redshift/tibco-flogo-connector-for-amazon-redshift-2-0-0_documentation.zip
tibco-flogo-connector-for-amazon-s3,TIBCO Flogo® Connector for Amazon S3,https://docs.tibco.com/products/tibco-flogo-connector-for-amazon-s3,4,,1,https://docs.tibco.com/products/tibco-flogo-connector-for-amazon-s3-1-3-1,3,https://docs.tibco.com/pub/flogo-amazons3/tibco-flogo-connector-for-amazon-s3-1-2-0_documentation.zip | https://docs.tibco.com/pub/flogo-amazons3/tibco-flogo-connector-for-amazon-s3-1-1-0_documentation.zip | https://docs.tibco.com/pub/flogo-amazons3/tibco-flogo-connector-for-amazon-s3-1-0-0_documentation.zip
tibco-flogo-connector-for-amazon-sns,TIBCO Flogo® Connector for Amazon SNS,https://docs.tibco.com/products/tibco-flogo-connector-for-amazon-sns,2,,1,https://docs.tibco.com/products/tibco-flogo-connector-for-amazon-sns-1-0-1,1,https://docs.tibco.com/pub/flogo-sns/tibco-flogo-connector-for-amazon-sns-1-0-0_documentation.zip
tibco-flogo-connector-for-amazon-sqs,TIBCO Flogo® Connector for Amazon SQS,https://docs.tibco.com/products/tibco-flogo-connector-for-amazon-sqs,2,,1,https://docs.tibco.com/products/tibco-flogo-connector-for-amazon-sqs-1-0-1,1,https://docs.tibco.com/pub/flogo-sqs/tibco-flogo-connector-for-amazon-sqs-1-0-0_documentation.zip
tibco-flogo-connector-for-apache-avro,TIBCO Flogo® Connector for Apache Avro,https://docs.tibco.com/products/tibco-flogo-connector-for-apache-avro,3,,3,https://docs.tibco.com/products/tibco-flogo-connector-for-apache-avro-1-1-1 | https://docs.tibco.com/products/tibco-flogo-connector-for-apache-avro-1-0-0 | https://docs.tibco.com/products/tibco-flogo-connector-for-apache-avro-1-1-0,0,
tibco-flogo-connector-for-apache-couchdb,TIBCO Flogo® Connector for Apache CouchDB,https://docs.tibco.com/products/tibco-flogo-connector-for-apache-couchdb,1,,1,https://docs.tibco.com/products/tibco-flogo-connector-for-apache-couchdb-1-0-0,0,
tibco-flogo-connector-for-apache-kafka,TIBCO Flogo® Connector for Apache Kafka,https://docs.tibco.com/products/tibco-flogo-connector-for-apache-kafka,6,,3,https://docs.tibco.com/products/tibco-flogo-connector-for-apache-kafka-1-3-1 | https://docs.tibco.com/products/tibco-flogo-connector-for-apache-kafka-1-3-2 | https://docs.tibco.com/products/tibco-flogo-connector-for-apache-kafka-1-3-3,3,https://docs.tibco.com/pub/flogo-kafka/tibco-flogo-connector-for-apache-kafka-1-1-1_documentation.zip | https://docs.tibco.com/pub/flogo-kafka/tibco-flogo-connector-for-apache-kafka-1-1-0_documentation.zip | https://docs.tibco.com/pub/flogo-kafka/tibco-flogo-connector-for-apache-kafka-1-0-0_documentation.zip
tibco-flogo-connector-for-apache-pulsar,TIBCO Flogo® Connector for Apache Pulsar,https://docs.tibco.com/products/tibco-flogo-connector-for-apache-pulsar,4,,4,https://docs.tibco.com/products/tibco-flogo-connector-for-apache-pulsar-1-3-4 | https://docs.tibco.com/products/tibco-flogo-connector-for-apache-pulsar-1-3-2 | https://docs.tibco.com/products/tibco-flogo-connector-for-apache-pulsar-1-3-1 | https://docs.tibco.com/products/tibco-flogo-connector-for-apache-pulsar-1-3-3,0,
tibco-flogo-connector-for-apache-solr,TIBCO Flogo® Connector for Apache Solr,https://docs.tibco.com/products/tibco-flogo-connector-for-apache-solr,2,,2,https://docs.tibco.com/products/tibco-flogo-connector-for-apache-solr-1-1-0 | https://docs.tibco.com/products/tibco-flogo-connector-for-apache-solr-1-0-0,0,
tibco-flogo-connector-for-data-conversion,TIBCO Flogo® Connector for Data Conversion,https://docs.tibco.com/products/tibco-flogo-connector-for-data-conversion,1,,1,https://docs.tibco.com/products/tibco-flogo-connector-for-data-conversion-1-0-0,0,
tibco-flogo-connector-for-docusign,TIBCO Flogo® Connector for DocuSign,https://docs.tibco.com/products/tibco-flogo-connector-for-docusign,1,,1,https://docs.tibco.com/products/tibco-flogo-connector-for-docusign-3-0-1,0,
tibco-flogo-connector-for-github,TIBCO Flogo® Connector for GitHub,https://docs.tibco.com/products/tibco-flogo-connector-for-github,1,,1,https://docs.tibco.com/products/tibco-flogo-connector-for-github-1-0-0,0,
tibco-flogo-connector-for-google-cloud-pub-sub,TIBCO Flogo® Connector for Google Cloud Pub/Sub,https://docs.tibco.com/products/tibco-flogo-connector-for-google-cloud-pub-sub,2,,1,https://docs.tibco.com/products/tibco-flogo-connector-for-google-cloud-pub-sub-1-0-1,1,https://docs.tibco.com/pub/flogo-gcps/tibco-flogo-connector-for-google-cloud-pub-sub-1-0-0_documentation.zip
tibco-flogo-connector-for-google-cloud-sql,TIBCO Flogo® Connector for Google Cloud SQL,https://docs.tibco.com/products/tibco-flogo-connector-for-google-cloud-sql,1,,1,https://docs.tibco.com/products/tibco-flogo-connector-for-google-cloud-sql-1-0-0,0,
tibco-flogo-connector-for-google-cloud-storage,TIBCO Flogo® Connector for Google Cloud Storage,https://docs.tibco.com/products/tibco-flogo-connector-for-google-cloud-storage,1,,1,https://docs.tibco.com/products/tibco-flogo-connector-for-google-cloud-storage-1-0-0,0,
tibco-flogo-connector-for-google-docs,TIBCO Flogo® Connector for Google Docs,https://docs.tibco.com/products/tibco-flogo-connector-for-google-docs,2,,2,https://docs.tibco.com/products/tibco-flogo-connector-for-google-docs-1-1-0 | https://docs.tibco.com/products/tibco-flogo-connector-for-google-docs-1-0-0,0,
tibco-flogo-connector-for-google-sheets,TIBCO Flogo® Connector for Google Sheets,https://docs.tibco.com/products/tibco-flogo-connector-for-google-sheets,1,,1,https://docs.tibco.com/products/tibco-flogo-connector-for-google-sheets-1-0-0,0,
tibco-flogo-connector-for-greenplum-database,TIBCO Flogo® Connector for Greenplum Database,https://docs.tibco.com/products/tibco-flogo-connector-for-greenplum-database,2,,1,https://docs.tibco.com/products/tibco-flogo-connector-for-greenplum-database-2-1-0,1,https://docs.tibco.com/pub/flogo-greenplumdb/tibco-flogo-connector-for-greenplum-database-2-0-0_documentation.zip
tibco-flogo-connector-for-http,TIBCO Flogo® Connector for HTTP,https://docs.tibco.com/products/tibco-flogo-connector-for-http,1,,1,https://docs.tibco.com/products/tibco-flogo-connector-for-http-1-1-1,0,
tibco-flogo-connector-for-hubspot,TIBCO Flogo® Connector for HubSpot,https://docs.tibco.com/products/tibco-flogo-connector-for-hubspot,1,,1,https://docs.tibco.com/products/tibco-flogo-connector-for-hubspot-2-1-0,0,
tibco-flogo-connector-for-ibm-mq,TIBCO Flogo® Connector for IBM MQ,https://docs.tibco.com/products/tibco-flogo-connector-for-ibm-mq,2,,2,https://docs.tibco.com/products/tibco-flogo-connector-for-ibm-mq-2-2-0 | https://docs.tibco.com/products/tibco-flogo-connector-for-ibm-mq-1-0-0,0,
tibco-flogo-connector-for-jira,TIBCO Flogo® Connector for Jira,https://docs.tibco.com/products/tibco-flogo-connector-for-jira,2,,2,https://docs.tibco.com/products/tibco-flogo-connector-for-jira-1-0-1 | https://docs.tibco.com/products/tibco-flogo-connector-for-jira-1-0-0,0,
tibco-flogo-connector-for-magento,TIBCO Flogo® Connector for Magento,https://docs.tibco.com/products/tibco-flogo-connector-for-magento,1,,1,https://docs.tibco.com/products/tibco-flogo-connector-for-magento-2-0-0,0,
tibco-flogo-connector-for-mailchimp,TIBCO Flogo® Connector for MailChimp,https://docs.tibco.com/products/tibco-flogo-connector-for-mailchimp,2,,2,https://docs.tibco.com/products/tibco-flogo-connector-for-mailchimp-1-0-1 | https://docs.tibco.com/products/tibco-flogo-connector-for-mailchimp-1-0-0,0,
tibco-flogo-connector-for-marketo,TIBCO Flogo® Connector for Marketo,https://docs.tibco.com/products/tibco-flogo-connector-for-marketo,5,,5,https://docs.tibco.com/products/tibco-flogo-connector-for-marketo-1-2-1 | https://docs.tibco.com/products/tibco-flogo-connector-for-marketo-1-0-0 | https://docs.tibco.com/products/tibco-flogo-connector-for-marketo-1-1-0 | https://docs.tibco.com/products/tibco-flogo-connector-for-marketo-1-1-1 | https://docs.tibco.com/products/tibco-flogo-connector-for-marketo-1-2-0,0,
tibco-flogo-connector-for-microsoft-azure-data-factory,TIBCO Flogo® Connector for Microsoft Azure Data Factory,https://docs.tibco.com/products/tibco-flogo-connector-for-microsoft-azure-data-factory,3,,1,https://docs.tibco.com/products/tibco-flogo-connector-for-microsoft-azure-data-factory-1-1-1,2,https://docs.tibco.com/pub/flogo-azdatafactory/tibco-flogo-connector-for-microsoft-azure-data-factory-1-0-1_documentation.zip | https://docs.tibco.com/pub/flogo-azdatafactory/tibco-flogo-connector-for-microsoft-azure-data-factory-1-0-0_documentation.zip
tibco-flogo-connector-for-microsoft-azure-service-bus,TIBCO Flogo® Connector for Microsoft Azure Service Bus,https://docs.tibco.com/products/tibco-flogo-connector-for-microsoft-azure-service-bus,6,,2,https://docs.tibco.com/products/tibco-flogo-connector-for-microsoft-azure-service-bus-1-4-1 | https://docs.tibco.com/products/tibco-flogo-connector-for-microsoft-azure-service-bus-1-4-3,3,https://docs.tibco.com/pub/flogo-azservicebus/tibco-flogo-connector-for-microsoft-azure-service-bus-1-2-0_documentation.zip | https://docs.tibco.com/pub/flogo-azservicebus/tibco-flogo-connector-for-microsoft-azure-service-bus-1-1-0_documentation.zip | https://docs.tibco.com/pub/flogo-azservicebus/tibco-flogo-connector-for-microsoft-azure-service-bus-1-0-0_documentation.zip
tibco-flogo-connector-for-microsoft-azure-storage,TIBCO Flogo® Connector for Microsoft Azure Storage,https://docs.tibco.com/products/tibco-flogo-connector-for-microsoft-azure-storage,5,,2,https://docs.tibco.com/products/tibco-flogo-connector-for-microsoft-azure-storage-1-1-3 | https://docs.tibco.com/products/tibco-flogo-connector-for-microsoft-azure-storage-1-2-0,3,https://docs.tibco.com/pub/flogo-azstorage/tibco-flogo-connector-for-microsoft-azure-storage-1-1-1_documentation.zip | https://docs.tibco.com/pub/flogo-azstorage/tibco-flogo-connector-for-microsoft-azure-storage-1-1-0_documentation.zip | https://docs.tibco.com/pub/flogo-azstorage/tibco-flogo-connector-for-microsoft-azure-storage-1-0-0_documentation.zip
tibco-flogo-connector-for-microsoft-sql-server,TIBCO Flogo® Connector for Microsoft SQL Server,https://docs.tibco.com/products/tibco-flogo-connector-for-microsoft-sql-server,3,,1,https://docs.tibco.com/products/tibco-flogo-connector-for-microsoft-sql-server-2-6-1,2,https://docs.tibco.com/pub/flogo-mssql/tibco-flogo-connector-for-microsoft-sql-server-2-1-0_documentation.zip | https://docs.tibco.com/pub/flogo-mssql/tibco-flogo-connector-for-microsoft-sql-server-2-0-0_documentation.zip
tibco-flogo-connector-for-mongodb,TIBCO Flogo® Connector for MongoDB,https://docs.tibco.com/products/tibco-flogo-connector-for-mongodb,2,,1,https://docs.tibco.com/products/tibco-flogo-connector-for-mongodb-1-1-1,1,https://docs.tibco.com/pub/flogo-mongodb/tibco-flogo-connector-for-mongodb-1-0-0_documentation.zip
tibco-flogo-connector-for-mqtt,TIBCO Flogo® Connector for MQTT,https://docs.tibco.com/products/tibco-flogo-connector-for-mqtt,3,,1,https://docs.tibco.com/products/tibco-flogo-connector-for-mqtt-1-3-1,2,https://docs.tibco.com/pub/flogo-mqtt/tibco-flogo-connector-for-mqtt-1-1-0_documentation.zip | https://docs.tibco.com/pub/flogo-mqtt/tibco-flogo-connector-for-mqtt-1-0-0_documentation.zip
tibco-flogo-connector-for-odata,TIBCO Flogo® Connector for OData,https://docs.tibco.com/products/tibco-flogo-connector-for-odata,1,,1,https://docs.tibco.com/products/tibco-flogo-connector-for-odata-1-0-0,0,
tibco-flogo-connector-for-oracle-database,TIBCO Flogo® Connector for Oracle Database,https://docs.tibco.com/products/tibco-flogo-connector-for-oracle-database,4,,2,https://docs.tibco.com/products/tibco-flogo-connector-for-oracle-database-1-2-1 | https://docs.tibco.com/products/tibco-flogo-connector-for-oracle-database-1-2-2,2,https://docs.tibco.com/pub/flogo-oracledb/tibco-flogo-connector-for-oracle-database-1-0-1_documentation.zip | https://docs.tibco.com/pub/flogo-oracledb/tibco-flogo-connector-for-oracle-database-1-0-0_documentation.zip
tibco-flogo-connector-for-oracle-mysql,TIBCO Flogo® Connector for Oracle MySQL,https://docs.tibco.com/products/tibco-flogo-connector-for-oracle-mysql,4,,1,https://docs.tibco.com/products/tibco-flogo-connector-for-oracle-mysql-2-4-5,3,https://docs.tibco.com/pub/flogo-mysql/tibco-flogo-connector-for-oracle-mysql-2-2-0_documentation.zip | https://docs.tibco.com/pub/flogo-mysql/tibco-flogo-connector-for-oracle-mysql-2-1-0_documentation.zip | https://docs.tibco.com/pub/flogo-mysql/tibco-flogo-connector-for-oracle-mysql-2-0-0_documentation.zip
tibco-flogo-connector-for-postgresql,TIBCO Flogo® Connector for PostgreSQL,https://docs.tibco.com/products/tibco-flogo-connector-for-postgresql,4,,1,https://docs.tibco.com/products/tibco-flogo-connector-for-postgresql-2-7-1,3,https://docs.tibco.com/pub/flogo-postgres/tibco-flogo-connector-for-postgresql-2-1-0_documentation.zip | https://docs.tibco.com/pub/flogo-postgres/tibco-flogo-connector-for-postgresql-2-0-1_documentation.zip | https://docs.tibco.com/pub/flogo-postgres/tibco-flogo-connector-for-postgresql-2-0-0_documentation.zip
tibco-flogo-connector-for-redis,TIBCO Flogo® Connector for Redis,https://docs.tibco.com/products/tibco-flogo-connector-for-redis,3,,1,https://docs.tibco.com/products/tibco-flogo-connector-for-redis-1-3-0,2,https://docs.tibco.com/pub/flogo-redis/tibco-flogo-connector-for-redis-1-1-0_documentation.zip | https://docs.tibco.com/pub/flogo-redis/tibco-flogo-connector-for-redis-1-0-0_documentation.zip
tibco-flogo-connector-for-riak,TIBCO Flogo® Connector for Riak,https://docs.tibco.com/products/tibco-flogo-connector-for-riak,1,,1,https://docs.tibco.com/products/tibco-flogo-connector-for-riak-1-0-0,0,
tibco-flogo-connector-for-salesforce-pardot,TIBCO Flogo® Connector for Salesforce Pardot,https://docs.tibco.com/products/tibco-flogo-connector-for-salesforce-pardot,4,,4,https://docs.tibco.com/products/tibco-flogo-connector-for-salesforce-pardot-2-0-0 | https://docs.tibco.com/products/tibco-flogo-connector-for-salesforce-pardot-1-0-0 | https://docs.tibco.com/products/tibco-flogo-connector-for-salesforce-pardot-1-0-1 | https://docs.tibco.com/products/tibco-flogo-connector-for-salesforce-pardot-1-0-2,0,
tibco-flogo-connector-for-salesforce-com,TIBCO Flogo® Connector for Salesforce.com,https://docs.tibco.com/products/tibco-flogo-connector-for-salesforce-com,10,,10,https://docs.tibco.com/products/tibco-flogo-connector-for-salesforce-com-1-3-7 | https://docs.tibco.com/products/tibco-flogo-connector-for-salesforce-com-1-0-0 | https://docs.tibco.com/products/tibco-flogo-connector-for-salesforce-com-1-1-0 | https://docs.tibco.com/products/tibco-flogo-connector-for-salesforce-com-1-1-1 | https://docs.tibco.com/products/tibco-flogo-connector-for-salesforce-com-1-2-0 | https://docs.tibco.com/products/tibco-flogo-connector-for-salesforce-com-1-3-0 | https://docs.tibco.com/products/tibco-flogo-connector-for-salesforce-com-1-3-1 | https://docs.tibco.com/products/tibco-flogo-connector-for-salesforce-com-1-3-2 | https://docs.tibco.com/products/tibco-flogo-connector-for-salesforce-com-1-3-3 | https://docs.tibco.com/products/tibco-flogo-connector-for-salesforce-com-1-3-5,0,
tibco-flogo-connector-for-salesforce-com-einstein-analytics,TIBCO Flogo® Connector for Salesforce.com Einstein Analytics,https://docs.tibco.com/products/tibco-flogo-connector-for-salesforce-com-einstein-analytics,2,,2,https://docs.tibco.com/products/tibco-flogo-connector-for-salesforce-com-einstein-analytics-1-0-1 | https://docs.tibco.com/products/tibco-flogo-connector-for-salesforce-com-einstein-analytics-1-0-0,0,
tibco-flogo-connector-for-sap-cloud-for-customer,TIBCO Flogo® Connector for SAP Cloud for Customer,https://docs.tibco.com/products/tibco-flogo-connector-for-sap-cloud-for-customer,1,,1,https://docs.tibco.com/products/tibco-flogo-connector-for-sap-cloud-for-customer-1-0-0,0,
tibco-flogo-connector-for-sap-hana-database,TIBCO Flogo® Connector for SAP HANA Database,https://docs.tibco.com/products/tibco-flogo-connector-for-sap-hana-database,1,,1,https://docs.tibco.com/products/tibco-flogo-connector-for-sap-hana-database-1-0-0,0,
tibco-flogo-connector-for-sap-s-4hana-cloud,TIBCO Flogo® Connector for SAP S/4HANA Cloud,https://docs.tibco.com/products/tibco-flogo-connector-for-sap-s-4hana-cloud,2,,2,https://docs.tibco.com/products/tibco-flogo-connector-for-sap-s-4hana-cloud-1-1-0 | https://docs.tibco.com/products/tibco-flogo-connector-for-sap-s-4hana-cloud-1-0-0,0,
tibco-flogo-connector-for-sap-successfactors,TIBCO Flogo® Connector for SAP SuccessFactors,https://docs.tibco.com/products/tibco-flogo-connector-for-sap-successfactors,1,,1,https://docs.tibco.com/products/tibco-flogo-connector-for-sap-successfactors-1-0-0,0,
tibco-flogo-connector-for-sftp,TIBCO Flogo® Connector for sFTP,https://docs.tibco.com/products/tibco-flogo-connector-for-sftp,1,,1,https://docs.tibco.com/products/tibco-flogo-connector-for-sftp-1-0-0,0,
tibco-flogo-connector-for-slack,TIBCO Flogo® Connector for Slack,https://docs.tibco.com/products/tibco-flogo-connector-for-slack,3,,3,https://docs.tibco.com/products/tibco-flogo-connector-for-slack-1-0-2 | https://docs.tibco.com/products/tibco-flogo-connector-for-slack-1-0-0 | https://docs.tibco.com/products/tibco-flogo-connector-for-slack-1-0-1,0,
tibco-flogo-connector-for-snowflake,TIBCO Flogo® Connector for Snowflake,https://docs.tibco.com/products/tibco-flogo-connector-for-snowflake,2,,1,https://docs.tibco.com/products/tibco-flogo-connector-for-snowflake-1-2-0,1,https://docs.tibco.com/pub/flogo-snowflake/tibco-flogo-connector-for-snowflake-1-0-0_documentation.zip
tibco-flogo-connector-for-stripe,TIBCO Flogo® Connector for Stripe,https://docs.tibco.com/products/tibco-flogo-connector-for-stripe,2,,2,https://docs.tibco.com/products/tibco-flogo-connector-for-stripe-3-0-1 | https://docs.tibco.com/products/tibco-flogo-connector-for-stripe-3-0-0,0,
tibco-flogo-connector-for-sugarcrm,TIBCO Flogo® Connector for SugarCRM,https://docs.tibco.com/products/tibco-flogo-connector-for-sugarcrm,4,,4,https://docs.tibco.com/products/tibco-flogo-connector-for-sugarcrm-1-3-2 | https://docs.tibco.com/products/tibco-flogo-connector-for-sugarcrm-1-0-0 | https://docs.tibco.com/products/tibco-flogo-connector-for-sugarcrm-1-3-0 | https://docs.tibco.com/products/tibco-flogo-connector-for-sugarcrm-1-3-1,0,
tibco-flogo-connector-for-tibco-cloud-auditsafe,TIBCO Flogo® Connector for TIBCO Cloud™ AuditSafe,https://docs.tibco.com/products/tibco-flogo-connector-for-tibco-cloud-auditsafe,1,,1,https://docs.tibco.com/products/tibco-flogo-connector-for-tibco-cloud-auditsafe-1-3-0,0,
tibco-flogo-connector-for-tibco-cloud-messaging,TIBCO Flogo® Connector for TIBCO Cloud™ Messaging,https://docs.tibco.com/products/tibco-flogo-connector-for-tibco-cloud-messaging,4,,4,https://docs.tibco.com/products/tibco-flogo-connector-for-tibco-cloud-messaging-1-3-3 | https://docs.tibco.com/products/tibco-flogo-connector-for-tibco-cloud-messaging-1-0-0 | https://docs.tibco.com/products/tibco-flogo-connector-for-tibco-cloud-messaging-1-1-0 | https://docs.tibco.com/products/tibco-flogo-connector-for-tibco-cloud-messaging-1-3-2,0,
tibco-flogo-connector-for-tibco-enterprise-message-service,TIBCO Flogo® Connector for TIBCO Enterprise Message Service™,https://docs.tibco.com/products/tibco-flogo-connector-for-tibco-enterprise-message-service,2,,2,https://docs.tibco.com/products/tibco-flogo-connector-for-tibco-enterprise-message-service-1-0-1 | https://docs.tibco.com/products/tibco-flogo-connector-for-tibco-enterprise-message-service-1-0-0,0,
tibco-flogo-connector-for-tibco-data-virtualization,TIBCO Flogo® Connector for TIBCO® Data Virtualization,https://docs.tibco.com/products/tibco-flogo-connector-for-tibco-data-virtualization,1,,1,https://docs.tibco.com/products/tibco-flogo-connector-for-tibco-data-virtualization-1-1-2,0,
tibco-flogo-connector-for-twilio,TIBCO Flogo® Connector for Twilio,https://docs.tibco.com/products/tibco-flogo-connector-for-twilio,1,,1,https://docs.tibco.com/products/tibco-flogo-connector-for-twilio-2-1-0,0,
tibco-flogo-connector-for-websockets,TIBCO Flogo® Connector for WebSockets,https://docs.tibco.com/products/tibco-flogo-connector-for-websockets,1,,1,https://docs.tibco.com/products/tibco-flogo-connector-for-websockets-1-0-1,0,
tibco-flogo-connector-for-zoho-crm,TIBCO Flogo® Connector for Zoho CRM,https://docs.tibco.com/products/tibco-flogo-connector-for-zoho-crm,3,,3,https://docs.tibco.com/products/tibco-flogo-connector-for-zoho-crm-1-1-0 | https://docs.tibco.com/products/tibco-flogo-connector-for-zoho-crm-1-0-0 | https://docs.tibco.com/products/tibco-flogo-connector-for-zoho-crm-1-0-1,0,
tibco-flogo-connector-for-zuora,TIBCO Flogo® Connector for Zuora,https://docs.tibco.com/products/tibco-flogo-connector-for-zuora,1,,1,https://docs.tibco.com/products/tibco-flogo-connector-for-zuora-2-0-0,0,
tibco-flogo-extension-for-visual-studio-code,TIBCO Flogo® Extension for Visual Studio Code,https://docs.tibco.com/products/tibco-flogo-extension-for-visual-studio-code,11,,11,https://docs.tibco.com/products/tibco-flogo-extension-for-visual-studio-code-1-3-5 | https://docs.tibco.com/products/tibco-flogo-extension-for-visual-studio-code-1-0-0 | https://docs.tibco.com/products/tibco-flogo-extension-for-visual-studio-code-1-1-0 | https://docs.tibco.com/products/tibco-flogo-extension-for-visual-studio-code-1-1-1 | https://docs.tibco.com/products/tibco-flogo-extension-for-visual-studio-code-1-2-0 | https://docs.tibco.com/products/tibco-flogo-extension-for-visual-studio-code-1-2-1 | https://docs.tibco.com/products/tibco-flogo-extension-for-visual-studio-code-1-3-0 | https://docs.tibco.com/products/tibco-flogo-extension-for-visual-studio-code-1-3-1 | https://docs.tibco.com/products/tibco-flogo-extension-for-visual-studio-code-1-3-2 | https://docs.tibco.com/products/tibco-flogo-extension-for-visual-studio-code-1-3-3 | https://docs.tibco.com/products/tibco-flogo-extension-for-visual-studio-code-1-3-4,0,
tibco-foresight-businessconnect-insight,TIBCO Foresight BusinessConnect™ Insight,https://docs.tibco.com/products/tibco-foresight-businessconnect-insight,1,,1,https://docs.tibco.com/products/tibco-foresight-businessconnect-insight-1-0-0,0,
tibco-foresight-connect-with-fhir,TIBCO Foresight® Connect with FHIR,https://docs.tibco.com/products/tibco-foresight-connect-with-fhir,2,,0,,2,https://docs.tibco.com/pub/fs-confhir/tibco-foresight-connect-with-fhir-1-0-1_documentation.zip | https://docs.tibco.com/pub/fs-confhir/tibco-foresight-connect-with-fhir-1-0-0_documentation.zip
tibco-foresight-edisim,TIBCO Foresight® EDISIM®,https://docs.tibco.com/products/tibco-foresight-edisim,8,,1,https://docs.tibco.com/products/tibco-foresight-edisim-6-21-0,7,https://docs.tibco.com/pub/fsp_edisim/tibco-foresight-edisim-6-20-0_documentation.zip | https://docs.tibco.com/pub/fsp_edisim/tibco-foresight-edisim-6-19-0_documentation.zip | https://docs.tibco.com/pub/fsp_edisim/tibco-foresight-edisim-6-18-0_documentation.zip | https://docs.tibco.com/pub/fsp_edisim/tibco-foresight-edisim-6-17-0_documentation.zip | https://docs.tibco.com/pub/fsp_edisim/tibco-foresight-edisim-6-16-0_documentation.zip | https://docs.tibco.com/pub/fsp_edisim/tibco-foresight-edisim-6-15-0_documentation.zip | https://docs.tibco.com/pub/fsp_edisim/tibco-foresight-edisim-6-14-0_documentation.zip
tibco-foresight-edisim-docsuite,TIBCO Foresight® EDISIM® DocSuite,https://docs.tibco.com/products/tibco-foresight-edisim-docsuite,6,,0,,6,https://docs.tibco.com/emp/fsp_edisim_docsuite/tibco-foresight-edisim-docsuite-6-20-0_documentation.zip | https://docs.tibco.com/emp/fsp_edisim_docsuite/tibco-foresight-edisim-docsuite-6-19-0_documentation.zip | https://docs.tibco.com/emp/fsp_edisim_docsuite/tibco-foresight-edisim-docsuite-6-18-0_documentation.zip | https://docs.tibco.com/emp/fsp_edisim_docsuite/tibco-foresight-edisim-docsuite-6-17-0_documentation.zip | https://docs.tibco.com/emp/fsp_edisim_docsuite/tibco-foresight-edisim-docsuite-6-16-0_documentation.zip | https://docs.tibco.com/emp/fsp_edisim_docsuite/tibco-foresight-edisim-docsuite-6-15-0_documentation.zip
tibco-foresight-hipaa-validator-desktop,TIBCO Foresight® HIPAA Validator® Desktop,https://docs.tibco.com/products/tibco-foresight-hipaa-validator-desktop,8,,0,,8,https://docs.tibco.com/pub/fsp_desktop/tibco-foresight-hipaa-validator-desktop-9-2-0_documentation.zip | https://docs.tibco.com/pub/fsp_desktop/tibco-foresight-hipaa-validator-desktop-9-1-0_documentation.zip | https://docs.tibco.com/pub/fsp_desktop/tibco-foresight-hipaa-validator-desktop-9-0-0_documentation.zip | https://docs.tibco.com/pub/fsp_desktop/tibco-foresight-hipaa-validator-desktop-8-8-0_documentation.zip | https://docs.tibco.com/pub/fsp_desktop/tibco-foresight-hipaa-validator-desktop-8-7-0_documentation.zip | https://docs.tibco.com/pub/foresight/foresight_desktop/8.6.0/tibco-foresight-hipaa-validator-desktop-8-6-0_documentation.zip | https://docs.tibco.com/pub/foresight/foresight_desktop/8.5.0/tibco-foresight-hipaa-validator-desktop-8-5-0_documentation.zip | https://docs.tibco.com/pub/foresight/foresight_desktop/8.4.0/tibco-foresight-hipaa-validator-desktop-8-4-0_documentation.zip
tibco-foresight-icd-10-conversion-adapter,TIBCO Foresight® ICD-10 Conversion Adapter,https://docs.tibco.com/products/tibco-foresight-icd-10-conversion-adapter,2,,2,https://docs.tibco.com/products/tibco-foresight-icd-10-conversion-adapter-1-3-0 | https://docs.tibco.com/products/tibco-foresight-icd-10-conversion-adapter-1-2-0,0,
tibco-foresight-instream-mac-adapter,TIBCO Foresight® Instream® MAC Adapter,https://docs.tibco.com/products/tibco-foresight-instream-mac-adapter,2,,0,,2,https://docs.tibco.com/pub/macadapter/tibco-foresight-instream-mac-adapter-5-0-0_documentation.zip | https://docs.tibco.com/pub/macadapter/tibco-foresight-instream-mac-adapter-4-0-0_documentation.zip
tibco-foresight-operational-monitor,TIBCO Foresight® Operational Monitor,https://docs.tibco.com/products/tibco-foresight-operational-monitor,8,,3,https://docs.tibco.com/products/tibco-foresight-operational-monitor-5-4-0 | https://docs.tibco.com/products/tibco-foresight-operational-monitor-5-5-0 | https://docs.tibco.com/products/tibco-foresight-operational-monitor-6-0-0,5,https://docs.tibco.com/pub/fsp_opmon/tibco-foresight-operational-monitor-5-3-0_documentation.zip | https://docs.tibco.com/pub/fsp_opmon/tibco-foresight-operational-monitor-5-2-1_documentation.zip | https://docs.tibco.com/pub/fsp_opmon/tibco-foresight-operational-monitor-5-2-0_documentation.zip | https://docs.tibco.com/pub/fsp_opmon/tibco-foresight-operational-monitor-5-1-1_documentation.zip | https://docs.tibco.com/pub/foresight-operational-monitor/tibco-foresight-operational-monitor-5-1-0_documentation.zip
tibco-foresight-rest-api,TIBCO Foresight® REST API,https://docs.tibco.com/products/tibco-foresight-rest-api,6,,3,https://docs.tibco.com/products/tibco-foresight-rest-api-1-0-3 | https://docs.tibco.com/products/tibco-foresight-rest-api-1-1-0 | https://docs.tibco.com/products/tibco-foresight-rest-api-1-2-0,3,https://docs.tibco.com/pub/fs-restapi/tibco-foresight-rest-api-1-0-2_documentation.zip | https://docs.tibco.com/pub/fs-restapi/tibco-foresight-rest-api-1-0-1_documentation.zip | https://docs.tibco.com/pub/fs-restapi/tibco-foresight-rest-api-1-0-0_documentation.zip
tibco-foresight-transaction-insight,TIBCO Foresight® Transaction Insight®,https://docs.tibco.com/products/tibco-foresight-transaction-insight,8,,3,https://docs.tibco.com/products/tibco-foresight-transaction-insight-5-4-0 | https://docs.tibco.com/products/tibco-foresight-transaction-insight-5-5-0 | https://docs.tibco.com/products/tibco-foresight-transaction-insight-6-0-0,5,https://docs.tibco.com/pub/fsp_transactioninsight/tibco-foresight-transaction-insight-5-3-0_documentation.zip | https://docs.tibco.com/pub/fsp_txninsight/tibco-foresight-transaction-insight-5-2-1_documentation.zip | https://docs.tibco.com/pub/fsp_txninsight/tibco-foresight-transaction-insight-5-2-0_documentation.zip | https://docs.tibco.com/pub/fsp_txninsight/tibco-foresight-transaction-insight-5-1-1_documentation.zip | https://docs.tibco.com/pub/fsp_txninsight/tibco-foresight-transaction-insight-5-1-0_documentation.zip
tibco-foresight-transaction-insight-standard-edition,TIBCO Foresight® Transaction Insight® Standard Edition,https://docs.tibco.com/products/tibco-foresight-transaction-insight-standard-edition,1,,0,,1,https://docs.tibco.com/pub/fsp_transactioninsight_standard/tibco-foresight-transaction-insight-standard-edition-5-2-0_documentation.zip
tibco-foresight-translator,TIBCO Foresight® Translator,https://docs.tibco.com/products/tibco-foresight-translator,13,,1,https://docs.tibco.com/products/tibco-foresight-translator-4-2-0,12,https://docs.tibco.com/pub/translator-zlinux/tibco-foresight-translator-4-1-0_documentation.zip | https://docs.tibco.com/pub/translator/tibco-foresight-translator-4-0-0_documentation.zip | https://docs.tibco.com/pub/translator/tibco-foresight-translator-3-8-0_documentation.zip | https://docs.tibco.com/pub/translator/tibco-foresight-translator-3-7-0_documentation.zip | https://docs.tibco.com/pub/translator-hce/tibco-foresight-translator-3-6-0_documentation.zip | https://docs.tibco.com/pub/translator-hce/tibco-foresight-translator-3-5-0_documentation.zip | https://docs.tibco.com/pub/translator-hce/tibco-foresight-translator-3-4-0_documentation.zip | https://docs.tibco.com/pub/foresight/foresight_translator/3.3.0_august_2013/tibco-foresight-translator-3-3-0_documentation.zip | https://docs.tibco.com/pub/foresight/foresight_translator/3.2.1_Mar_2013/tibco-foresight-translator-3-2-1_documentation.zip | https://docs.tibco.com/pub/foresight/foresight_translator/3.2.0-february-2013/tibco-foresight-translator-3-2-0_documentation.zip | https://docs.tibco.com/pub/foresight/foresight_translator/3.1.0_october_2012/tibco-foresight-translator-3-1-0_documentation.zip | https://docs.tibco.com/pub/foresight/foresight_translator/3.0.0-july-2012/tibco-foresight-translator-3-0-0_documentation.zip
tibco-foresight-translator-attachment-adapter,TIBCO Foresight® Translator Attachment Adapter,https://docs.tibco.com/products/tibco-foresight-translator-attachment-adapter,4,,4,https://docs.tibco.com/products/tibco-foresight-translator-attachment-adapter-3-0-0 | https://docs.tibco.com/products/tibco-foresight-translator-claims-attachment-adapter-1-0-0 | https://docs.tibco.com/products/tibco-foresight-translator-claims-attachment-adapter-1-1-0 | https://docs.tibco.com/products/tibco-foresight-translator-attachment-adapter-2-0-0,0,
tibco-foresight-archive-and-retrieval-system,TIBCO Foresight™ Archive and Retrieval System,https://docs.tibco.com/products/tibco-foresight-archive-and-retrieval-system,8,,3,https://docs.tibco.com/products/tibco-foresight-archive-and-retrieval-system-5-4-0 | https://docs.tibco.com/products/tibco-foresight-archive-and-retrieval-system-5-5-0 | https://docs.tibco.com/products/tibco-foresight-archive-and-retrieval-system-6-0-0,5,https://docs.tibco.com/pub/fsp_archive/tibco-foresight-archive-and-retrieval-system-5-3-0_documentation.zip | https://docs.tibco.com/pub/fsp_archive/tibco-foresight-archive-and-retrieval-system-5-2-1_documentation.zip | https://docs.tibco.com/pub/fsp_archive_healthcare/tibco-foresight-archive-and-retrieval-system-5-2-0_documentation.zip | https://docs.tibco.com/pub/fsp_archive/tibco-foresight-archive-and-retrieval-system-5-1-1_documentation.zip | https://docs.tibco.com/pub/fsp_archive_healthcare/tibco-foresight-archive-and-retrieval-system-5-1-0_documentation.zip
tibco-foresight-instream,TIBCO Foresight™ Instream®,https://docs.tibco.com/products/tibco-foresight-instream,16,,2,https://docs.tibco.com/products/tibco-foresight-instream-9-3-0 | https://docs.tibco.com/products/tibco-foresight-instream-9-4-0,14,https://docs.tibco.com/pub/fsp-instream/tibco-foresight-instream-9-2-0_documentation.zip | https://docs.tibco.com/pub/fsp-instream-hce-zlinux/tibco-foresight-instream-9-1-0_documentation.zip | https://docs.tibco.com/pub/fsp-instream-zlinux/tibco-foresight-instream-9-0-0_documentation.zip | https://docs.tibco.com/pub/fsp-instream-hce/tibco-foresight-instream-8-8-0_documentation.zip | https://docs.tibco.com/pub/fsp-instream/tibco-foresight-instream-8-7-0_documentation.zip | https://docs.tibco.com/pub/foresight/foresight_instream/8.6.0/tibco-foresight-instream-8-6-0_documentation.zip | https://docs.tibco.com/pub/foresight/foresight_instream/8.5.0/tibco-foresight-instream-8-5-0_documentation.zip | https://docs.tibco.com/pub/foresight/foresight_instream/8.4.0/tibco-foresight-instream-8-4-0_documentation.zip | https://docs.tibco.com/pub/foresight/foresight_instream/8.3.0_Aug_2013/tibco-foresight-instream-8-3-0_documentation.zip | https://docs.tibco.com/pub/foresight/foresight_instream/8.2.1_apr_2013/tibco-foresight-instream-8-2-1_documentation.zip | https://docs.tibco.com/pub/foresight/foresight_instream/8.2.0-january-2013/tibco-foresight-instream-8-2-0_documentation.zip | https://docs.tibco.com/pub/foresight/foresight_instream/8.1.0_october_2012/tibco-foresight-instream-8-1-0_documentation.zip | https://docs.tibco.com/pub/foresight/foresight_instream/8.0.0-july-2012/tibco-foresight-instream-8-0-0_documentation.zip | https://docs.tibco.com/pub/foresight/foresight_instream/7.15.0-oct-2011/tibco-foresight-instream-7-15-0_documentation.zip
tibco-foresight-studio,TIBCO Foresight™ Studio,https://docs.tibco.com/products/tibco-foresight-studio,14,,1,https://docs.tibco.com/products/tibco-foresight-studio-9-3-0,13,https://docs.tibco.com/pub/fsp-studio/tibco-foresight-studio-9-2-0_documentation.zip | https://docs.tibco.com/pub/fsp-studio/tibco-foresight-studio-9-1-0_documentation.zip | https://docs.tibco.com/pub/fsp_studio/tibco-foresight-studio-9-0-1_documentation.zip | https://docs.tibco.com/pub/fsp_studio/tibco-foresight-studio-9-0-0_documentation.zip | https://docs.tibco.com/pub/fsp_studio/tibco-foresight-studio-8-8-1_documentation.zip | https://docs.tibco.com/pub/fsp_studio/tibco-foresight-studio-8-8-0_documentation.zip | https://docs.tibco.com/pub/fsp_studio/tibco-foresight-studio-8-7-0_documentation.zip | https://docs.tibco.com/pub/foresight/foresight_studio/8.2.0-january-2013/tibco-foresight-studio-8-2-0_documentation.zip | https://docs.tibco.com/pub/foresight/foresight_studio/8.0.0-september-2012/tibco-foresight-studio-8-0-0_documentation.zip | https://docs.tibco.com/pub/foresight/foresight_studio/7.16.0-january-2012/tibco-foresight-studio-7-16-0_documentation.zip | https://docs.tibco.com/pub/foresight/foresight_studio/7.15.0-oct-2011/tibco-foresight-studio-7-15-0_documentation.zip | https://docs.tibco.com/pub/foresight/foresight_studio/7.14.0-july-2011/tibco-foresight-studio-7-14-0_documentation.zip | https://docs.tibco.com/pub/foresight/foresight_studio/7.13.0-apr-2011/tibco-foresight-studio-7-13-0_documentation.zip
tibco-formvine,TIBCO Formvine®,https://docs.tibco.com/products/tibco-formvine,10,,0,,9,https://docs.tibco.com/pub/formvine/tibco-formvine-3-3-3_documentation.zip | https://docs.tibco.com/pub/formvine/tibco-formvine-3-3-1_documentation.zip | https://docs.tibco.com/pub/formvine/tibco-formvine-3-3-0_documentation.zip | https://docs.tibco.com/pub/formvine/tibco-formvine-3-2-2_documentation.zip | https://docs.tibco.com/pub/formvine/tibco-formvine-3-2-1_documentation.zip | https://docs.tibco.com/pub/formvine/tibco-formvine-2-0-5_documentation.zip | https://docs.tibco.com/pub/formvine/tibco-formvine-2-0-4_documentation.zip | https://docs.tibco.com/pub/formvine/tibco-formvine-2-0-2_documentation.zip | https://docs.tibco.com/pub/formvine/tibco-formvine-2-0-1_documentation.zip
tibco-ftl-enterprise-edition,TIBCO FTL® - Enterprise Edition,https://docs.tibco.com/products/tibco-ftl-enterprise-edition,49,,9,https://docs.tibco.com/products/tibco-ftl-enterprise-edition-6-10-0 | https://docs.tibco.com/products/tibco-ftl-enterprise-edition-6-10-1 | https://docs.tibco.com/products/tibco-ftl-enterprise-edition-6-10-2 | https://docs.tibco.com/products/tibco-ftl-enterprise-edition-7-0-0 | https://docs.tibco.com/products/tibco-ftl-enterprise-edition-7-0-1 | https://docs.tibco.com/products/tibco-ftl-enterprise-edition-7-1-0 | https://docs.tibco.com/products/tibco-ftl-enterprise-edition-7-1-1 | https://docs.tibco.com/products/tibco-ftl-enterprise-edition-7-2-0 | https://docs.tibco.com/products/tibco-ftl-enterprise-edition-7-1-2,40,https://docs.tibco.com/pub/ftl/tibco-ftl-enterprise-edition-6-9-1_documentation.zip | https://docs.tibco.com/pub/ftl/tibco-ftl-enterprise-edition-6-9-0_documentation.zip | https://docs.tibco.com/pub/ftl/tibco-ftl-enterprise-edition-6-8-1_documentation.zip | https://docs.tibco.com/pub/ftl/tibco-ftl-enterprise-edition-6-8-0_documentation.zip | https://docs.tibco.com/pub/ftl/tibco-ftl-enterprise-edition-6-7-4_documentation.zip | https://docs.tibco.com/pub/ftl/tibco-ftl-enterprise-edition-6-7-3_documentation.zip | https://docs.tibco.com/pub/ftl/tibco-ftl-enterprise-edition-6-7-2_documentation.zip | https://docs.tibco.com/pub/ftl/tibco-ftl-enterprise-edition-6-7-1_documentation.zip | https://docs.tibco.com/pub/ftl/tibco-ftl-enterprise-edition-6-7-0_documentation.zip | https://docs.tibco.com/pub/ftl/tibco-ftl-enterprise-edition-6-6-1_documentation.zip | https://docs.tibco.com/pub/ftl/tibco-ftl-enterprise-edition-6-6-0_documentation.zip | https://docs.tibco.com/pub/ftl/tibco-ftl-enterprise-edition-6-5-0_documentation.zip | https://docs.tibco.com/pub/ftl/tibco-ftl-enterprise-edition-6-4-0_documentation.zip | https://docs.tibco.com/pub/ftl/tibco-ftl-enterprise-edition-6-3-1_documentation.zip | https://docs.tibco.com/pub/ftl/tibco-ftl-enterprise-edition-6-3-0_documentation.zip | https://docs.tibco.com/pub/ftl/tibco-ftl-enterprise-edition-6-2-0_documentation.zip | https://docs.tibco.com/pub/ftl/tibco-ftl-enterprise-edition-6-1-0_documentation.zip | https://docs.tibco.com/pub/ftl/tibco-ftl-enterprise-edition-6-0-1_documentation.zip | https://docs.tibco.com/pub/ftl/tibco-ftl-enterprise-edition-6-0-0_documentation.zip | https://docs.tibco.com/pub/ftl/tibco-ftl-enterprise-edition-5-4-2_documentation.zip | https://docs.tibco.com/pub/ftl/tibco-ftl-enterprise-edition-5-4-1_documentation.zip | https://docs.tibco.com/pub/ftl/tibco-ftl-enterprise-edition-5-4-0_documentation.zip | https://docs.tibco.com/pub/ftl/tibco-ftl-enterprise-edition-5-3-2_documentation.zip | https://docs.tibco.com/pub/ftl/tibco-ftl-enterprise-edition-5-3-1_documentation.zip | https://docs.tibco.com/pub/ftl/tibco-ftl-enterprise-edition-5-3-0_documentation.zip | https://docs.tibco.com/pub/ftl/tibco-ftl-5-2-1_documentation.zip | https://docs.tibco.com/pub/ftl/tibco-ftl-5-2-0_documentation.zip | https://docs.tibco.com/pub/ftl/tibco-ftl-5-1-0_documentation.zip | https://docs.tibco.com/pub/ftl/tibco-ftl-5-0-0_documentation.zip | https://docs.tibco.com/pub/ftl/tibco-ftl-4-3-0_documentation.zip | https://docs.tibco.com/pub/ftl/tibco-ftl-4-2-0_documentation.zip | https://docs.tibco.com/pub/ftl/tibco-ftl-4-1-0_documentation.zip | https://docs.tibco.com/pub/ftl/tibco-ftl-4-0-0_documentation.zip | https://docs.tibco.com/pub/ftl/tibco-ftl-3-1-0_documentation.zip | https://docs.tibco.com/pub/ftl/tibco-ftl-3-0-0_documentation.zip | https://docs.tibco.com/pub/ftl/tibco-ftl-2-1-0_documentation.zip | https://docs.tibco.com/pub/ftl/tibco-ftl-2-0-1_documentation.zip | https://docs.tibco.com/pub/ftl/tibco-ftl-2-0-0_documentation.zip | https://docs.tibco.com/pub/ftl/tibco-ftl-1-1-0_documentation.zip | https://docs.tibco.com/pub/ftl/tibco-ftl-1-0-0_documentation.zip
tibco-geoanalytics,TIBCO GeoAnalytics,https://docs.tibco.com/products/tibco-geoanalytics,2,,0,,2,https://docs.tibco.com/pub/geo/tibco-geoanalytics-1-3-1_documentation.zip | https://docs.tibco.com/pub/geo/tibco-geoanalytics-1-2-4_documentation.zip
tibco-geoanalytics-builder,TIBCO GeoAnalytics Builder,https://docs.tibco.com/products/tibco-geoanalytics-builder,1,,0,,1,https://docs.tibco.com/pub/geo-build/tibco-geoanalytics-builder-1-9-3_documentation.zip
tibco-hawk-activematrix-plug-in,TIBCO Hawk ActiveMatrix® Plug-in,https://docs.tibco.com/products/tibco-hawk-activematrix-plug-in,2,,2,https://docs.tibco.com/products/tibco-hawk-activematrix-plug-in-1-2-0 | https://docs.tibco.com/products/tibco-hawk-activematrix-plug-in-1-1,0,
tibco-hawk-container-edition,TIBCO Hawk® - Container Edition,https://docs.tibco.com/products/tibco-hawk-container-edition,2,,0,,2,https://docs.tibco.com/pub/hkce/tibco-hawk-container-edition-2-0-0_documentation.zip | https://docs.tibco.com/pub/hkce/tibco-hawk-container-edition-1-0-0_documentation.zip
tibco-hawk-adapter-for-tivoli,TIBCO Hawk® Adapter for Tivoli,https://docs.tibco.com/products/tibco-hawk-adapter-for-tivoli,1,,0,,1,https://docs.tibco.com/emp/hawk_adapter_for_tivoli/tibco-hawk-adapter-for-tivoli-4-9-0_documentation.zip
tibco-hawk-database-adapter,TIBCO Hawk® Database Adapter,https://docs.tibco.com/products/tibco-hawk-database-adapter,6,,3,https://docs.tibco.com/products/tibco-hawk-database-adapter-5-1-0 | https://docs.tibco.com/products/tibco-hawk-database-adapter-6-2-0 | https://docs.tibco.com/products/tibco-hawk-database-adapter-6-2-1,3,https://docs.tibco.com/pub/hawkdbhma/tibco-hawk-database-adapter-6-0-0_documentation.zip | https://docs.tibco.com/pub/hawkdbhma/tibco-hawk-database-adapter-5-2-0_documentation.zip | https://docs.tibco.com/pub/hawk_database_adapter/tibco-hawk-database-adapter-4-6-0_documentation.zip
tibco-hawk-jmx-plug-in,TIBCO Hawk® JMX Plug-in,https://docs.tibco.com/products/tibco-hawk-jmx-plug-in,3,,2,https://docs.tibco.com/products/tibco-hawk-jmx-plug-in-2-1-0 | https://docs.tibco.com/products/tibco-hawk-jmx-plug-in-6-0-0,1,https://docs.tibco.com/pub/hawkjmx/tibco-hawk-jmx-plug-in-5-2-0_documentation.zip
tibco-hawk-microagent-for-tibco-activematrix-businessworks-6,TIBCO Hawk® Microagent for TIBCO Activematrix BusinessWorks™ 6,https://docs.tibco.com/products/tibco-hawk-microagent-for-tibco-activematrix-businessworks-6,8,,6,https://docs.tibco.com/products/tibco-hawk-microagent-for-tibco-activematrix-businessworks-6-6-6-1 | https://docs.tibco.com/products/tibco-hawk-microagent-for-tibco-activematrix-businessworks-6-6-7-0 | https://docs.tibco.com/products/tibco-hawk-microagent-for-tibco-activematrix-businessworks-6-6-7-1 | https://docs.tibco.com/products/tibco-hawk-microagent-for-tibco-activematrix-businessworks-6-6-7-2 | https://docs.tibco.com/products/tibco-hawk-microagent-for-tibco-activematrix-businessworks-6-6-6-2 | https://docs.tibco.com/products/tibco-hawk-microagent-for-tibco-activematrix-businessworks-6-6-8-0,2,https://docs.tibco.com/pub/hkbw6/tibco-hawk-microagent-for-tibco-activematrix-businessworks-6-6-6-0_documentation.zip | https://docs.tibco.com/pub/hkbw6/tibco-hawk-microagent-for-tibco-activematrix-businessworks-6-6-5-0_documentation.zip
tibco-hawk-microagent-for-tibco-businessworks-container-edition,TIBCO Hawk® Microagent for TIBCO BusinessWorks™ Container Edition,https://docs.tibco.com/products/tibco-hawk-microagent-for-tibco-businessworks-container-edition,5,,4,https://docs.tibco.com/products/tibco-hawk-microagent-for-tibco-businessworks-container-edition-2-0-0 | https://docs.tibco.com/products/tibco-hawk-microagent-for-tibco-businessworks-container-edition-2-1-0 | https://docs.tibco.com/products/tibco-hawk-microagent-for-tibco-businessworks-container-edition-2-1-1 | https://docs.tibco.com/products/tibco-hawk-microagent-for-tibco-businessworks-container-edition-2-2-0,1,https://docs.tibco.com/pub/hkbwce/tibco-hawk-microagent-for-tibco-businessworks-container-edition-1-0-0_documentation.zip
tibco-hawk-microagent-for-tibco-ftl-tibco-eftl,TIBCO Hawk® Microagent for TIBCO FTL®/TIBCO eFTL™,https://docs.tibco.com/products/tibco-hawk-microagent-for-tibco-ftl-tibco-eftl,2,,1,https://docs.tibco.com/products/tibco-hawk-microagent-for-tibco-ftl-tibco-eftl-1-1-0,1,https://docs.tibco.com/pub/hawkftl/tibco-hawk-microagent-for-tibco-ftl-tibco-eftl-1-0-0_documentation.zip
tibco-hawk-snmp-adapter,TIBCO Hawk® SNMP Adapter,https://docs.tibco.com/products/tibco-hawk-snmp-adapter,4,,0,,4,https://docs.tibco.com/pub/hawksnmp/tibco-hawk-snmp-adapter-6-0-0_documentation.zip | https://docs.tibco.com/pub/hawksnmp/tibco-hawk-snmp-adapter-5-2-0_documentation.zip | https://docs.tibco.com/pub/hawk_snmp_adapter/tibco-hawk-snmp-adapter-5-1-0_documentation.zip | https://docs.tibco.com/pub/hawk_snmp_adapter/tibco-hawk-snmp-adapter-4-9-0_documentation.zip
tibco-inconcert,TIBCO InConcert®,https://docs.tibco.com/products/tibco-inconcert,2,,0,,1,https://docs.tibco.com/emp/inconcert/tibco-inconcert-7-4-1_documentation.zip
tibco-integrationmanager,TIBCO IntegrationManager,https://docs.tibco.com/products/tibco-integrationmanager,1,,0,,1,https://docs.tibco.com/emp/integrationmanager/tibco-integrationmanager-5-0-2_documentation.zip
tibco-iprocess-analytics,TIBCO iProcess® Analytics,https://docs.tibco.com/products/tibco-iprocess-analytics,4,,0,,4,https://docs.tibco.com/emp/ip-analytics/tibco-iprocess-analytics-9-7-0_documentation.zip | https://docs.tibco.com/emp/iprocess_analytics/tibco-iprocess-analytics-5-1-1_documentation.zip | https://docs.tibco.com/emp/iprocess_analytics/tibco-iprocess-analytics-5-1-0_documentation.zip | https://docs.tibco.com/emp/iprocess_analytics/tibco-iprocess-analytics-5-0-1_documentation.zip
tibco-iprocess-analytics-export,TIBCO iProcess® Analytics Export,https://docs.tibco.com/products/tibco-iprocess-analytics-export,1,,0,,0,
tibco-iprocess-client-asp,TIBCO iProcess® Client (ASP),https://docs.tibco.com/products/tibco-iprocess-client-asp,1,,1,https://docs.tibco.com/products/tibco-iprocess-client-asp-9-2,0,
tibco-iprocess-client-jsp,TIBCO iProcess® Client (JSP),https://docs.tibco.com/products/tibco-iprocess-client-jsp,1,,1,https://docs.tibco.com/products/tibco-iprocess-client-jsp-9-2,0,
tibco-iprocess-conductor,TIBCO iProcess® Conductor,https://docs.tibco.com/products/tibco-iprocess-conductor,1,,1,https://docs.tibco.com/products/tibco-iprocess-conductor-11-2-1,0,
tibco-iprocess-decisions,TIBCO iProcess® Decisions,https://docs.tibco.com/products/tibco-iprocess-decisions,2,,2,https://docs.tibco.com/products/tibco-iprocess-decisions-5-4-1 | https://docs.tibco.com/products/tibco-iprocess-decisions-4-3-2,0,
tibco-iprocess-engine,TIBCO iProcess® Engine,https://docs.tibco.com/products/tibco-iprocess-engine,15,,5,https://docs.tibco.com/products/tibco-iprocess-engine-11-8-1 | https://docs.tibco.com/products/tibco-iprocess-engine-11-9-0 | https://docs.tibco.com/products/tibco-iprocess-engine-11-9-1 | https://docs.tibco.com/products/tibco-iprocess-engine-11-10-0 | https://docs.tibco.com/products/tibco-iprocess-engine-11-9-2,10,https://docs.tibco.com/pub/ipe-db2/tibco-iprocess-engine-11-8-0_documentation.zip | https://docs.tibco.com/pub/ipe-db2/tibco-iprocess-engine-11-7-0_documentation.zip | https://docs.tibco.com/pub/ipe-db2/tibco-iprocess-engine-11-6-1_documentation.zip | https://docs.tibco.com/pub/ipe-db2/tibco-iprocess-engine-11-6-0_documentation.zip | https://docs.tibco.com/pub/ipe-db2/tibco-iprocess-engine-11-5-0_documentation.zip | https://docs.tibco.com/pub/iprocess-engine/tibco-iprocess-engine-11-4-1_documentation.zip | https://docs.tibco.com/pub/iprocess-engine/tibco-iprocess-engine-11-4-0_documentation.zip | https://docs.tibco.com/pub/iprocess-engine/tibco-iprocess-engine-11-3-1_documentation.zip | https://docs.tibco.com/pub/iprocess-engine/tibco-iprocess-engine-11-3-0_documentation.zip | https://docs.tibco.com/pub/iprocess-engine/tibco-iprocess-engine-11-1-0_documentation.zip
tibco-iprocess-modeler,TIBCO iProcess® Modeler,https://docs.tibco.com/products/tibco-iprocess-modeler,4,,4,https://docs.tibco.com/products/tibco-iprocess-modeler-11-4-0 | https://docs.tibco.com/products/tibco-iprocess-modeler-11-1 | https://docs.tibco.com/products/tibco-iprocess-modeler-11-3 | https://docs.tibco.com/products/tibco-iprocess-modeler-11-3-1,0,
tibco-iprocess-objects,TIBCO iProcess® Objects,https://docs.tibco.com/products/tibco-iprocess-objects,1,,1,https://docs.tibco.com/products/tibco-iprocess-objects-10-x,0,
tibco-iprocess-plug-ins,TIBCO iProcess® Plug-ins,https://docs.tibco.com/products/tibco-iprocess-plug-ins,1,,0,,0,
tibco-iprocess-server-objects-net,TIBCO iProcess® Server Objects (.Net),https://docs.tibco.com/products/tibco-iprocess-server-objects-net,5,,4,https://docs.tibco.com/products/tibco-iprocess-server-objects-net-11-4-0 | https://docs.tibco.com/products/tibco-iprocess-server-objects-net-11-4-1 | https://docs.tibco.com/products/tibco-iprocess-server-objects-net-11-9-0 | https://docs.tibco.com/products/tibco-iprocess-server-objects-net-11-10-0,1,https://docs.tibco.com/pub/iprocess-server-objects-net/tibco-iprocess-server-objects-net-11-3-0_documentation.zip
tibco-iprocess-server-objects-java,TIBCO iProcess® Server Objects (Java),https://docs.tibco.com/products/tibco-iprocess-server-objects-java,5,,4,https://docs.tibco.com/products/tibco-iprocess-server-objects-java-11-4-0 | https://docs.tibco.com/products/tibco-iprocess-server-objects-java-11-4-1 | https://docs.tibco.com/products/tibco-iprocess-server-objects-java-11-9-0 | https://docs.tibco.com/products/tibco-iprocess-server-objects-java-11-10-0,1,https://docs.tibco.com/pub/iprocess-server-objects-java/tibco-iprocess-server-objects-java-11-3-0_documentation.zip
tibco-iprocess-suite,TIBCO iProcess® Suite,https://docs.tibco.com/products/tibco-iprocess-suite,1,,1,https://docs.tibco.com/products/tibco-iprocess-suite-1-0-0,0,
tibco-iprocess-technology-plug-ins,TIBCO iProcess® Technology Plug-ins,https://docs.tibco.com/products/tibco-iprocess-technology-plug-ins,14,,5,https://docs.tibco.com/products/tibco-iprocess-technology-plug-ins-11-8-0 | https://docs.tibco.com/products/tibco-iprocess-technology-plug-ins-11-8-1 | https://docs.tibco.com/products/tibco-iprocess-technology-plug-ins-11-9-0 | https://docs.tibco.com/products/tibco-iprocess-technology-plug-ins-11-10-0 | https://docs.tibco.com/products/tibco-iprocess-technology-plug-ins-11-9-2,9,https://docs.tibco.com/pub/ip-tech-pi/tibco-iprocess-technology-plug-ins-11-7-0_documentation.zip | https://docs.tibco.com/pub/ip-tech-pi/tibco-iprocess-technology-plug-ins-11-6-2_documentation.zip | https://docs.tibco.com/pub/ip-tech-pi/tibco-iprocess-technology-plug-ins-11-6-1_documentation.zip | https://docs.tibco.com/pub/ip-tech-pi/tibco-iprocess-technology-plug-ins-11-6-0_documentation.zip | https://docs.tibco.com/pub/ip-tech-pi/tibco-iprocess-technology-plug-ins-11-5-0_documentation.zip | https://docs.tibco.com/pub/iprocess-technology-plugins/tibco-iprocess-technology-plug-ins-11-4-1_documentation.zip | https://docs.tibco.com/pub/iprocess-technology-plugins/tibco-iprocess-technology-plug-ins-11-4-0_documentation.zip | https://docs.tibco.com/pub/iprocess-technology-plugins/tibco-iprocess-technology-plug-ins-11-3-1_documentation.zip | https://docs.tibco.com/pub/iprocess-technology-plugins/tibco-iprocess-technology-plug-ins-11-3-0_documentation.zip
tibco-iprocess-web-services-client-plug-in,TIBCO iProcess® Web Services Client Plug-in,https://docs.tibco.com/products/tibco-iprocess-web-services-client-plug-in,4,,3,https://docs.tibco.com/products/tibco-iprocess-web-services-client-plug-in-11-8-0 | https://docs.tibco.com/products/tibco-iprocess-web-services-client-plug-in-11-8-1 | https://docs.tibco.com/products/tibco-iprocess-web-services-client-plug-in-11-9-0,1,https://docs.tibco.com/pub/iprocess-web-services-client-plugin/tibco-iprocess-web-services-client-plug-in-10-6-0_documentation.zip
tibco-iprocess-web-services-schema,TIBCO iProcess® Web Services Schema,https://docs.tibco.com/products/tibco-iprocess-web-services-schema,1,,0,,0,
tibco-iprocess-web-services-server-plug-in,TIBCO iProcess® Web Services Server Plug-in,https://docs.tibco.com/products/tibco-iprocess-web-services-server-plug-in,5,,4,https://docs.tibco.com/products/tibco-iprocess-web-services-server-plug-in-11-3 | https://docs.tibco.com/products/tibco-iprocess-web-services-server-plug-in-11-8-0 | https://docs.tibco.com/products/tibco-iprocess-web-services-server-plug-in-11-8-1 | https://docs.tibco.com/products/tibco-iprocess-web-services-server-plug-in-11-9-0,1,https://docs.tibco.com/pub/iprocess-web-services-server-plugin/tibco-iprocess-web-services-server-plug-in-10-6-1_documentation.zip
tibco-iprocess-workspace-browser,TIBCO iProcess® Workspace (Browser),https://docs.tibco.com/products/tibco-iprocess-workspace-browser,8,,1,https://docs.tibco.com/products/tibco-iprocess-workspace-browser-11-10-0,7,https://docs.tibco.com/pub/ip-wksp-brwsr/tibco-iprocess-workspace-browser-11-9-0_documentation.zip | https://docs.tibco.com/pub/ip-wksp-brwsr/tibco-iprocess-workspace-browser-11-8-1_documentation.zip | https://docs.tibco.com/pub/ip-wksp-brwsr/11.8.0/tibco-iprocess-workspace-browser-11-8-0_documentation.zip | https://docs.tibco.com/pub/ip-wksp-brwsr/tibco-iprocess-workspace-browser-11-6-0_documentation.zip | https://docs.tibco.com/pub/iprocess_workspace_browser/tibco-iprocess-workspace-browser-11-4-1_documentation.zip | https://docs.tibco.com/pub/iprocess_workspace_browser/tibco-iprocess-workspace-browser-11-4-0_documentation.zip | https://docs.tibco.com/pub/iprocess_workspace_browser/tibco-iprocess-workspace-browser-11-3-1_documentation.zip
tibco-iprocess-workspace-windows,TIBCO iProcess® Workspace (Windows),https://docs.tibco.com/products/tibco-iprocess-workspace-windows,14,,2,https://docs.tibco.com/products/tibco-iprocess-workspace-windows-11-10-0 | https://docs.tibco.com/products/tibco-iprocess-workspace-windows-11-9-2,12,https://docs.tibco.com/pub/ip-wksp-win/tibco-iprocess-workspace-windows-11-9-0_documentation.zip | https://docs.tibco.com/pub/ip-wksp-win/tibco-iprocess-workspace-windows-11-8-0_documentation.zip | https://docs.tibco.com/pub/ip-wksp-win/tibco-iprocess-workspace-windows-11-7-0_documentation.zip | https://docs.tibco.com/pub/ip-wksp-win/tibco-iprocess-workspace-windows-11-6-1_documentation.zip | https://docs.tibco.com/pub/ip-wksp-win/tibco-iprocess-workspace-windows-11-6-0_documentation.zip | https://docs.tibco.com/pub/ip-wksp-win/tibco-iprocess-workspace-windows-11-5-0_documentation.zip | https://docs.tibco.com/pub/iprocess_workspace_windows/tibco-iprocess-workspace-windows-11-4-2_documentation.zip | https://docs.tibco.com/pub/iprocess_workspace_windows/tibco-iprocess-workspace-windows-11-4-1_documentation.zip | https://docs.tibco.com/pub/iprocess_workspace_windows/tibco-iprocess-workspace-windows-11-4-0_documentation.zip | https://docs.tibco.com/pub/iprocess_workspace_windows/tibco-iprocess-workspace-windows-11-3-1_documentation.zip | https://docs.tibco.com/pub/iprocess_workspace_windows/tibco-iprocess-workspace-windows-11-3-0_documentation.zip | https://docs.tibco.com/pub/iprocess_workspace_windows/tibco-iprocess-workspace-windows-11-1-3_documentation.zip
tibco-iprocess-workspace-lite,TIBCO iProcess® Workspace Lite,https://docs.tibco.com/products/tibco-iprocess-workspace-lite,1,,1,https://docs.tibco.com/products/tibco-iprocess-workspace-lite-1-2,0,
tibco-iprocess-workspace-plug-ins,TIBCO iProcess® Workspace Plug-ins,https://docs.tibco.com/products/tibco-iprocess-workspace-plug-ins,14,,4,https://docs.tibco.com/products/tibco-iprocess-workspace-plug-ins-11-8-0 | https://docs.tibco.com/products/tibco-iprocess-workspace-plug-ins-11-8-1 | https://docs.tibco.com/products/tibco-iprocess-workspace-plug-ins-11-9-0 | https://docs.tibco.com/products/tibco-iprocess-workspace-plug-ins-11-10-0,10,https://docs.tibco.com/pub/ip-wksp-pi/tibco-iprocess-workspace-plug-ins-11-7-0_documentation.zip | https://docs.tibco.com/pub/ip-wksp-pi/tibco-iprocess-workspace-plug-ins-11-6-2_documentation.zip | https://docs.tibco.com/pub/ip-wksp-pi/tibco-iprocess-workspace-plug-ins-11-6-1_documentation.zip | https://docs.tibco.com/pub/ip-wksp-pi/tibco-iprocess-workspace-plug-ins-11-6-0_documentation.zip | https://docs.tibco.com/pub/ip-wksp-pi/tibco-iprocess-workspace-plug-ins-11-5-0_documentation.zip | https://docs.tibco.com/pub/iprocess-workspace-plugins/tibco-iprocess-workspace-plug-ins-11-4-1_documentation.zip | https://docs.tibco.com/pub/iprocess-workspace-plugins/tibco-iprocess-workspace-plug-ins-11-4-0_documentation.zip | https://docs.tibco.com/pub/iprocess-workspace-plugins/tibco-iprocess-workspace-plug-ins-11-3-1_documentation.zip | https://docs.tibco.com/pub/iprocess-workspace-plugins/tibco-iprocess-workspace-plug-ins-11-3-0_documentation.zip | https://docs.tibco.com/pub/iprocess-workspace-plugins/tibco-iprocess-workspace-plug-ins-11-2-0_documentation.zip
tibco-iway-business-activity-monitor,TIBCO iWay® Business Activity Monitor,https://docs.tibco.com/products/tibco-iway-business-activity-monitor,1,,1,https://docs.tibco.com/products/tibco-iway-business-activity-monitor-8-0-5,0,
tibco-iway-trading-partner-manager,TIBCO iWay® Trading Partner Manager,https://docs.tibco.com/products/tibco-iway-trading-partner-manager,1,,1,https://docs.tibco.com/products/tibco-iway-trading-partner-manager-8-0-5,0,
tibco-kabira-adapter-factory-for-corba,TIBCO Kabira® Adapter Factory for CORBA,https://docs.tibco.com/products/tibco-kabira-adapter-factory-for-corba,1,,0,,0,
tibco-kabira-adapter-factory-for-java,TIBCO Kabira® Adapter Factory for JAVA,https://docs.tibco.com/products/tibco-kabira-adapter-factory-for-java,1,,1,https://docs.tibco.com/products/tibco-kabira-adapter-factory-for-java-5-8-3,0,
tibco-kabira-adapter-factory-for-persistence,TIBCO Kabira® Adapter Factory for Persistence,https://docs.tibco.com/products/tibco-kabira-adapter-factory-for-persistence,1,,1,https://docs.tibco.com/products/tibco-kabira-adapter-factory-for-persistence-5-8-3,0,
tibco-kabira-adapter-factory-for-snmp,TIBCO Kabira® Adapter Factory for SNMP,https://docs.tibco.com/products/tibco-kabira-adapter-factory-for-snmp,1,,1,https://docs.tibco.com/products/tibco-kabira-adapter-factory-for-snmp-5-9-5,0,
tibco-kabira-builder,TIBCO Kabira® Builder,https://docs.tibco.com/products/tibco-kabira-builder,1,,1,https://docs.tibco.com/products/tibco-kabira-builder-3-6-5,0,
tibco-liveview-desktop,TIBCO LiveView™ Desktop,https://docs.tibco.com/products/tibco-liveview-desktop,29,,0,,28,https://docs.tibco.com/pub/sb-lvdt/tibco-liveview-desktop-2-7-0_documentation.zip | https://docs.tibco.com/pub/sb-lvdt/tibco-liveview-desktop-2-6-4_documentation.zip | https://docs.tibco.com/pub/sb-lvdt/tibco-liveview-desktop-2-6-3_documentation.zip | https://docs.tibco.com/pub/sb-lvdt/tibco-liveview-desktop-2-6-2_documentation.zip | https://docs.tibco.com/pub/sb-lvdt/tibco-liveview-desktop-2-6-1_documentation.zip | https://docs.tibco.com/pub/sb-lvdt/tibco-liveview-desktop-2-6-0_documentation.zip | https://docs.tibco.com/pub/sb-lvdt/tibco-liveview-desktop-2-5-0_documentation.zip | https://docs.tibco.com/pub/sb-lvdt/tibco-liveview-desktop-2-4-1_documentation.zip | https://docs.tibco.com/pub/sb-lvdt/tibco-liveview-desktop-2-4-0_documentation.zip | https://docs.tibco.com/pub/sb-lvdt/tibco-liveview-desktop-2-3-1_documentation.zip | https://docs.tibco.com/pub/sb-lvdt/tibco-liveview-desktop-2-1-8_documentation.zip | https://docs.tibco.com/pub/sb-lvdt/tibco-liveview-desktop-2-1-7_documentation.zip | https://docs.tibco.com/pub/sb-lvdt/tibco-liveview-desktop-2-1-6_documentation.zip | https://docs.tibco.com/pub/sb-lvdt/tibco-liveview-desktop-2-1-5_documentation.zip | https://docs.tibco.com/pub/sb-lvdt/tibco-liveview-desktop-2-1-4_documentation.zip | https://docs.tibco.com/pub/sb-lvdt/tibco-liveview-desktop-2-1-3_documentation.zip | https://docs.tibco.com/pub/sb-lvdt/tibco-liveview-desktop-2-1-2_documentation.zip | https://docs.tibco.com/pub/sb-lvdt/tibco-liveview-desktop-2-1-1_documentation.zip | https://docs.tibco.com/pub/sb-lvdt/tibco-liveview-desktop-2-1-0_documentation.zip | https://docs.tibco.com/pub/sb-lvdt/tibco-liveview-desktop-2-0-6_documentation.zip | https://docs.tibco.com/pub/sb-lvdt/tibco-liveview-desktop-2-0-5_documentation.zip | https://docs.tibco.com/pub/sb-lvdt/tibco-streambase-liveview-desktop-2-0-4_documentation.zip | https://docs.tibco.com/pub/sb-lvdt/tibco-streambase-liveview-desktop-2-0-3_documentation.zip | https://docs.tibco.com/pub/sb-lvdt/tibco-streambase-liveview-desktop-2-0-2_documentation.zip | https://docs.tibco.com/pub/sb-lvdt/tibco-streambase-liveview-desktop-2-0-1_documentation.zip | https://docs.tibco.com/pub/sb-lvdt/tibco-streambase-liveview-desktop-2-0-0_documentation.zip | https://docs.tibco.com/pub/sb-lvdt/tibco-streambase-liveview-desktop-1-6-4_documentation.zip | https://docs.tibco.com/pub/sb-lvdt/tibco-streambase-liveview-desktop-1-6-0_documentation.zip
tibco-loglogic,TIBCO LogLogic®,https://docs.tibco.com/products/tibco-loglogic,1,,0,,1,https://docs.tibco.com/pub/loglmi/tibco-loglogic-_documentation.zip
tibco-loglogic-compliance-manager,TIBCO LogLogic® Compliance Manager,https://docs.tibco.com/products/tibco-loglogic-compliance-manager,3,,0,,3,https://docs.tibco.com/pub/logcm/tibco-loglogic-compliance-manager-2-1-1_documentation.zip | https://docs.tibco.com/pub/loglogic_compliance_manager/tibco-loglogic-compliance-manager-2-1-0_documentation.zip | https://docs.tibco.com/pub/loglogic_compliance_manager/tibco-loglogic-compliance-manager-2-0-0_documentation.zip
tibco-loglogic-compliance-suite-fisma-edition,TIBCO LogLogic® Compliance Suite - FISMA Edition,https://docs.tibco.com/products/tibco-loglogic-compliance-suite-fisma-edition,7,,0,,7,https://docs.tibco.com/pub/logcsfisma/tibco-loglogic-compliance-suite-fisma-edition-4-0-0_documentation.zip | https://docs.tibco.com/pub/logcsfisma/tibco-loglogic-compliance-suite-fisma-edition-3-9-0_documentation.zip | https://docs.tibco.com/pub/loglogic_compliancesuite_fisma_edition/tibco-loglogic-compliance-suite-fisma-edition-3-8-0_documentation.zip | https://docs.tibco.com/pub/loglogic_compliancesuite_fisma_edition/tibco-loglogic-compliance-suite-fisma-edition-3-7-0_documentation.zip | https://docs.tibco.com/pub/loglogic_compliancesuite_fisma_edition/tibco-loglogic-compliance-suite-fisma-edition-3-6-0_documentation.zip | https://docs.tibco.com/pub/loglogic_compliancesuite_fisma_edition/tibco-loglogic-compliance-suite-fisma-edition-3-5-0_documentation.zip | https://docs.tibco.com/pub/loglogic_compliancesuite_fisma_edition/tibco-loglogic-compliance-suite-fisma-edition-3-4-0_documentation.zip
tibco-loglogic-compliance-suite-gdpr-enterprise-edition,TIBCO LogLogic® Compliance Suite - GDPR Enterprise Edition,https://docs.tibco.com/products/tibco-loglogic-compliance-suite-gdpr-enterprise-edition,2,,2,https://docs.tibco.com/products/tibco-loglogic-compliance-suite-gdpr-enterprise-edition-4-0-0 | https://docs.tibco.com/products/tibco-loglogic-compliance-suite-gdpr-enterprise-edition-3-9-0,0,
tibco-loglogic-compliance-suite-gpg-13-edition,TIBCO LogLogic® Compliance Suite - GPG 13 Edition,https://docs.tibco.com/products/tibco-loglogic-compliance-suite-gpg-13-edition,2,,1,https://docs.tibco.com/products/tibco-loglogic-compliance-suite-gpg-13-edition-4-0-0,1,https://docs.tibco.com/pub/logcsgpg13/tibco-loglogic-compliance-suite-gpg-13-edition-3-9-0_documentation.zip
tibco-loglogic-compliance-suite-hipaa-edition,TIBCO LogLogic® Compliance Suite - HIPAA Edition,https://docs.tibco.com/products/tibco-loglogic-compliance-suite-hipaa-edition,9,,0,,9,https://docs.tibco.com/pub/logcshipaa/tibco-loglogic-compliance-suite-hipaa-edition-4-0-0_documentation.zip | https://docs.tibco.com/pub/logcshipaa/tibco-loglogic-compliance-suite-hipaa-edition-3-9-0_documentation.zip | https://docs.tibco.com/pub/loglogic_compliancesuite_hipaa_edition/tibco-loglogic-compliance-suite-hipaa-edition-3-8-0_documentation.zip | https://docs.tibco.com/pub/loglogic_compliancesuite_hipaa_edition/tibco-loglogic-compliance-suite-hipaa-edition-3-7-0_documentation.zip | https://docs.tibco.com/pub/loglogic_compliancesuite_hipaa_edition/tibco-loglogic-compliance-suite-hipaa-edition-3-6-0_documentation.zip | https://docs.tibco.com/pub/loglogic_compliancesuite_hipaa_edition/tibco-loglogic-compliance-suite-hipaa-edition-3-5-0_documentation.zip | https://docs.tibco.com/pub/loglogic_compliancesuite_hipaa_edition/tibco-loglogic-compliance-suite-hipaa-edition-3-4-0_documentation.zip | https://docs.tibco.com/pub/loglogic_compliancesuite_hipaa_edition/tibco-loglogic-compliance-suite-hipaa-edition-3-3-0_documentation.zip | https://docs.tibco.com/pub/loglogic_compliancesuite_hipaa_edition/tibco-loglogic-compliance-suite-hipaa-edition-3-2-0_documentation.zip
tibco-loglogic-compliance-suite-iso-edition,TIBCO LogLogic® Compliance Suite - ISO Edition,https://docs.tibco.com/products/tibco-loglogic-compliance-suite-iso-edition,9,,0,,9,https://docs.tibco.com/pub/logcsiso/tibco-loglogic-compliance-suite-iso-edition-4-0-0_documentation.zip | https://docs.tibco.com/pub/logcsiso/tibco-loglogic-compliance-suite-iso-edition-3-9-0_documentation.zip | https://docs.tibco.com/pub/loglogic_compliancesuite_iso_edition/tibco-loglogic-compliance-suite-iso-edition-3-8-0_documentation.zip | https://docs.tibco.com/pub/loglogic_compliancesuite_iso_edition/tibco-loglogic-compliance-suite-iso-edition-3-7-0_documentation.zip | https://docs.tibco.com/pub/loglogic_compliancesuite_iso_edition/tibco-loglogic-compliance-suite-iso-edition-3-6-0_documentation.zip | https://docs.tibco.com/pub/loglogic_compliancesuite_iso_edition/tibco-loglogic-compliance-suite-iso-edition-3-5-0_documentation.zip | https://docs.tibco.com/pub/loglogic_compliancesuite_iso_edition/tibco-loglogic-compliance-suite-iso-edition-3-4-0_documentation.zip | https://docs.tibco.com/pub/loglogic_compliancesuite_iso_edition/tibco-loglogic-compliance-suite-iso-edition-3-3-0_documentation.zip | https://docs.tibco.com/pub/loglogic_compliancesuite_iso_edition/tibco-loglogic-compliance-suite-iso-edition-3-2-0_documentation.zip
tibco-loglogic-compliance-suite-itil-edition,TIBCO LogLogic® Compliance Suite - ITIL Edition,https://docs.tibco.com/products/tibco-loglogic-compliance-suite-itil-edition,9,,0,,9,https://docs.tibco.com/pub/logcsitil/tibco-loglogic-compliance-suite-itil-edition-4-0-0_documentation.zip | https://docs.tibco.com/pub/logcsitil/tibco-loglogic-compliance-suite-itil-edition-3-9-0_documentation.zip | https://docs.tibco.com/pub/loglogic_compliancesuite_itil_edition/tibco-loglogic-compliance-suite-itil-edition-3-8-0_documentation.zip | https://docs.tibco.com/pub/loglogic_compliancesuite_itil_edition/tibco-loglogic-compliance-suite-itil-edition-3-7-0_documentation.zip | https://docs.tibco.com/pub/loglogic_compliancesuite_itil_edition/tibco-loglogic-compliance-suite-itil-edition-3-6-0_documentation.zip | https://docs.tibco.com/pub/loglogic_compliancesuite_itil_edition/tibco-loglogic-compliance-suite-itil-edition-3-5-0_documentation.zip | https://docs.tibco.com/pub/loglogic_compliancesuite_itil_edition/tibco-loglogic-compliance-suite-itil-edition-3-4-0_documentation.zip | https://docs.tibco.com/pub/loglogic_compliancesuite_itil_edition/tibco-loglogic-compliance-suite-itil-edition-3-3-0_documentation.zip | https://docs.tibco.com/pub/loglogic_compliancesuite_itil_edition/tibco-loglogic-compliance-suite-itil-edition-3-2-0_documentation.zip
tibco-loglogic-compliance-suite-nerc-edition,TIBCO LogLogic® Compliance Suite - NERC Edition,https://docs.tibco.com/products/tibco-loglogic-compliance-suite-nerc-edition,9,,0,,9,https://docs.tibco.com/pub/logcsnerc/tibco-loglogic-compliance-suite-nerc-edition-4-0-0_documentation.zip | https://docs.tibco.com/pub/logcsnerc/tibco-loglogic-compliance-suite-nerc-edition-3-9-0_documentation.zip | https://docs.tibco.com/pub/loglogic_compliancesuite_nerc_edition/tibco-loglogic-compliance-suite-nerc-edition-3-8-0_documentation.zip | https://docs.tibco.com/pub/loglogic_compliancesuite_nerc_edition/tibco-loglogic-compliance-suite-nerc-edition-3-7-0_documentation.zip | https://docs.tibco.com/pub/loglogic_compliancesuite_nerc_edition/tibco-loglogic-compliance-suite-nerc-edition-3-6-0_documentation.zip | https://docs.tibco.com/pub/loglogic_compliancesuite_nerc_edition/tibco-loglogic-compliance-suite-nerc-edition-3-5-0_documentation.zip | https://docs.tibco.com/pub/loglogic_compliancesuite_nerc_edition/tibco-loglogic-compliance-suite-nerc-edition-3-4-0_documentation.zip | https://docs.tibco.com/pub/loglogic_compliancesuite_nerc_edition/tibco-loglogic-compliance-suite-nerc-edition-3-3-0_documentation.zip | https://docs.tibco.com/pub/loglogic_compliancesuite_nerc_edition/tibco-loglogic-compliance-suite-nerc-edition-3-2-0_documentation.zip
tibco-loglogic-compliance-suite-pci-edition,TIBCO LogLogic® Compliance Suite - PCI Edition,https://docs.tibco.com/products/tibco-loglogic-compliance-suite-pci-edition,9,,0,,9,https://docs.tibco.com/pub/logcspci/tibco-loglogic-compliance-suite-pci-edition-4-0-0_documentation.zip | https://docs.tibco.com/pub/logcspci/tibco-loglogic-compliance-suite-pci-edition-3-9-0_documentation.zip | https://docs.tibco.com/pub/loglogic_compliancesuite_pci_edition/tibco-loglogic-compliance-suite-pci-edition-3-8-0_documentation.zip | https://docs.tibco.com/pub/loglogic_compliancesuite_pci_edition/tibco-loglogic-compliance-suite-pci-edition-3-7-0_documentation.zip | https://docs.tibco.com/pub/loglogic_compliancesuite_pci_edition/tibco-loglogic-compliance-suite-pci-edition-3-6-0_documentation.zip | https://docs.tibco.com/pub/loglogic_compliancesuite_pci_edition/tibco-loglogic-compliance-suite-pci-edition-3-5-0_documentation.zip | https://docs.tibco.com/pub/loglogic_compliancesuite_pci_edition/tibco-loglogic-compliance-suite-pci-edition-3-4-0_documentation.zip | https://docs.tibco.com/pub/loglogic_compliancesuite_pci_edition/tibco-loglogic-compliance-suite-pci-edition-3-3-0_documentation.zip | https://docs.tibco.com/pub/loglogic_compliancesuite_pci_edition/tibco-loglogic-compliance-suite-pci-edition-3-2-0_documentation.zip
tibco-loglogic-compliance-suite-sarbanes-oxley-edition,TIBCO LogLogic® Compliance Suite - Sarbanes-Oxley Edition,https://docs.tibco.com/products/tibco-loglogic-compliance-suite-sarbanes-oxley-edition,9,,0,,9,https://docs.tibco.com/pub/logcssox/tibco-loglogic-compliance-suite-sarbanes-oxley-edition-4-0-0_documentation.zip | https://docs.tibco.com/pub/logcssox/tibco-loglogic-compliance-suite-sarbanes-oxley-edition-3-9-0_documentation.zip | https://docs.tibco.com/pub/loglogic_compliancesuite_sarbanes-oxley_edition/tibco-loglogic-compliance-suite-sarbanes-oxley-edition-3-8-0_documentation.zip | https://docs.tibco.com/pub/loglogic_compliancesuite_sarbanes-oxley_edition/tibco-loglogic-compliance-suite-sarbanes-oxley-edition-3-7-0_documentation.zip | https://docs.tibco.com/pub/loglogic_compliancesuite_sarbanes-oxley_edition/tibco-loglogic-compliance-suite-sarbanes-oxley-edition-3-6-0_documentation.zip | https://docs.tibco.com/pub/loglogic_compliancesuite_sarbanes-oxley_edition/tibco-loglogic-compliance-suite-sarbanes-oxley-edition-3-5-0_documentation.zip | https://docs.tibco.com/pub/loglogic_compliancesuite_sarbanes-oxley_edition/tibco-loglogic-compliance-suite-sarbanes-oxley-edition-3-4-0_documentation.zip | https://docs.tibco.com/pub/loglogic_compliancesuite_sarbanes-oxley_edition/tibco-loglogic-compliance-suite-sarbanes-oxley-edition-3-3-0_documentation.zip | https://docs.tibco.com/pub/loglogic_compliancesuite_sarbanes-oxley_edition/tibco-loglogic-compliance-suite-sarbanes-oxley-edition-3-2-0_documentation.zip
tibco-loglogic-database-security-manager-server,TIBCO LogLogic® Database Security Manager - Server,https://docs.tibco.com/products/tibco-loglogic-database-security-manager-server,1,,0,,1,https://docs.tibco.com/pub/loglogic_database_security_manager-server/tibco-loglogic-database-security-manager-server-4-2-1_documentation.zip
tibco-loglogic-database-security-manager-vulnerability-assessment,TIBCO LogLogic® Database Security Manager Vulnerability Assessment,https://docs.tibco.com/products/tibco-loglogic-database-security-manager-vulnerability-assessment,1,,0,,1,https://docs.tibco.com/pub/loglogic_database_security_manager_vulnerability_assessment/tibco-loglogic-database-security-manager-vulnerability-assessment-4-2-1_documentation.zip
tibco-loglogic-enterprise-virtual-appliance,TIBCO LogLogic® Enterprise Virtual Appliance,https://docs.tibco.com/products/tibco-loglogic-enterprise-virtual-appliance,18,,0,,18,https://docs.tibco.com/pub/logeva/tibco-loglogic-enterprise-virtual-appliance-6-4-0_documentation.zip | https://docs.tibco.com/pub/logeva/tibco-loglogic-enterprise-virtual-appliance-6-3-1_documentation.zip | https://docs.tibco.com/pub/logeva/tibco-loglogic-enterprise-virtual-appliance-6-3-0_documentation.zip | https://docs.tibco.com/pub/logeva/tibco-loglogic-enterprise-virtual-appliance-6-2-1_documentation.zip | https://docs.tibco.com/pub/logeva/tibco-loglogic-enterprise-virtual-appliance-6-2-0_documentation.zip | https://docs.tibco.com/pub/logeva/tibco-loglogic-enterprise-virtual-appliance-6-1-1_documentation.zip | https://docs.tibco.com/pub/logeva/tibco-loglogic-enterprise-virtual-appliance-6-1-0_documentation.zip | https://docs.tibco.com/pub/loglogic_enterprise_virtual_appliance/tibco-loglogic-enterprise-virtual-appliance-5-7-0_documentation.zip | https://docs.tibco.com/pub/loglogic_enterprise_virtual_appliance/tibco-loglogic-enterprise-virtual-appliance-5-6-3_documentation.zip | https://docs.tibco.com/pub/loglogic_enterprise_virtual_appliance/tibco-loglogic-enterprise-virtual-appliance-5-6-1_documentation.zip | https://docs.tibco.com/pub/loglogic_enterprise_virtual_appliance/tibco-loglogic-enterprise-virtual-appliance-5-6-0_documentation.zip | https://docs.tibco.com/pub/loglogic_enterprise_virtual_appliance/tibco-loglogic-enterprise-virtual-appliance-5-5-1_documentation.zip | https://docs.tibco.com/pub/loglogic_enterprise_virtual_appliance/tibco-loglogic-enterprise-virtual-appliance-5-5-0_documentation.zip | https://docs.tibco.com/pub/loglogic_enterprise_virtual_appliance/tibco-loglogic-enterprise-virtual-appliance-5-4-2_documentation.zip | https://docs.tibco.com/pub/loglogic_enterprise_virtual_appliance/tibco-loglogic-enterprise-virtual-appliance-5-4-1_documentation.zip | https://docs.tibco.com/pub/loglogic_enterprise_virtual_appliance/tibco-loglogic-enterprise-virtual-appliance-5-4-0_documentation.zip | https://docs.tibco.com/pub/loglogic_enterprise_virtual_appliance/tibco-loglogic-enterprise-virtual-appliance-5-3-1_documentation.zip | https://docs.tibco.com/pub/loglogic_enterprise_virtual_appliance/tibco-loglogic-enterprise-virtual-appliance-5-3-0_documentation.zip
tibco-loglogic-enterprise-virtual-appliance-container-edition,TIBCO LogLogic® Enterprise Virtual Appliance - Container Edition,https://docs.tibco.com/products/tibco-loglogic-enterprise-virtual-appliance-container-edition,2,,2,https://docs.tibco.com/products/tibco-loglogic-enterprise-virtual-appliance-container-edition-6-4-0 | https://docs.tibco.com/products/tibco-loglogic-enterprise-virtual-appliance-container-edition-6-3-1,0,
tibco-loglogic-log-management-intelligence,TIBCO LogLogic® Log Management Intelligence,https://docs.tibco.com/products/tibco-loglogic-log-management-intelligence,20,,0,,20,https://docs.tibco.com/pub/loglmi/tibco-loglogic-log-management-intelligence-6-4-0_documentation.zip | https://docs.tibco.com/pub/loglmi/tibco-loglogic-log-management-intelligence-6-3-1_documentation.zip | https://docs.tibco.com/pub/loglmi/tibco-loglogic-log-management-intelligence-6-3-0_documentation.zip | https://docs.tibco.com/pub/loglmi/tibco-loglogic-log-management-intelligence-6-2-1_documentation.zip | https://docs.tibco.com/pub/loglmi/tibco-loglogic-log-management-intelligence-6-2-0_documentation.zip | https://docs.tibco.com/pub/loglmi/tibco-loglogic-log-management-intelligence-6-1-1_documentation.zip | https://docs.tibco.com/pub/loglogic_log_management_intelligence/tibco-loglogic-log-management-intelligence-6-1-0_documentation.zip | https://docs.tibco.com/pub/loglogic_log_management_intelligence/tibco-loglogic-log-management-intelligence-5-7-0_documentation.zip | https://docs.tibco.com/pub/loglogic_log_management_intelligence/tibco-loglogic-log-management-intelligence-5-6-3_documentation.zip | https://docs.tibco.com/pub/loglogic_log_management_intelligence/tibco-loglogic-log-management-intelligence-5-6-2_documentation.zip | https://docs.tibco.com/pub/loglogic_log_management_intelligence/tibco-loglogic-log-management-intelligence-5-6-1_documentation.zip | https://docs.tibco.com/pub/loglogic_log_management_intelligence/tibco-loglogic-log-management-intelligence-5-6-0_documentation.zip | https://docs.tibco.com/pub/loglogic_log_management_intelligence/tibco-loglogic-log-management-intelligence-5-5-1_documentation.zip | https://docs.tibco.com/pub/loglogic_log_management_intelligence/tibco-loglogic-log-management-intelligence-5-5-0_documentation.zip | https://docs.tibco.com/pub/loglogic_log_management_intelligence/tibco-loglogic-log-management-intelligence-5-4-2_documentation.zip | https://docs.tibco.com/pub/loglogic_log_management_intelligence/tibco-loglogic-log-management-intelligence-5-4-1_documentation.zip | https://docs.tibco.com/pub/loglogic_log_management_intelligence/tibco-loglogic-log-management-intelligence-5-4-0_documentation.zip | https://docs.tibco.com/pub/loglogic_log_management_intelligence/tibco-loglogic-log-management-intelligence-5-3-1_documentation.zip | https://docs.tibco.com/pub/loglogic_log_management_intelligence/tibco-loglogic-log-management-intelligence-5-3-0_documentation.zip | https://docs.tibco.com/pub/loglogic_log_management_intelligence/tibco-loglogic-log-management-intelligence-5-1-0_documentation.zip
tibco-loglogic-log-source-packages,TIBCO LogLogic® Log Source Packages,https://docs.tibco.com/products/tibco-loglogic-log-source-packages,1,,0,,1,https://docs.tibco.com/pub/loglsp/tibco-loglogic-log-source-packages-34-1-0_documentation.zip
tibco-loglogic-management-center,TIBCO LogLogic® Management Center,https://docs.tibco.com/products/tibco-loglogic-management-center,3,,0,,3,https://docs.tibco.com/pub/loglogic_management_center/tibco-loglogic-management-center-2-1-1_documentation.zip | https://docs.tibco.com/pub/loglogic_management_center/tibco-loglogic-management-center-2-1-0_documentation.zip | https://docs.tibco.com/pub/loglogic_management_center/tibco-loglogic-management-center-2-0-0_documentation.zip
tibco-loglogic-unity,TIBCO LogLogic® Unity,https://docs.tibco.com/products/tibco-loglogic-unity,9,,0,,9,https://docs.tibco.com/pub/logu/tibco-loglogic-unity-2-6-0_documentation.zip | https://docs.tibco.com/pub/logu/tibco-loglogic-unity-2-5-0_documentation.zip | https://docs.tibco.com/pub/logu/tibco-loglogic-unity-2-4-0_documentation.zip | https://docs.tibco.com/pub/logu/tibco-loglogic-unity-2-3-0_documentation.zip | https://docs.tibco.com/pub/logu/tibco-loglogic-unity-2-2-0_documentation.zip | https://docs.tibco.com/pub/logu/tibco-loglogic-unity-2-1-0_documentation.zip | https://docs.tibco.com/pub/logu/tibco-loglogic-unity-2-0-0_documentation.zip | https://docs.tibco.com/pub/logu/tibco-loglogic-unity-1-1-1_documentation.zip | https://docs.tibco.com/pub/logu/tibco-loglogic-unity-1-0-0_documentation.zip
tibco-loglogic-unity-plug-in-for-activematrix-businessworks,TIBCO LogLogic® Unity Plug-in for ActiveMatrix BusinessWorks™,https://docs.tibco.com/products/tibco-loglogic-unity-plug-in-for-activematrix-businessworks,1,,0,,1,https://docs.tibco.com/pub/logubw/tibco-loglogic-unity-plug-in-for-activematrix-businessworks-1-0-0_documentation.zip
tibco-loglogic-universal-collector,TIBCO LogLogic® Universal Collector,https://docs.tibco.com/products/tibco-loglogic-universal-collector,8,,0,,8,https://docs.tibco.com/pub/loguc/tibco-loglogic-universal-collector-2-9-0_documentation.zip | https://docs.tibco.com/pub/loguc/tibco-loglogic-universal-collector-2-8-0_documentation.zip | https://docs.tibco.com/pub/loglogic_universal_collector/tibco-loglogic-universal-collector-2-7-0_documentation.zip | https://docs.tibco.com/pub/loglogic_universal_collector/tibco-loglogic-universal-collector-uc-2-6-0_documentation.zip | https://docs.tibco.com/pub/loglogic_universal_collector/tibco-loglogic-universal-collector-uc-2-5-0_documentation.zip | https://docs.tibco.com/pub/loglogic_universal_collector/tibco-loglogic-universal-collector-uc-2-4-0_documentation.zip | https://docs.tibco.com/pub/loglogic_universal_collector/tibco-loglogic-universal-collector-uc-2-3-0_documentation.zip | https://docs.tibco.com/pub/loglogic_universal_collector/tibco-loglogic-universal-collector-uc-2-2-0_documentation.zip
tibco-loglogic-visual-analytics,TIBCO LogLogic® Visual Analytics,https://docs.tibco.com/products/tibco-loglogic-visual-analytics,3,,0,,3,https://docs.tibco.com/pub/logva/tibco-loglogic-visual-analytics-2-2-0_documentation.zip | https://docs.tibco.com/pub/logva/tibco-loglogic-visual-analytics-2-1-0_documentation.zip | https://docs.tibco.com/pub/llva/tibco-loglogic-visual-analytics-2-0-0_documentation.zip
tibco-mainframe-service-tracker,TIBCO Mainframe Service Tracker™,https://docs.tibco.com/products/tibco-mainframe-service-tracker,1,,1,https://docs.tibco.com/products/tibco-mainframe-service-tracker-1-2-0,0,
tibco-mdm,TIBCO MDM,https://docs.tibco.com/products/tibco-mdm,14,,4,https://docs.tibco.com/products/ibi-mdm-10-0-0 | https://docs.tibco.com/products/ibi-mdm-11-0-0 | https://docs.tibco.com/products/tibco-mdm-11-1-0 | https://docs.tibco.com/products/tibco-mdm-9-3-2,10,https://docs.tibco.com/pub/mdm/tibco-mdm-9-3-1_documentation.zip | https://docs.tibco.com/pub/mdm/tibco-mdm-9-3-0_documentation.zip | https://docs.tibco.com/pub/mdm/tibco-mdm-9-2-0_documentation.zip | https://docs.tibco.com/pub/mdm/tibco-mdm-9-1-2_documentation.zip | https://docs.tibco.com/pub/mdm/tibco-mdm-9-1-0_documentation.zip | https://docs.tibco.com/pub/mdm/tibco-mdm-9-0-2_documentation.zip | https://docs.tibco.com/pub/mdm/tibco-mdm-9-0-1_documentation.zip | https://docs.tibco.com/pub/mdm/tibco-mdm-9-0-0_documentation.zip | https://docs.tibco.com/pub/mdm/tibco-mdm-8-3-2_documentation.zip | https://docs.tibco.com/pub/collaborative_information_manager/tibco-mdm-8-3-1_documentation.zip
tibco-microflow-container-edition,TIBCO Microflow™ Container Edition,https://docs.tibco.com/products/tibco-microflow-container-edition,3,,0,,3,https://docs.tibco.com/pub/mfce/tibco-microflow-container-edition-1-2-0_documentation.zip | https://docs.tibco.com/pub/mfce/tibco-microflow-container-edition-1-1-0_documentation.zip | https://docs.tibco.com/pub/mfce/tibco-microflow-container-edition-1-0-0_documentation.zip
tibco-nimbus,TIBCO Nimbus®,https://docs.tibco.com/products/tibco-nimbus,28,,14,https://docs.tibco.com/products/tibco-nimbus-control-8-1-3 | https://docs.tibco.com/products/tibco-nimbus-control-8-1-4 | https://docs.tibco.com/products/tibco-nimbus-control-8-1-5 | https://docs.tibco.com/products/tibco-nimbus-control-8-1-2 | https://docs.tibco.com/products/tibco-nimbus-control-9-0-1 | https://docs.tibco.com/products/tibco-nimbus-control-9-1-0 | https://docs.tibco.com/products/tibco-nimbus-control-9-1-1 | https://docs.tibco.com/products/tibco-nimbus-control-9-1-2 | https://docs.tibco.com/products/tibco-nimbus-9-2-0 | https://docs.tibco.com/products/tibco-nimbus-10-0-0 | https://docs.tibco.com/products/tibco-nimbus-10-5-0 | https://docs.tibco.com/products/tibco-nimbus-10-6-0 | https://docs.tibco.com/products/tibco-nimbus-10-5-1 | https://docs.tibco.com/products/tibco-nimbus-10-6-1,14,https://docs.tibco.com/pub/nimbus/tibco-nimbus-10-4-1_documentation.zip | https://docs.tibco.com/pub/nimbus/tibco-nimbus-10-4-0_documentation.zip | https://docs.tibco.com/pub/nimbus/tibco-nimbus-10-3-0_documentation.zip | https://docs.tibco.com/pub/nimbus/tibco-nimbus-10-2-2_documentation.zip | https://docs.tibco.com/pub/nimbus/tibco-nimbus-10-2-0_documentation.zip | https://docs.tibco.com/pub/nimbus/tibco-nimbus-10-1-0_documentation.zip | https://docs.tibco.com/pub/nimbus/tibco-nimbus-9-5-2_documentation.zip | https://docs.tibco.com/pub/nimbus-control/tibco-nimbus-9-4-1_documentation.zip | https://docs.tibco.com/pub/nimbus-control/tibco-nimbus-9-4-0_documentation.zip | https://docs.tibco.com/pub/nimbus-control/tibco-nimbus-9-3-2_documentation.zip | https://docs.tibco.com/pub/nimbus-control/tibco-nimbus-9-3-1_documentation.zip | https://docs.tibco.com/pub/nimbus-control/tibco-nimbus-9-3-0_documentation.zip | https://docs.tibco.com/pub/nimbus-control/tibco-nimbus-9-2-2_documentation.zip | https://docs.tibco.com/pub/nimbus-control/tibco-nimbus-9-2-1_documentation.zip
tibco-nimbus-player-desktop-edition,TIBCO Nimbus™  Player Desktop Edition,https://docs.tibco.com/products/tibco-nimbus-player-desktop-edition,2,,0,,2,https://docs.tibco.com/pub/nimbus-control-player-desktop-edition/tibco-nimbus-control-player-desktop-edition-2-0-0_documentation.zip | https://docs.tibco.com/pub/nimbus-control-player-desktop-edition/tibco-nimbus-control-player-desktop-edition-1-1-0_documentation.zip
tibco-nimbus-iphone-edition,TIBCO Nimbus™ iPhone Edition,https://docs.tibco.com/products/tibco-nimbus-iphone-edition,3,,3,https://docs.tibco.com/products/tibco-nimbus-iphone-edition-2-5-1 | https://docs.tibco.com/products/tibco-nimbus-control-iphone-edition-2-2 | https://docs.tibco.com/products/tibco-nimbus-control-iphone-edition-2-3,0,
tibco-nimbus-maps,TIBCO Nimbus™ Maps,https://docs.tibco.com/products/tibco-nimbus-maps,2,,2,https://docs.tibco.com/products/tibco-nimbus-maps-1-5-0 | https://docs.tibco.com/products/tibco-nimbus-maps-1-4-0,0,
tibco-nimbus-storyboard-player,TIBCO Nimbus™ Storyboard Player,https://docs.tibco.com/products/tibco-nimbus-storyboard-player,1,,1,https://docs.tibco.com/products/tibco-nimbus-storyboard-player-3-0-0,0,
tibco-omni-gen-dq-server,TIBCO Omni-Gen® DQ Server,https://docs.tibco.com/products/tibco-omni-gen-dq-server,1,,0,,1,https://docs.tibco.com/emp/dqs/tibco-omni-gen-dq-server-12-6-3_documentation.zip
tibco-omni-healthdata-cohort-builder,TIBCO Omni-HealthData® Cohort Builder,https://docs.tibco.com/products/tibco-omni-healthdata-cohort-builder,1,,0,,1,https://docs.tibco.com/pub/ohcb/tibco-omni-healthdata-cohort-builder-3-16-0_documentation.zip
tibco-omni-healthdata-healthviews,TIBCO Omni-HealthData® Healthviews,https://docs.tibco.com/products/tibco-omni-healthdata-healthviews,1,,0,,1,https://docs.tibco.com/pub/ohhv/tibco-omni-healthdata-healthviews-1-0-0_documentation.zip
tibco-omni-healthdata-reference-data,TIBCO Omni-HealthData® Reference Data,https://docs.tibco.com/products/tibco-omni-healthdata-reference-data,1,,0,,1,https://docs.tibco.com/pub/ohrd/tibco-omni-healthdata-reference-data-1-0-0_documentation.zip
tibco-omni-insurance-business-release,TIBCO Omni-Insurance™ Business Release,https://docs.tibco.com/products/tibco-omni-insurance-business-release,1,,0,,1,https://docs.tibco.com/pub/oin-br/tibco-omni-insurance-business-release-19-0-0_documentation.zip
tibco-openspirit-adapter-for-petrel,TIBCO OpenSpirit® Adapter for Petrel,https://docs.tibco.com/products/tibco-openspirit-adapter-for-petrel,19,,3,https://docs.tibco.com/products/tibco-openspirit-adapter-for-petrel-2010-3-1 | https://docs.tibco.com/products/tibco-openspirit-adapter-for-petrel-2010-3-0 | https://docs.tibco.com/products/tibco-openspirit-adapter-for-petrel-9-3-2,16,https://docs.tibco.com/pub/os-toap/tibco-openspirit-adapter-for-petrel-32-0-0_documentation.zip | https://docs.tibco.com/pub/os-toap/tibco-openspirit-adapter-for-petrel-31-0-0_documentation.zip | https://docs.tibco.com/pub/os-toap/tibco-openspirit-adapter-for-petrel-30-0-0_documentation.zip | https://docs.tibco.com/pub/os-toap/tibco-openspirit-adapter-for-petrel-29-0-0_documentation.zip | https://docs.tibco.com/pub/os-toap/tibco-openspirit-adapter-for-petrel-28-0-0_documentation.zip | https://docs.tibco.com/pub/os-toap/tibco-openspirit-adapter-for-petrel-27-0-0_documentation.zip | https://docs.tibco.com/pub/os-toap/tibco-openspirit-adapter-for-petrel-26-0-0_documentation.zip | https://docs.tibco.com/pub/openspirit-adapter-for-petrel/tibco-openspirit-adapter-for-petrel-25-0-0_documentation.zip | https://docs.tibco.com/pub/openspirit-adapter-for-petrel/tibco-openspirit-adapter-for-petrel-24-0-0_documentation.zip | https://docs.tibco.com/pub/openspirit-adapter-for-petrel/tibco-openspirit-adapter-for-petrel-23-0-0_documentation.zip | https://docs.tibco.com/pub/openspirit-adapter-for-petrel/tibco-openspirit-adapter-for-petrel-22-0-0_documentation.zip | https://docs.tibco.com/pub/openspirit-adapter-for-petrel/tibco-openspirit-adapter-for-petrel-21-1-0_documentation.zip | https://docs.tibco.com/pub/openspirit-adapter-for-petrel/tibco-openspirit-adapter-for-petrel-21-0-0_documentation.zip | https://docs.tibco.com/pub/openspirit-petrel/tibco-openspirit-adapter-for-petrel-20-1-0_documentation.zip | https://docs.tibco.com/pub/openspirit-adapter-for-petrel/tibco-openspirit-adapter-for-petrel-20-0-2_documentation.zip | https://docs.tibco.com/pub/openspirit-adapter-for-petrel/tibco-openspirit-adapter-for-petrel-20-0-0_documentation.zip
tibco-openspirit-arcgis-extension,TIBCO OpenSpirit® ArcGIS Extension,https://docs.tibco.com/products/tibco-openspirit-arcgis-extension,4,,4,https://docs.tibco.com/products/tibco-openspirit-arcgis-extension-2010-1-1 | https://docs.tibco.com/products/tibco-openspirit-arcgis-extension-2010 | https://docs.tibco.com/products/tibco-openspirit-arcgis-extension-2010-0-1 | https://docs.tibco.com/products/tibco-openspirit-arcgis-extension-2010-1-0,0,
tibco-openspirit-connect-sub-surface-viewer,TIBCO OpenSpirit® Connect Sub-Surface Viewer,https://docs.tibco.com/products/tibco-openspirit-connect-sub-surface-viewer,2,,0,,2,https://docs.tibco.com/pub/os-cb-ssvm/tibco-openspirit-connect-sub-surface-viewer-1-0-1_documentation.zip | https://docs.tibco.com/pub/os-cb-ssvm/tibco-openspirit-connect-sub-surface-viewer-1-0-0_documentation.zip
tibco-openspirit-copy-manager,TIBCO OpenSpirit® Copy Manager,https://docs.tibco.com/products/tibco-openspirit-copy-manager,8,,1,https://docs.tibco.com/products/tibco-openspirit-copy-manager-2010,7,https://docs.tibco.com/pub/os-copy/tibco-openspirit-copy-manager-2015-1-1_documentation.zip | https://docs.tibco.com/pub/os-copy/tibco-openspirit-copy-manager-2015-1-0_documentation.zip | https://docs.tibco.com/pub/openspirit-copy-manager/tibco-openspirit-copy-manager-2015-0-1_documentation.zip | https://docs.tibco.com/pub/openspirit-copy-manager/tibco-openspirit-copy-manager-2015-0-0_documentation.zip | https://docs.tibco.com/pub/openspirit-copy-manager/tibco-openspirit-copy-manager-2013-1-0_documentation.zip | https://docs.tibco.com/pub/openspirit-copy-manager/tibco-openspirit-copy-manager-2013-0-0_documentation.zip | https://docs.tibco.com/pub/openspirit-copy-manager/tibco-openspirit-copy-manager-2012-0-0_documentation.zip
tibco-openspirit-copy-rule-manager,TIBCO OpenSpirit® Copy Rule Manager,https://docs.tibco.com/products/tibco-openspirit-copy-rule-manager,7,,7,https://docs.tibco.com/products/tibco-openspirit-copy-rule-manager-2015-1-1 | https://docs.tibco.com/products/tibco-openspirit-copy-rules-manager-2012-0-0 | https://docs.tibco.com/products/tibco-openspirit-copy-rules-manager-2013-0-0 | https://docs.tibco.com/products/tibco-openspirit-copy-rules-manager-2013-1-0 | https://docs.tibco.com/products/tibco-openspirit-copy-rule-manager-2015-0-0 | https://docs.tibco.com/products/tibco-openspirit-copy-rule-manager-2015-0-1 | https://docs.tibco.com/products/tibco-openspirit-copy-rule-manager-2015-1-0,0,
tibco-openspirit-data-connector-for-epos,TIBCO OpenSpirit® Data Connector for Epos,https://docs.tibco.com/products/tibco-openspirit-data-connector-for-epos,10,,0,,10,https://docs.tibco.com/pub/os-dc-epos/tibco-openspirit-data-connector-for-epos-2-8-0_documentation.zip | https://docs.tibco.com/pub/os-dc-epos/tibco-openspirit-data-connector-for-epos-2-7-0_documentation.zip | https://docs.tibco.com/pub/os-dc-epos/tibco-openspirit-data-connector-for-epos-2-6-0_documentation.zip | https://docs.tibco.com/pub/os-dc-epos/tibco-openspirit-data-connector-for-epos-2-5-0_documentation.zip | https://docs.tibco.com/pub/os-dc-epos/tibco-openspirit-data-connector-for-epos-2-4-0_documentation.zip | https://docs.tibco.com/pub/openspirit-data-connector-for-epos/tibco-openspirit-data-connector-for-epos-2-3-0_documentation.zip | https://docs.tibco.com/pub/openspirit-data-connector-for-epos/tibco-openspirit-data-connector-for-epos-2-2-0_documentation.zip | https://docs.tibco.com/pub/openspirit-data-connector-for-epos/tibco-openspirit-data-connector-for-epos-2-1-0_documentation.zip | https://docs.tibco.com/pub/openspirit-data-connector-for-epos/tibco-openspirit-data-connector-for-epos-2-0-0_documentation.zip | https://docs.tibco.com/pub/openspirit-data-connector-for-epos/tibco-openspirit-data-connector-for-epos-1-0-0_documentation.zip
tibco-openspirit-data-connector-for-geoframe,TIBCO OpenSpirit® Data Connector for GeoFrame,https://docs.tibco.com/products/tibco-openspirit-data-connector-for-geoframe,3,,0,,3,https://docs.tibco.com/pub/os-dc-geoframe/tibco-openspirit-data-connector-for-geoframe-2-1-1_documentation.zip | https://docs.tibco.com/pub/os-dc-geoframe/tibco-openspirit-data-connector-for-geoframe-2-1-0_documentation.zip | https://docs.tibco.com/pub/os-dc-geoframe/tibco-openspirit-data-connector-for-geoframe-2-0-1_documentation.zip
tibco-openspirit-data-connector-for-kingdom,TIBCO OpenSpirit® Data Connector for KINGDOM,https://docs.tibco.com/products/tibco-openspirit-data-connector-for-kingdom,11,,0,,11,https://docs.tibco.com/pub/os-dc-kingdom/tibco-openspirit-data-connector-for-kingdom-2-9-0_documentation.zip | https://docs.tibco.com/pub/os-dc-kingdom/tibco-openspirit-data-connector-for-kingdom-2-8-0_documentation.zip | https://docs.tibco.com/pub/os-dc-kingdom/tibco-openspirit-data-connector-for-kingdom-2-7-0_documentation.zip | https://docs.tibco.com/pub/os-dc-kingdom/tibco-openspirit-data-connector-for-kingdom-2-6-0_documentation.zip | https://docs.tibco.com/pub/os-dc-kingdom/tibco-openspirit-data-connector-for-kingdom-2-5-0_documentation.zip | https://docs.tibco.com/pub/os-dc-kingdom/tibco-openspirit-data-connector-for-kingdom-2-4-0_documentation.zip | https://docs.tibco.com/pub/os-dc-kingdom/tibco-openspirit-data-connector-for-kingdom-2-3-0_documentation.zip | https://docs.tibco.com/pub/os-dc-kingdom/tibco-openspirit-data-connector-for-kingdom-2-2-0_documentation.zip | https://docs.tibco.com/pub/os-dc-kingdom/tibco-openspirit-data-connector-for-kingdom-2-1-1_documentation.zip | https://docs.tibco.com/pub/os-dc-kingdom/tibco-openspirit-data-connector-for-kingdom-2-1-0_documentation.zip | https://docs.tibco.com/pub/os-dc-kingdom/tibco-openspirit-data-connector-for-kingdom-2-0-0_documentation.zip
tibco-openspirit-data-connector-for-openworks,TIBCO OpenSpirit® Data Connector for OpenWorks,https://docs.tibco.com/products/tibco-openspirit-data-connector-for-openworks,9,,0,,9,https://docs.tibco.com/pub/os-dc-openworks/tibco-openspirit-data-connector-for-openworks-2-6-2_documentation.zip | https://docs.tibco.com/pub/os-dc-openworks/tibco-openspirit-data-connector-for-openworks-2-6-1_documentation.zip | https://docs.tibco.com/pub/os-dc-openworks/tibco-openspirit-data-connector-for-openworks-2-6-0_documentation.zip | https://docs.tibco.com/pub/os-dc-openworks/tibco-openspirit-data-connector-for-openworks-2-5-1_documentation.zip | https://docs.tibco.com/pub/os-dc-openworks/tibco-openspirit-data-connector-for-openworks-2-5-0_documentation.zip | https://docs.tibco.com/pub/os-dc-openworks/tibco-openspirit-data-connector-for-openworks-2-4-0_documentation.zip | https://docs.tibco.com/pub/os_dc_openworks/tibco-openspirit-data-connector-for-openworks-2-3-0_documentation.zip | https://docs.tibco.com/pub/os_dc_openworks/tibco-openspirit-data-connector-for-openworks-2-2-0_documentation.zip | https://docs.tibco.com/pub/os_dc_openworks/tibco-openspirit-data-connector-for-openworks-2-1-0_documentation.zip
tibco-openspirit-data-connector-for-petra,TIBCO OpenSpirit® Data Connector for Petra,https://docs.tibco.com/products/tibco-openspirit-data-connector-for-petra,4,,0,,4,https://docs.tibco.com/pub/os-dc-petra/tibco-openspirit-data-connector-for-petra-2-4-0_documentation.zip | https://docs.tibco.com/pub/os-dc-petra/tibco-openspirit-data-connector-for-petra-2-3-0_documentation.zip | https://docs.tibco.com/pub/os-dc-petra/tibco-openspirit-data-connector-for-petra-2-2-0_documentation.zip | https://docs.tibco.com/pub/os-dc-petra/tibco-openspirit-data-connector-for-petra-2-1-0_documentation.zip
tibco-openspirit-data-connector-for-ppdm,TIBCO OpenSpirit® Data Connector for PPDM,https://docs.tibco.com/products/tibco-openspirit-data-connector-for-ppdm,4,,0,,4,https://docs.tibco.com/pub/os-dc-ppdm/tibco-openspirit-data-connector-for-ppdm-2-2-1_documentation.zip | https://docs.tibco.com/pub/os-dc-ppdm/tibco-openspirit-data-connector-for-ppdm-2-2-0_documentation.zip | https://docs.tibco.com/pub/os-dc-ppdm/tibco-openspirit-data-connector-for-ppdm-2-1-1_documentation.zip | https://docs.tibco.com/pub/os-dc-ppdm/tibco-openspirit-data-connector-for-ppdm-2-1-0_documentation.zip
tibco-openspirit-data-connector-for-recall,TIBCO OpenSpirit® Data Connector for Recall,https://docs.tibco.com/products/tibco-openspirit-data-connector-for-recall,3,,0,,3,https://docs.tibco.com/pub/os-dc-recall/tibco-openspirit-data-connector-for-recall-2-2-0_documentation.zip | https://docs.tibco.com/pub/os-dc-recall/tibco-openspirit-data-connector-for-recall-2-1-0_documentation.zip | https://docs.tibco.com/pub/os-dc-recall/tibco-openspirit-data-connector-for-recall-2-0-1_documentation.zip
tibco-openspirit-data-connector-for-segy,TIBCO OpenSpirit® Data Connector for SEGY,https://docs.tibco.com/products/tibco-openspirit-data-connector-for-segy,3,,0,,3,https://docs.tibco.com/pub/os-dc-segy/tibco-openspirit-data-connector-for-segy-2-2-0_documentation.zip | https://docs.tibco.com/pub/os-dc-segy/tibco-openspirit-data-connector-for-segy-2-1-0_documentation.zip | https://docs.tibco.com/pub/os-dc-segy/tibco-openspirit-data-connector-for-segy-2-0-1_documentation.zip
tibco-openspirit-data-connector-for-studio,TIBCO OpenSpirit® Data Connector for Studio,https://docs.tibco.com/products/tibco-openspirit-data-connector-for-studio,18,,2,https://docs.tibco.com/products/tibco-openspirit-data-connector-for-studio-knowledge-1-0-0 | https://docs.tibco.com/products/tibco-openspirit-data-connector-for-studio-knowledge-2-0-0,16,https://docs.tibco.com/pub/os-dc-studio/tibco-openspirit-data-connector-for-studio-3-12-1_documentation.zip | https://docs.tibco.com/pub/os-dc-studio/tibco-openspirit-data-connector-for-studio-3-12-0_documentation.zip | https://docs.tibco.com/pub/os-dc-studio/tibco-openspirit-data-connector-for-studio-3-11-0_documentation.zip | https://docs.tibco.com/pub/os-dc-studio/tibco-openspirit-data-connector-for-studio-3-10-0_documentation.zip | https://docs.tibco.com/pub/os-dc-studio/tibco-openspirit-data-connector-for-studio-3-9-0_documentation.zip | https://docs.tibco.com/pub/os-dc-studio/tibco-openspirit-data-connector-for-studio-3-8-0_documentation.zip | https://docs.tibco.com/pub/os-dc-studio/tibco-openspirit-data-connector-for-studio-3-7-0_documentation.zip | https://docs.tibco.com/pub/os-dc-studio/tibco-openspirit-data-connector-for-studio-3-6-0_documentation.zip | https://docs.tibco.com/pub/os-dc-studio/tibco-openspirit-data-connector-for-studio-3-5-1_documentation.zip | https://docs.tibco.com/pub/os-dc-studio/tibco-openspirit-data-connector-for-studio-3-5-0_documentation.zip | https://docs.tibco.com/pub/openspirit-data-connector-for-studio-knowledge/tibco-openspirit-data-connector-for-studio-3-4-1_documentation.zip | https://docs.tibco.com/pub/openspirit-data-connector-for-studio-knowledge/tibco-openspirit-data-connector-for-studio-3-4-0_documentation.zip | https://docs.tibco.com/pub/openspirit-data-connector-for-studio-knowledge/tibco-openspirit-data-connector-for-studio-3-3-0_documentation.zip | https://docs.tibco.com/pub/openspirit-data-connector-for-studio-knowledge/tibco-openspirit-data-connector-for-studio-3-2-0_documentation.zip | https://docs.tibco.com/pub/openspirit-data-connector-for-studio-knowledge/tibco-openspirit-data-connector-for-studio-3-1-0_documentation.zip | https://docs.tibco.com/pub/openspirit-data-connector-for-studio-knowledge/tibco-openspirit-data-connector-for-studio-3-0-0_documentation.zip
tibco-openspirit-developer-kit,TIBCO OpenSpirit® Developer Kit,https://docs.tibco.com/products/tibco-openspirit-developer-kit,3,,0,,3,https://docs.tibco.com/pub/os-sdk/tibco-openspirit-developer-kit-4-3-0_documentation.zip | https://docs.tibco.com/pub/openspirit-developer-kit/tibco-openspirit-developer-kit-4-2-0_documentation.zip | https://docs.tibco.com/pub/openspirit-developer-kit/tibco-openspirit-developer-kit-4-1-0_documentation.zip
tibco-openspirit-extension-for-arcgis,TIBCO OpenSpirit® Extension for ArcGIS,https://docs.tibco.com/products/tibco-openspirit-extension-for-arcgis,4,,0,,4,https://docs.tibco.com/pub/os-arc/tibco-openspirit-extension-for-arcgis-2019-0-0_documentation.zip | https://docs.tibco.com/pub/os-arc/tibco-openspirit-extension-for-arcgis-2018-0-0_documentation.zip | https://docs.tibco.com/pub/os-arc/tibco-openspirit-extension-for-arcgis-2015-1-0_documentation.zip | https://docs.tibco.com/pub/os-arc/tibco-openspirit-extension-for-arcgis-2015-0-0_documentation.zip
tibco-openspirit-runtime,TIBCO OpenSpirit® Runtime,https://docs.tibco.com/products/tibco-openspirit-runtime,11,,0,,11,https://docs.tibco.com/pub/os-rt/tibco-openspirit-runtime-4-3-1_documentation.zip | https://docs.tibco.com/pub/os-rt/tibco-openspirit-runtime-4-3-0_documentation.zip | https://docs.tibco.com/pub/openspirit-runtime/tibco-openspirit-runtime-4-2-0_documentation.zip | https://docs.tibco.com/pub/openspirit-runtime/tibco-openspirit-runtime-4-1-0_documentation.zip | https://docs.tibco.com/pub/openspirit-runtime/tibco-openspirit-runtime-4-0-3_documentation.zip | https://docs.tibco.com/pub/openspirit-runtime/tibco-openspirit-runtime-4-0-2_documentation.zip | https://docs.tibco.com/pub/openspirit-runtime/tibco-openspirit-runtime-4-0-1_documentation.zip | https://docs.tibco.com/pub/openspirit-runtime/tibco-openspirit-runtime-4-0-0_documentation.zip | https://docs.tibco.com/pub/openspirit-runtime/tibco-openspirit-runtime-3-2-3_documentation.zip | https://docs.tibco.com/pub/openspirit-runtime/tibco-openspirit-runtime-3-2-2_documentation.zip | https://docs.tibco.com/pub/openspirit-runtime/tibco-openspirit-runtime-3-1-5_documentation.zip
tibco-openspirit-scan-for-studio,TIBCO OpenSpirit® Scan for Studio,https://docs.tibco.com/products/tibco-openspirit-scan-for-studio,9,,2,https://docs.tibco.com/products/tibco-openspirit-scan-for-studio-5-0-0 | https://docs.tibco.com/products/tibco-openspirit-scan-for-studio-6-0-0,7,https://docs.tibco.com/pub/os-scan-studio/tibco-openspirit-scan-for-studio-9-0-0_documentation.zip | https://docs.tibco.com/pub/os-scan-studio/tibco-openspirit-scan-for-studio-8-0-0_documentation.zip | https://docs.tibco.com/pub/os-scan-studio/tibco-openspirit-scan-for-studio-7-0-0_documentation.zip | https://docs.tibco.com/pub/openspirit-scan-studio-find/tibco-openspirit-scan-for-studio-4-0-0_documentation.zip | https://docs.tibco.com/pub/openspirit-scan-studio-find/tibco-openspirit-scan-for-studio-3-0-0_documentation.zip | https://docs.tibco.com/pub/openspirit-scan-studio-find/tibco-openspirit-scan-for-studio-2-0-0_documentation.zip | https://docs.tibco.com/pub/openspirit-scan-studio-find/tibco-openspirit-scan-for-studio-1-0-0_documentation.zip
tibco-openspirit-scan-utility,TIBCO OpenSpirit® Scan Utility,https://docs.tibco.com/products/tibco-openspirit-scan-utility,7,,0,,7,https://docs.tibco.com/pub/os-scan/tibco-openspirit-scan-utility-2018-0-1_documentation.zip | https://docs.tibco.com/pub/os-scan/tibco-openspirit-scan-utility-2018-0-0_documentation.zip | https://docs.tibco.com/pub/os-scan/tibco-openspirit-scan-utility-2016-1-0_documentation.zip | https://docs.tibco.com/pub/openspirit-scan-utility/tibco-openspirit-scan-utility-2016-0-0_documentation.zip | https://docs.tibco.com/pub/openspirit-scan-utility/tibco-openspirit-scan-utility-2013-0-0_documentation.zip | https://docs.tibco.com/pub/openspirit-scan-utility/tibco-openspirit-scan-utility-2011-0-1_documentation.zip | https://docs.tibco.com/pub/openspirit-scan-utility/tibco-openspirit-scan-utility-2011-0-0_documentation.zip
tibco-openspirit-web-server-2008,TIBCO OpenSpirit® Web Server 2008,https://docs.tibco.com/products/tibco-openspirit-web-server-2008,1,,1,https://docs.tibco.com/products/tibco-openspirit-web-server-2008,0,
tibco-openspirit-web-services,TIBCO OpenSpirit® Web Services,https://docs.tibco.com/products/tibco-openspirit-web-services,1,,1,https://docs.tibco.com/products/tibco-openspirit-web-services-1-0-0,0,
tibco-partnerexpress,TIBCO PartnerExpress™,https://docs.tibco.com/products/tibco-partnerexpress,5,,1,https://docs.tibco.com/products/tibco-partnerexpress-6-0,4,https://docs.tibco.com/pub/bcpx/tibco-partnerexpress-6-2-2_documentation.zip | https://docs.tibco.com/pub/bcpx/tibco-partnerexpress-6-2-1_documentation.zip | https://docs.tibco.com/pub/bcpx/tibco-partnerexpress-6-2-0_documentation.zip | https://docs.tibco.com/pub/bcpx/tibco-partnerexpress-6-1-0_documentation.zip
tibco-rendezvous,TIBCO Rendezvous®,https://docs.tibco.com/products/tibco-rendezvous,21,,4,https://docs.tibco.com/products/tibco-rendezvous-8-7-0 | https://docs.tibco.com/products/tibco-rendezvous-8-8-0 | https://docs.tibco.com/products/tibco-rendezvous-8-8-1 | https://docs.tibco.com/products/tibco-rendezvous-9-0-0,17,https://docs.tibco.com/pub/rendezvous/tibco-rendezvous-8-6-1_documentation.zip | https://docs.tibco.com/pub/rendezvous/tibco-rendezvous-8-6-0_documentation.zip | https://docs.tibco.com/pub/rendezvous/tibco-rendezvous-8-5-2_documentation.zip | https://docs.tibco.com/pub/rv_zos/tibco-rendezvous-8-5-1_documentation.zip | https://docs.tibco.com/pub/rendezvous/tibco-rendezvous-8-5-0_documentation.zip | https://docs.tibco.com/pub/rendezvous/tibco-rendezvous-8-4-6_documentation.zip | https://docs.tibco.com/pub/rendezvous/tibco-rendezvous-8-4-5_documentation.zip | https://docs.tibco.com/pub/rendezvous/tibco-rendezvous-8-4-4_documentation.zip | https://docs.tibco.com/pub/rendezvous/tibco-rendezvous-8-4-3_documentation.zip | https://docs.tibco.com/pub/rendezvous/tibco-rendezvous-8-4-2_documentation.zip | https://docs.tibco.com/pub/rendezvous/tibco-rendezvous-8-4-1_documentation.zip | https://docs.tibco.com/pub/rendezvous/tibco-rendezvous-8-4-0_documentation.zip | https://docs.tibco.com/pub/rendezvous/tibco-rendezvous-8-3-2_documentation.zip | https://docs.tibco.com/pub/rendezvous/tibco-rendezvous-8-3-1_documentation.zip | https://docs.tibco.com/pub/rendezvous/tibco-rendezvous-8-3-0_documentation.zip | https://docs.tibco.com/pub/rendezvous/tibco-rendezvous-8-2-2_documentation.zip | https://docs.tibco.com/pub/rendezvous/tibco-rendezvous-8-2-1_documentation.zip
tibco-rendezvous-network-service,TIBCO Rendezvous® Network Service,https://docs.tibco.com/products/tibco-rendezvous-network-service,3,,2,https://docs.tibco.com/products/tibco-rendezvous-network-service-2-1-0 | https://docs.tibco.com/products/tibco-rendezvous-network-service-2-2-0,1,https://docs.tibco.com/pub/trns/tibco-rendezvous-network-service-2-0-0_documentation.zip
tibco-runtime-agent,TIBCO Runtime Agent™,https://docs.tibco.com/products/tibco-runtime-agent,22,,4,https://docs.tibco.com/products/tibco-runtime-agent-5-12-2 | https://docs.tibco.com/products/tibco-runtime-agent-5-12-3 | https://docs.tibco.com/products/tibco-runtime-agent-5-12-4 | https://docs.tibco.com/products/tibco-runtime-agent-5-13-0,18,https://docs.tibco.com/pub/runtime_agent/tibco-runtime-agent-5-12-1_documentation.zip | https://docs.tibco.com/pub/runtime_agent/tibco-runtime-agent-5-12-0_documentation.zip | https://docs.tibco.com/pub/runtime_agent/tibco-runtime-agent-5-11-3_documentation.zip | https://docs.tibco.com/pub/runtime_agent/tibco-runtime-agent-5-11-2_documentation.zip | https://docs.tibco.com/pub/runtime_agent/tibco-runtime-agent-5-11-1_documentation.zip | https://docs.tibco.com/pub/runtime_agent/tibco-runtime-agent-5-11-0_documentation.zip | https://docs.tibco.com/pub/runtime_agent/tibco-runtime-agent-5-10-3_documentation.zip | https://docs.tibco.com/pub/runtime_agent/tibco-runtime-agent-5-10-2_documentation.zip | https://docs.tibco.com/pub/runtime_agent/5.10.1/tibco-runtime-agent-5-10-1_documentation.zip | https://docs.tibco.com/pub/runtime_agent/tibco-runtime-agent-5-10-0_documentation.zip | https://docs.tibco.com/pub/runtime_agent/tibco-runtime-agent-5-9-1_documentation.zip | https://docs.tibco.com/pub/runtime_agent/tibco-runtime-agent-5-9-0_documentation.zip | https://docs.tibco.com/pub/runtime_agent/tibco-runtime-agent-5-8-0_documentation.zip | https://docs.tibco.com/pub/runtime_agent/tibco-runtime-agent-5-7-4_documentation.zip | https://docs.tibco.com/pub/runtime_agent/tibco-runtime-agent-5-7-3_documentation.zip | https://docs.tibco.com/pub/runtime_agent/tibco-runtime-agent-5-7-2_documentation.zip | https://docs.tibco.com/pub/runtime_agent/tibco-runtime-agent-5-7-1_documentation.zip | https://docs.tibco.com/pub/runtime_agent/tibco-runtime-agent-5-7-0_documentation.zip
tibco-scribe-insight,Tibco Scribe Insight,https://docs.tibco.com/products/tibco-scribe-insight,1,,0,,1,https://docs.tibco.com/emp/scr-insight/tibco-scribe-insight-7-9-5_documentation.zip
tibco-scribe,TIBCO Scribe®,https://docs.tibco.com/products/tibco-scribe,1,,1,https://docs.tibco.com/products/tibco-scribe,0,
tibco-service-gateway-for-files,TIBCO Service Gateway™ for Files,https://docs.tibco.com/products/tibco-service-gateway-for-files,4,,4,https://docs.tibco.com/products/tibco-service-gateway-for-files-6-0-0 | https://docs.tibco.com/products/tibco-service-gateway-for-files-5-3-0 | https://docs.tibco.com/products/tibco-service-gateway-for-files-5-1-0 | https://docs.tibco.com/products/tibco-service-gateway-for-files-5-2-0,0,
tibco-silver-fabric,TIBCO Silver® Fabric,https://docs.tibco.com/products/tibco-silver-fabric,12,,4,https://docs.tibco.com/products/tibco-silver-fabric-5-8-1 | https://docs.tibco.com/products/tibco-silver-fabric-6-0-0 | https://docs.tibco.com/products/tibco-silver-fabric-6-0-1 | https://docs.tibco.com/products/tibco-silver-fabric-6-0-2,8,https://docs.tibco.com/pub/silver_fabric/tibco-silver-fabric-6-0-4_documentation.zip | https://docs.tibco.com/pub/silver_fabric/tibco-silver-fabric-6-0-3_documentation.zip | https://docs.tibco.com/pub/silver_fabric/tibco-silver-fabric-5-8-0_documentation.zip | https://docs.tibco.com/pub/silver_fabric/tibco-silver-fabric-5-7-1_documentation.zip | https://docs.tibco.com/pub/silver_fabric/tibco-silver-fabric-5-7-0_documentation.zip | https://docs.tibco.com/pub/silver_fabric/tibco-silver-fabric-5-6-0_documentation.zip | https://docs.tibco.com/pub/silver_fabric/tibco-silver-fabric-5-5-1_documentation.zip | https://docs.tibco.com/pub/silver_fabric/tibco-silver-fabric-5-5-0_documentation.zip
tibco-silver-fabric-asset-manager-for-cloud,TIBCO Silver® Fabric Asset Manager for Cloud,https://docs.tibco.com/products/tibco-silver-fabric-asset-manager-for-cloud,1,,1,https://docs.tibco.com/products/tibco-silver-fabric-asset-manager-for-cloud-1-0-0,0,
tibco-silver-fabric-continuity,TIBCO Silver® Fabric Continuity,https://docs.tibco.com/products/tibco-silver-fabric-continuity,1,,1,https://docs.tibco.com/products/tibco-silver-fabric-continuity-1-0-0,0,
tibco-silver-fabric-enabler-for-activematrix-businessworks,TIBCO Silver® Fabric Enabler for ActiveMatrix BusinessWorks™,https://docs.tibco.com/products/tibco-silver-fabric-enabler-for-activematrix-businessworks,10,,1,https://docs.tibco.com/products/tibco-silver-fabric-enabler-for-activematrix-businessworks-2-5-1,9,https://docs.tibco.com/pub/sfbw/tibco-silver-fabric-enabler-for-activematrix-businessworks-3-6-0_documentation.zip | https://docs.tibco.com/pub/sfbw/tibco-silver-fabric-enabler-for-activematrix-businessworks-3-5-0_documentation.zip | https://docs.tibco.com/pub/sfbw/tibco-silver-fabric-enabler-for-activematrix-businessworks-3-4-0_documentation.zip | https://docs.tibco.com/pub/silver-fabric-activematrix-businessworks-enabler/tibco-silver-fabric-enabler-for-activematrix-businessworks-3-3-0_documentation.zip | https://docs.tibco.com/pub/silver-fabric-activematrix-businessworks-enabler/tibco-silver-fabric-enabler-for-activematrix-businessworks-3-2-0_documentation.zip | https://docs.tibco.com/pub/silver-fabric-activematrix-businessworks-enabler/tibco-silver-fabric-enabler-for-activematrix-businessworks-3-1-0_documentation.zip | https://docs.tibco.com/pub/silver-fabric-activematrix-businessworks-enabler/tibco-silver-fabric-enabler-for-activematrix-businessworks-3-0-0_documentation.zip | https://docs.tibco.com/pub/silver-fabric-activematrix-businessworks-enabler/tibco-silver-fabric-enabler-for-activematrix-businessworks-2-6-0_documentation.zip | https://docs.tibco.com/pub/silver-fabric-activematrix-businessworks-enabler/tibco-silver-fabric-enabler-for-activematrix-businessworks-2-5-0_documentation.zip
tibco-silver-fabric-enabler-for-activematrix-bpm,TIBCO Silver® Fabric Enabler for ActiveMatrix® BPM,https://docs.tibco.com/products/tibco-silver-fabric-enabler-for-activematrix-bpm,7,,0,,7,https://docs.tibco.com/pub/sfbp/tibco-silver-fabric-enabler-for-activematrix-bpm-1-4-2_documentation.zip | https://docs.tibco.com/pub/sfbp/tibco-silver-fabric-enabler-for-activematrix-bpm-1-4-1_documentation.zip | https://docs.tibco.com/pub/sfbp/tibco-silver-fabric-enabler-for-activematrix-bpm-1-4-0_documentation.zip | https://docs.tibco.com/pub/sfbp/tibco-silver-fabric-enabler-for-activematrix-bpm-1-3-0_documentation.zip | https://docs.tibco.com/pub/sfbp/tibco-silver-fabric-enabler-for-activematrix-bpm-1-2-0_documentation.zip | https://docs.tibco.com/pub/silver_fabric_enabler_activematrix_bpm/tibco-silver-fabric-enabler-for-activematrix-bpm-1-1-0_documentation.zip | https://docs.tibco.com/pub/silver_fabric_enabler_activematrix_bpm/tibco-silver-fabric-enabler-for-activematrix-bpm-1-0-0_documentation.zip
tibco-silver-fabric-enabler-for-activematrix-service-grid,TIBCO Silver® Fabric Enabler for ActiveMatrix® Service Grid,https://docs.tibco.com/products/tibco-silver-fabric-enabler-for-activematrix-service-grid,4,,0,,4,https://docs.tibco.com/pub/sfsg/tibco-silver-fabric-enabler-for-activematrix-service-grid-1-3-2_documentation.zip | https://docs.tibco.com/pub/sfsg/tibco-silver-fabric-enabler-for-activematrix-service-grid-1-3-1_documentation.zip | https://docs.tibco.com/pub/silver-fabric-enabler-amx-servicegrid/tibco-silver-fabric-enabler-for-activematrix-service-grid-1-3-0_documentation.zip | https://docs.tibco.com/pub/silver-fabric-enabler-amx-servicegrid/tibco-silver-fabric-enabler-for-activematrix-service-grid-1-2-1_documentation.zip
tibco-silver-fabric-enabler-for-activespaces-enterprise-edition,TIBCO Silver® Fabric Enabler for ActiveSpaces® Enterprise Edition,https://docs.tibco.com/products/tibco-silver-fabric-enabler-for-activespaces-enterprise-edition,4,,1,https://docs.tibco.com/products/tibco-silver-fabric-enabler-for-activespaces-enterprise-edition-1-2-0,3,https://docs.tibco.com/pub/sfas/tibco-silver-fabric-enabler-for-activespaces-enterprise-edition-1-1-0_documentation.zip | https://docs.tibco.com/pub/sfas/tibco-silver-fabric-enabler-for-activespaces-enterprise-edition-1-0-1_documentation.zip | https://docs.tibco.com/pub/sfas/tibco-silver-fabric-enabler-for-activespaces-enterprise-edition-1-0-0_documentation.zip
tibco-silver-fabric-enabler-for-adapter-for-database,TIBCO Silver® Fabric Enabler for Adapter for Database,https://docs.tibco.com/products/tibco-silver-fabric-enabler-for-adapter-for-database,3,,0,,3,https://docs.tibco.com/pub/sfdb/tibco-silver-fabric-enabler-for-adapter-for-database-3-0-0_documentation.zip | https://docs.tibco.com/pub/silver-fabric-enabler-for-adapter-for-database/tibco-silver-fabric-enabler-for-adapter-for-database-2-5-0_documentation.zip | https://docs.tibco.com/pub/silver-fabric-enabler-for-adapter-for-database/tibco-silver-fabric-enabler-for-adapter-for-database-2-0-0_documentation.zip
tibco-silver-fabric-enabler-for-adapter-for-files-unix-win,TIBCO Silver® Fabric Enabler for Adapter for Files (Unix/Win),https://docs.tibco.com/products/tibco-silver-fabric-enabler-for-adapter-for-files-unix-win,3,,0,,3,https://docs.tibco.com/pub/silver-fabric-enabler-for-adapter-for-files-unix-win/tibco-silver-fabric-enabler-for-adapter-for-files-unix-win-3-0-0_documentation.zip | https://docs.tibco.com/pub/silver-fabric-enabler-for-adapter-for-files-unix-win/tibco-silver-fabric-enabler-for-adapter-for-files-unix-win-2-5-0_documentation.zip | https://docs.tibco.com/pub/silver-fabric-enabler-for-adapter-for-files-unix-win/tibco-silver-fabric-enabler-for-adapter-for-files-unix-win-2-0-0_documentation.zip
tibco-silver-fabric-enabler-for-adapter-for-ldap,TIBCO Silver® Fabric Enabler for Adapter for LDAP,https://docs.tibco.com/products/tibco-silver-fabric-enabler-for-adapter-for-ldap,2,,0,,2,https://docs.tibco.com/pub/sfld/tibco-silver-fabric-enabler-for-adapter-for-ldap-3-0-0_documentation.zip | https://docs.tibco.com/pub/silver-fabric-enabler-for-adapter-for-LDAP/tibco-silver-fabric-enabler-for-adapter-for-ldap-2-0-0_documentation.zip
tibco-silver-fabric-enabler-for-adapter-for-sap,TIBCO Silver® Fabric Enabler for Adapter for SAP,https://docs.tibco.com/products/tibco-silver-fabric-enabler-for-adapter-for-sap,2,,0,,2,https://docs.tibco.com/pub/sfsp/tibco-silver-fabric-enabler-for-adapter-for-sap-3-0-0_documentation.zip | https://docs.tibco.com/pub/sfsp/tibco-silver-fabric-enabler-for-adapter-for-sap-2-0-0_documentation.zip
tibco-silver-fabric-enabler-for-apache-tomcat,TIBCO Silver® Fabric Enabler for Apache Tomcat,https://docs.tibco.com/products/tibco-silver-fabric-enabler-for-apache-tomcat,2,,0,,2,https://docs.tibco.com/pub/sftm/tibco-silver-fabric-enabler-for-apache-tomcat-6-0-0_documentation.zip | https://docs.tibco.com/pub/silver_fabric_tomcat/tibco-silver-fabric-enabler-for-apache-tomcat-5-6-0_documentation.zip
tibco-silver-fabric-enabler-for-bea-weblogic,TIBCO Silver® Fabric Enabler for BEA WebLogic,https://docs.tibco.com/products/tibco-silver-fabric-enabler-for-bea-weblogic,2,,1,https://docs.tibco.com/products/tibco-silver-fabric-enabler-for-bea-weblogic-5-5-1,1,https://docs.tibco.com/pub/silver_fabric_weblogic/tibco-silver-fabric-enabler-for-bea-weblogic-5-6-0_documentation.zip
tibco-silver-fabric-enabler-for-businessconnect,TIBCO Silver® Fabric Enabler for BusinessConnect™,https://docs.tibco.com/products/tibco-silver-fabric-enabler-for-businessconnect,1,,0,,1,https://docs.tibco.com/pub/sfbc/tibco-silver-fabric-enabler-for-businessconnect-1-0-0_documentation.zip
tibco-silver-fabric-enabler-for-docker,TIBCO Silver® Fabric Enabler for Docker,https://docs.tibco.com/products/tibco-silver-fabric-enabler-for-docker,2,,0,,2,https://docs.tibco.com/pub/sfdk/tibco-silver-fabric-enabler-for-docker-2-0-0_documentation.zip | https://docs.tibco.com/pub/silver-fabric-docker/tibco-silver-fabric-enabler-for-docker-1-0-0_documentation.zip
tibco-silver-fabric-enabler-for-generic-adapter,TIBCO Silver® Fabric Enabler for Generic Adapter,https://docs.tibco.com/products/tibco-silver-fabric-enabler-for-generic-adapter,1,,0,,1,https://docs.tibco.com/pub/sfga/tibco-silver-fabric-enabler-for-generic-adapter-1-0-0_documentation.zip
tibco-silver-fabric-enabler-for-ibm-websphere,TIBCO Silver® Fabric Enabler for IBM WebSphere,https://docs.tibco.com/products/tibco-silver-fabric-enabler-for-ibm-websphere,3,,0,,3,https://docs.tibco.com/pub/sfws/tibco-silver-fabric-enabler-for-ibm-websphere-6-0-0_documentation.zip | https://docs.tibco.com/pub/silver_fabric_enabler_ibm_websphere/tibco-silver-fabric-enabler-for-ibm-websphere-5-6-0_documentation.zip | https://docs.tibco.com/pub/silver_fabric_enabler_ibm_websphere/tibco-silver-fabric-enabler-for-ibm-websphere-5-5-1_documentation.zip
tibco-silver-fabric-enabler-for-microsoft-iis,TIBCO Silver® Fabric Enabler for Microsoft IIS,https://docs.tibco.com/products/tibco-silver-fabric-enabler-for-microsoft-iis,2,,0,,2,https://docs.tibco.com/emp/silver_fabric_asp/tibco-silver-fabric-enabler-for-microsoft-iis-5-6-1_documentation.zip | https://docs.tibco.com/emp/silver_fabric_asp/tibco-silver-fabric-enabler-for-microsoft-iis-5-6-0_documentation.zip
tibco-silver-fabric-enabler-for-redhat-jboss,TIBCO Silver® Fabric Enabler for RedHat JBoss,https://docs.tibco.com/products/tibco-silver-fabric-enabler-for-redhat-jboss,3,,1,https://docs.tibco.com/products/tibco-silver-fabric-enabler-for-redhat-jboss-enterprise-application-platform-6-0-0,2,https://docs.tibco.com/pub/silver_fabric_enabler_redhat_jboss/tibco-silver-fabric-enabler-for-redhat-jboss-5-6-0_documentation.zip | https://docs.tibco.com/pub/silver_fabric_enabler_redhat_jboss/tibco-silver-fabric-enabler-for-redhat-jboss-5-5-1_documentation.zip
tibco-silver-fabric-enabler-for-spotfire-web-player,TIBCO Silver® Fabric Enabler for Spotfire® Web Player,https://docs.tibco.com/products/tibco-silver-fabric-enabler-for-spotfire-web-player,6,,1,https://docs.tibco.com/products/tibco-silver-fabric-enabler-for-spotfire-web-player-2-0-0,5,https://docs.tibco.com/pub/silver_fabric_spotfire/tibco-silver-fabric-enabler-for-spotfire-web-player-2-1-3_documentation.zip | https://docs.tibco.com/pub/silver_fabric_spotfire/tibco-silver-fabric-enabler-for-spotfire-web-player-2-1-2_documentation.zip | https://docs.tibco.com/pub/silver_fabric_spotfire/tibco-silver-fabric-enabler-for-spotfire-web-player-2-1-1_documentation.zip | https://docs.tibco.com/pub/silver_fabric_spotfire/tibco-silver-fabric-enabler-for-spotfire-web-player-2-1-0_documentation.zip | https://docs.tibco.com/pub/silver_fabric_spotfire/tibco-silver-fabric-enabler-for-spotfire-web-player-1-6-1_documentation.zip
tibco-silver-fabric-enabler-for-tibco-administrator-enterprise-edition,TIBCO Silver® Fabric Enabler for TIBCO Administrator™ - Enterprise Edition,https://docs.tibco.com/products/tibco-silver-fabric-enabler-for-tibco-administrator-enterprise-edition,2,,2,https://docs.tibco.com/products/tibco-silver-fabric-enabler-for-tibco-administrator-enterprise-edition-2-9-0 | https://docs.tibco.com/products/tibco-silver-fabric-enabler-for-tibco-administrator-enterprise-edition-2-8-0,0,
tibco-silver-fabric-enabler-for-tibco-businessevents,TIBCO Silver® Fabric Enabler for TIBCO BusinessEvents®,https://docs.tibco.com/products/tibco-silver-fabric-enabler-for-tibco-businessevents,7,,0,,7,https://docs.tibco.com/pub/sfbe/tibco-silver-fabric-enabler-for-tibco-businessevents-3-4-0_documentation.zip | https://docs.tibco.com/pub/sfbe/tibco-silver-fabric-enabler-for-tibco-businessevents-3-3-0_documentation.zip | https://docs.tibco.com/pub/sfbe/tibco-silver-fabric-enabler-for-tibco-businessevents-3-2-0_documentation.zip | https://docs.tibco.com/pub/sfbe/tibco-silver-fabric-enabler-for-tibco-businessevents-3-1-0_documentation.zip | https://docs.tibco.com/pub/sfbe/tibco-silver-fabric-enabler-for-tibco-businessevents-3-0-0_documentation.zip | https://docs.tibco.com/pub/silver-fabric-enabler-for-businessevents/tibco-silver-fabric-enabler-for-tibco-businessevents-2-5-0_documentation.zip | https://docs.tibco.com/pub/silver-fabric-enabler-for-businessevents/tibco-silver-fabric-enabler-for-tibco-businessevents-2-0-0_documentation.zip
tibco-silver-fabric-enabler-for-tibco-enterprise-message-service,TIBCO Silver® Fabric Enabler for TIBCO Enterprise Message Service™,https://docs.tibco.com/products/tibco-silver-fabric-enabler-for-tibco-enterprise-message-service,4,,0,,4,https://docs.tibco.com/pub/sfem/tibco-silver-fabric-enabler-for-tibco-enterprise-message-service-2-3-0_documentation.zip | https://docs.tibco.com/pub/sfem/tibco-silver-fabric-enabler-for-tibco-enterprise-message-service-2-2-0_documentation.zip | https://docs.tibco.com/pub/silver-fabric-enabler-for-ems/tibco-silver-fabric-enabler-for-tibco-enterprise-message-service-2-1-0_documentation.zip | https://docs.tibco.com/pub/silver-fabric-enabler-for-ems/tibco-silver-fabric-enabler-for-tibco-enterprise-message-service-2-0-0_documentation.zip
tibco-silver-fabric-enabler-for-tibco-hawk,TIBCO Silver® Fabric Enabler for TIBCO Hawk®,https://docs.tibco.com/products/tibco-silver-fabric-enabler-for-tibco-hawk,4,,0,,4,https://docs.tibco.com/pub/sfhk/tibco-silver-fabric-enabler-for-tibco-hawk-1-3-0_documentation.zip | https://docs.tibco.com/pub/sfhk/tibco-silver-fabric-enabler-for-tibco-hawk-1-2-0_documentation.zip | https://docs.tibco.com/pub/sfhk/tibco-silver-fabric-enabler-for-tibco-hawk-1-1-0_documentation.zip | https://docs.tibco.com/pub/sfhk/tibco-silver-fabric-enabler-for-tibco-hawk-1-0-0_documentation.zip
tibco-silver-fabric-enabler-for-tibco-api-exchange-gateway,TIBCO Silver® Fabric Enabler for TIBCO® API Exchange Gateway,https://docs.tibco.com/products/tibco-silver-fabric-enabler-for-tibco-api-exchange-gateway,2,,0,,2,https://docs.tibco.com/pub/sfax/tibco-silver-fabric-enabler-for-tibco-api-exchange-gateway-1-1-0_documentation.zip | https://docs.tibco.com/pub/silver_fabric_enabler_ for_ api_exchange_gateway/tibco-silver-fabric-enabler-for-tibco-api-exchange-gateway-1-0-0_documentation.zip
tibco-silver-fabric-enabler-for-tibco-enterprise-administrator,TIBCO Silver® Fabric Enabler for TIBCO® Enterprise Administrator,https://docs.tibco.com/products/tibco-silver-fabric-enabler-for-tibco-enterprise-administrator,1,,0,,1,https://docs.tibco.com/pub/sfte/tibco-silver-fabric-enabler-for-tibco-enterprise-administrator-1-0-0_documentation.zip
tibco-silver-mobile-core-for-android,TIBCO Silver® Mobile Core for Android,https://docs.tibco.com/products/tibco-silver-mobile-core-for-android,2,,2,https://docs.tibco.com/products/tibco-silver-mobile-core-for-android-2-1-0 | https://docs.tibco.com/products/tibco-silver-mobile-core-for-android-2-0-0,0,
tibco-silver-mobile-core-for-ios,TIBCO Silver® Mobile Core For iOS,https://docs.tibco.com/products/tibco-silver-mobile-core-for-ios,2,,2,https://docs.tibco.com/products/tibco-silver-mobile-core-for-ios-2-1-0 | https://docs.tibco.com/products/tibco-silver-mobile-core-for-ios-2-0-0,0,
tibco-silver-mobile-server,TIBCO Silver® Mobile Server,https://docs.tibco.com/products/tibco-silver-mobile-server,4,,4,https://docs.tibco.com/products/tibco-silver-mobile-server-2-1-0 | https://docs.tibco.com/products/tibco-silver-mobile-server-1-0-0 | https://docs.tibco.com/products/tibco-silver-mobile-server-1-1-0 | https://docs.tibco.com/products/tibco-silver-mobile-server-2-0-0,0,
tibco-slingshot,TIBCO Slingshot™,https://docs.tibco.com/products/tibco-slingshot,8,,0,,8,https://docs.tibco.com/pub/slingshot/tibco-slingshot-1-9-4_documentation.zip | https://docs.tibco.com/pub/slingshot/tibco-slingshot-1-9-3_documentation.zip | https://docs.tibco.com/pub/slingshot/tibco-slingshot-1-9-2_documentation.zip | https://docs.tibco.com/pub/slingshot/1.9.1/tibco-slingshot-1-9-1_documentation.zip | https://docs.tibco.com/pub/slingshot/tibco-slingshot-1-9-0_documentation.zip | https://docs.tibco.com/pub/slingshot/tibco-slingshot-1-8-1_documentation.zip | https://docs.tibco.com/pub/slingshot/tibco-slingshot-1-8-0_documentation.zip | https://docs.tibco.com/pub/slingshot/tibco-slingshot-1-7-0_documentation.zip
tibco-spotfire-connector-for-hp-vertica,TIBCO Spotfire Connector for HP Vertica,https://docs.tibco.com/products/tibco-spotfire-connector-for-hp-vertica,2,,0,,2,https://docs.tibco.com/pub/spotfire-connector-for-hp-vertica/tibco-spotfire-connector-for-hp-vertica-3-1-0_documentation.zip | https://docs.tibco.com/pub/spotfire-connector-for-hp-vertica/tibco-spotfire-connector-for-hp-vertica-3-0-0_documentation.zip
tibco-spotfire-connector-for-ibm-db2,TIBCO Spotfire Connector for IBM DB2,https://docs.tibco.com/products/tibco-spotfire-connector-for-ibm-db2,3,,0,,3,https://docs.tibco.com/pub/spotfre-connector-for-ibm-db2/tibco-spotfire-connector-for-ibm-db2-1-2-0_documentation.zip | https://docs.tibco.com/pub/spotfre-connector-for-ibm-db2/tibco-spotfire-connector-for-ibm-db2-1-1-0_documentation.zip | https://docs.tibco.com/pub/spotfre-connector-for-ibm-db2/tibco-spotfire-connector-for-ibm-db2-1-0-0_documentation.zip
tibco-spotfire-connector-for-pivotal-hawq,TIBCO Spotfire Connector for Pivotal HAWQ,https://docs.tibco.com/products/tibco-spotfire-connector-for-pivotal-hawq,2,,0,,2,https://docs.tibco.com/pub/spc-pivotal-hawq/tibco-spotfire-connector-for-pivotal-hawq-1-1-0_documentation.zip | https://docs.tibco.com/pub/spotfire-connector-pivotal-hawq/tibco-spotfire-connector-for-pivotal-hawq-1-0-0_documentation.zip
tibco-spotfire-connector-for-teradata-aster,TIBCO Spotfire Connector for Teradata Aster,https://docs.tibco.com/products/tibco-spotfire-connector-for-teradata-aster,2,,0,,2,https://docs.tibco.com/pub/spotfire-connector-for-teradata-aster/tibco-spotfire-connector-for-teradata-aster-3-1-0_documentation.zip | https://docs.tibco.com/pub/spotfire-connector-for-teradata-aster/tibco-spotfire-connector-for-teradata-aster-3-0-0_documentation.zip
tibco-spotfire-decisionsite,TIBCO Spotfire DecisionSite®,https://docs.tibco.com/products/tibco-spotfire-decisionsite,1,,0,,1,https://docs.tibco.com/pub/spotfire_decisionsite/tibco-spotfire-decisionsite-9-1-1_documentation.zip
tibco-spotfire-miner,TIBCO Spotfire Miner™,https://docs.tibco.com/products/tibco-spotfire-miner,1,,0,,1,https://docs.tibco.com/pub/spotfire_miner/tibco-spotfire-miner-8-2_documentation.zip
tibco-spotfire-advanced-data-services,TIBCO Spotfire® Advanced Data Services,https://docs.tibco.com/products/tibco-spotfire-advanced-data-services,2,,0,,2,https://docs.tibco.com/emp/spotfire_advanced_data_services/7.0.2/tibco-spotfire-advanced-data-services-7-0-2_documentation.zip | https://docs.tibco.com/emp/spotfire_advanced_data_services/6.2.2/tibco-spotfire-advanced-data-services-6-2-2_documentation.zip
tibco-spotfire-analytics-server,TIBCO Spotfire® Analytics Server,https://docs.tibco.com/products/tibco-spotfire-analytics-server,3,,0,,3,https://docs.tibco.com/pub/spotfire_analytics_server/tibco-spotfire-analytics-server-10-1-2_documentation.zip | https://docs.tibco.com/pub/spotfire_analytics_server/tibco-spotfire-analytics-server-10-1-1_documentation.zip | https://docs.tibco.com/pub/spotfire_analytics_server/tibco-spotfire-analytics-server-10-1_documentation.zip
tibco-spotfire-automation-services,TIBCO Spotfire® Automation Services,https://docs.tibco.com/products/tibco-spotfire-automation-services,12,,0,,12,https://docs.tibco.com/pub/sfire_autsvcs/tibco-spotfire-automation-services-10-2-0_documentation.zip | https://docs.tibco.com/pub/sfire_autsvcs/tibco-spotfire-automation-services-10-1-0_documentation.zip | https://docs.tibco.com/pub/sfire_autsvcs/tibco-spotfire-automation-services-10-0-0_documentation.zip | https://docs.tibco.com/pub/sfire_autsvcs/tibco-spotfire-automation-services-7-14-0_documentation.zip | https://docs.tibco.com/pub/sfire_autsvcs/tibco-spotfire-automation-services-7-13-0_documentation.zip | https://docs.tibco.com/pub/sfire_autsvcs/tibco-spotfire-automation-services-7-12-0_documentation.zip | https://docs.tibco.com/pub/sfire_autsvcs/tibco-spotfire-automation-services-7-11-0_documentation.zip | https://docs.tibco.com/pub/sfire_autsvcs/tibco-spotfire-automation-services-7-10-1_documentation.zip | https://docs.tibco.com/pub/sfire_autsvcs/tibco-spotfire-automation-services-7-10-0_documentation.zip | https://docs.tibco.com/pub/sfire_autsvcs/tibco-spotfire-automation-services-7-9-1_documentation.zip | https://docs.tibco.com/pub/sfire_autsvcs/tibco-spotfire-automation-services-7-9-0_documentation.zip | https://docs.tibco.com/pub/sfire_autsvcs/tibco-spotfire-automation-services-7-8-0_documentation.zip
tibco-spotfire-business-author,TIBCO Spotfire® Business Author,https://docs.tibco.com/products/tibco-spotfire-business-author,2,,0,,2,https://docs.tibco.com/pub/sfire-bauthor/tibco-spotfire-business-author-7-9-0_documentation.zip | https://docs.tibco.com/pub/sfire-bauthor/tibco-spotfire-business-author-7-8-0_documentation.zip
tibco-spotfire-capability-matrix,TIBCO Spotfire® Capability Matrix,https://docs.tibco.com/products/tibco-spotfire-capability-matrix,17,,10,https://docs.tibco.com/products/tibco-spotfire-capability-matrix-12-3-0 | https://docs.tibco.com/products/spotfire-capability-matrix-14-0-0 | https://docs.tibco.com/products/spotfire-capability-matrix-14-1-0 | https://docs.tibco.com/products/spotfire-capability-matrix-14-2-0 | https://docs.tibco.com/products/spotfire-capability-matrix-14-3-0 | https://docs.tibco.com/products/spotfire-capability-matrix-14-4-0 | https://docs.tibco.com/products/spotfire-capability-matrix-14-5-0 | https://docs.tibco.com/products/spotfire-capability-matrix-14-6-0 | https://docs.tibco.com/products/spotfire-capability-matrix-14-7-0 | https://docs.tibco.com/products/spotfire-capability-matrix-14-8-0,6,https://docs.tibco.com/pub/sf-cap-mtx/tibco-spotfire-capability-matrix-12-0-0_documentation.zip | https://docs.tibco.com/pub/sf-cap-mtx/tibco-spotfire-capability-matrix-11-8-0_documentation.zip | https://docs.tibco.com/pub/sf-cap-mtx/tibco-spotfire-capability-matrix-11-6-0_documentation.zip | https://docs.tibco.com/pub/sf-cap-mtx/tibco-spotfire-capability-matrix-11-5-0_documentation.zip | https://docs.tibco.com/pub/sf-cap-mtx/tibco-spotfire-capability-matrix-11-4-0_documentation.zip | https://docs.tibco.com/pub/sf-cap-mtx/tibco-spotfire-capability-matrix-11-3-0_documentation.zip
tibco-spotfire-clinical,TIBCO Spotfire® Clinical,https://docs.tibco.com/products/tibco-spotfire-clinical,3,,0,,3,https://docs.tibco.com/pub/spotfire_clinical/tibco-spotfire-clinical-5-5-0_documentation.zip | https://docs.tibco.com/pub/spotfire_clinical/tibco-spotfire-clinical-5-0-1_documentation.zip | https://docs.tibco.com/pub/spotfire_clinical/tibco-spotfire-clinical-4-0-1_documentation.zip
tibco-spotfire-clinical-graphics,TIBCO Spotfire® Clinical Graphics,https://docs.tibco.com/products/tibco-spotfire-clinical-graphics,4,,0,,4,https://docs.tibco.com/pub/spotfire_clinical_graphics/tibco-spotfire-clinical-graphics-2-2-0_documentation.zip | https://docs.tibco.com/pub/spotfire_clinical_graphics/tibco-spotfire-clinical-graphics-2-1-0_documentation.zip | https://docs.tibco.com/pub/spotfire_clinical_graphics/tibco-spotfire-clinical-graphics-2-0-1_documentation.zip | https://docs.tibco.com/pub/spotfire_clinical_graphics/tibco-spotfire-clinical-graphics-2-0-0_documentation.zip
tibco-spotfire-connector-for-cisco-information-server,TIBCO Spotfire® Connector for Cisco Information Server,https://docs.tibco.com/products/tibco-spotfire-connector-for-cisco-information-server,4,,0,,4,https://docs.tibco.com/pub/spotfire_connector_for_composite_information_services/tibco-spotfire-connector-for-cisco-information-server-3-2-0_documentation.zip | https://docs.tibco.com/pub/spotfire_connector_for_composite_information_services/tibco-spotfire-connector-for-composite-information-server-3-1-0_documentation.zip | https://docs.tibco.com/pub/spotfire_connector_for_composite_information_services/tibco-spotfire-connector-for-composite-information-server-3-0-0_documentation.zip | https://docs.tibco.com/pub/spotfire_connector_for_composite_information_services/tibco-spotfire-connector-for-composite-information-server-1-0-0_documentation.zip
tibco-spotfire-connector-for-cloudera-hive,TIBCO Spotfire® Connector for Cloudera Hive,https://docs.tibco.com/products/tibco-spotfire-connector-for-cloudera-hive,4,,0,,4,https://docs.tibco.com/pub/spotfire-connector-for-cloudera-hive/tibco-spotfire-connector-for-cloudera-hive-2-2-0_documentation.zip | https://docs.tibco.com/pub/spotfire-connector-for-cloudera-hive/tibco-spotfire-connector-for-cloudera-hive-2-1-0_documentation.zip | https://docs.tibco.com/pub/spotfire-connector-for-cloudera-hive/tibco-spotfire-connector-for-cloudera-hive-2-0-0_documentation.zip | https://docs.tibco.com/pub/spotfire-connector-for-cloudera-hive/tibco-spotfire-connector-for-cloudera-hive-1-0-0_documentation.zip
tibco-spotfire-connector-for-cloudera-impala,TIBCO Spotfire® Connector for Cloudera Impala,https://docs.tibco.com/products/tibco-spotfire-connector-for-cloudera-impala,4,,0,,4,https://docs.tibco.com/pub/spotfire-connector-for-cloudera-impala/tibco-spotfire-connector-for-cloudera-impala-2-2-0_documentation.zip | https://docs.tibco.com/pub/spotfire-connector-for-cloudera-impala/tibco-spotfire-connector-for-cloudera-impala-2-1-0_documentation.zip | https://docs.tibco.com/pub/spotfire-connector-for-cloudera-impala/tibco-spotfire-connector-for-cloudera-impala-2-0-0_documentation.zip | https://docs.tibco.com/pub/spotfire-connector-for-cloudera-impala/tibco-spotfire-connector-for-cloudera-impala-1-0-0_documentation.zip
tibco-spotfire-connector-for-hortonworks,TIBCO Spotfire® Connector for Hortonworks,https://docs.tibco.com/products/tibco-spotfire-connector-for-hortonworks,4,,0,,4,https://docs.tibco.com/pub/spotfire-connector-for-hortonworks/tibco-spotfire-connector-for-hortonworks-2-2-0_documentation.zip | https://docs.tibco.com/pub/spotfire-connector-for-hortonworks/tibco-spotfire-connector-for-hortonworks-2-1-0_documentation.zip | https://docs.tibco.com/pub/spotfire-connector-for-hortonworks/tibco-spotfire-connector-for-hortonworks-2-0-0_documentation.zip | https://docs.tibco.com/pub/spotfire-connector-for-hortonworks/tibco-spotfire-connector-for-hortonworks-1-0-0_documentation.zip
tibco-spotfire-connector-for-ibm-netezza,TIBCO Spotfire® Connector for IBM Netezza,https://docs.tibco.com/products/tibco-spotfire-connector-for-ibm-netezza,3,,0,,3,https://docs.tibco.com/pub/spotfire_connector_for_ibm_netezza/tibco-spotfire-connector-for-ibm-netezza-3-1-0_documentation.zip | https://docs.tibco.com/pub/spotfire_connector_for_ibm_netezza/tibco-spotfire-connector-for-ibm-netezza-3-0-0_documentation.zip | https://docs.tibco.com/pub/spotfire_connector_for_ibm_netezza/tibco-spotfire-connector-for-ibm-netezza-1-0-0_documentation.zip
tibco-spotfire-connector-for-oracle-essbase,TIBCO Spotfire® Connector for Oracle Essbase,https://docs.tibco.com/products/tibco-spotfire-connector-for-oracle-essbase,4,,0,,4,https://docs.tibco.com/pub/spc-oracleess/tibco-spotfire-connector-for-oracle-essbase-3-2-0_documentation.zip | https://docs.tibco.com/pub/spc-oracleess/tibco-spotfire-connector-for-oracle-essbase-3-1-0_documentation.zip | https://docs.tibco.com/pub/spotfire-connector-for-oracle-ess/tibco-spotfire-connector-for-oracle-essbase-3-0-0_documentation.zip | https://docs.tibco.com/pub/spotfire-connector-for-oracle-ess/tibco-spotfire-connector-for-oracle-essbase-2-0-0_documentation.zip
tibco-spotfire-connector-for-oracle-mysql,TIBCO Spotfire® Connector for Oracle MySQL,https://docs.tibco.com/products/tibco-spotfire-connector-for-oracle-mysql,3,,0,,3,https://docs.tibco.com/pub/spotfire_connector_for_oracle_mysql/tibco-spotfire-connector-for-oracle-mysql-3-1-0_documentation.zip | https://docs.tibco.com/pub/spotfire_connector_for_oracle_mysql/tibco-spotfire-connector-for-oracle-mysql-3-0-0_documentation.zip | https://docs.tibco.com/pub/spotfire_connector_for_oracle_mysql/tibco-spotfire-connector-for-oracle-mysql-1-0-0_documentation.zip
tibco-spotfire-connector-for-pipeline-pilot,TIBCO Spotfire® Connector for Pipeline Pilot,https://docs.tibco.com/products/tibco-spotfire-connector-for-pipeline-pilot,1,,1,https://docs.tibco.com/products/tibco-spotfire-connector-for-pipeline-pilot-1-0,0,
tibco-spotfire-connector-for-pivotal-greenplum,TIBCO Spotfire® Connector for Pivotal Greenplum,https://docs.tibco.com/products/tibco-spotfire-connector-for-pivotal-greenplum,3,,1,https://docs.tibco.com/products/tibco-spotfire-connector-for-pivotal-greenplum-1-0-0,2,https://docs.tibco.com/pub/spotfire-connector-for-pivotal-greenplum/tibco-spotfire-connector-for-pivotal-greenplum-2-1-0_documentation.zip | https://docs.tibco.com/pub/spotfire-connector-for-pivotal-greenplum/tibco-spotfire-connector-for-pivotal-greenplum-2-0-0_documentation.zip
tibco-spotfire-connector-for-postgresql,TIBCO Spotfire® Connector for PostgreSQL,https://docs.tibco.com/products/tibco-spotfire-connector-for-postgresql,3,,0,,3,https://docs.tibco.com/pub/spotfire_connector_for_postgresql/tibco-spotfire-connector-for-postgresql-3-1-0_documentation.zip | https://docs.tibco.com/pub/spotfire_connector_for_postgresql/tibco-spotfire-connector-for-postgresql-3-0-0_documentation.zip | https://docs.tibco.com/pub/spotfire_connector_for_postgresql/tibco-spotfire-connector-for-postgresql-1-0-0_documentation.zip
tibco-spotfire-connector-for-sap-bw,TIBCO Spotfire® Connector for SAP BW,https://docs.tibco.com/products/tibco-spotfire-connector-for-sap-bw,4,,0,,4,https://docs.tibco.com/pub/spotfire_connector_for_sap_bw/tibco-spotfire-connector-for-sap-bw-3-1-0_documentation.zip | https://docs.tibco.com/pub/spotfire_connector_for_sap_bw/tibco-spotfire-connector-for-sap-bw-3-0-0_documentation.zip | https://docs.tibco.com/pub/spotfire_connector_for_sap_bw/tibco-spotfire-connector-for-sap-bw-2-0-0_documentation.zip | https://docs.tibco.com/pub/spotfire_connector_for_sap_bw/tibco-spotfire-connector-for-sap-bw-1-0-0_documentation.zip
tibco-spotfire-connector-for-sap-hana,TIBCO Spotfire® Connector for SAP HANA,https://docs.tibco.com/products/tibco-spotfire-connector-for-sap-hana,3,,0,,3,https://docs.tibco.com/pub/spotfire-connector-for-sap-hana/tibco-spotfire-connector-for-sap-hana-2-1-0_documentation.zip | https://docs.tibco.com/pub/spotfire-connector-for-sap-hana/tibco-spotfire-connector-for-sap-hana-2-0-0_documentation.zip | https://docs.tibco.com/pub/spotfire-connector-for-sap-hana/tibco-spotfire-connector-for-sap-hana-1-0-0_documentation.zip
tibco-spotfire-connectors,TIBCO Spotfire® Connectors,https://docs.tibco.com/products/tibco-spotfire-connectors,4,,0,,4,https://docs.tibco.com/pub/spc/tibco-spotfire-connectors-7-6-1_documentation.zip | https://docs.tibco.com/pub/spc/tibco-spotfire-connectors-7-6-0_documentation.zip | https://docs.tibco.com/pub/spc/tibco-spotfire-connectors-4-5-0_documentation.zip | https://docs.tibco.com/pub/spc/tibco-spotfire-connectors-4-0-0_documentation.zip
tibco-spotfire-consumer,TIBCO Spotfire® Consumer,https://docs.tibco.com/products/tibco-spotfire-consumer,2,,0,,2,https://docs.tibco.com/pub/sfire-consumer/tibco-spotfire-consumer-7-9-0_documentation.zip | https://docs.tibco.com/pub/sfire-consumer/tibco-spotfire-consumer-7-8-0_documentation.zip
tibco-spotfire-data-science-package-for-notebooks,TIBCO Spotfire® Data Science Package for Notebooks,https://docs.tibco.com/products/tibco-spotfire-data-science-package-for-notebooks,2,,0,,2,https://docs.tibco.com/pub/sfire-dscpn/tibco-data-science-package-for-notebooks-6-5-0_documentation.zip | https://docs.tibco.com/pub/sfire-dscpn/tibco-spotfire-data-science-package-for-notebooks-6-4-0_documentation.zip
tibco-spotfire-data-source-for-activespaces,TIBCO Spotfire® Data Source for ActiveSpaces®,https://docs.tibco.com/products/tibco-spotfire-data-source-for-activespaces,2,,1,https://docs.tibco.com/products/tibco-spotfire-data-source-for-activespaces-1-0-0,1,https://docs.tibco.com/pub/spds-as/tibco-spotfire-data-source-for-activespaces-1-1-0_documentation.zip
tibco-spotfire-deployment-kit,TIBCO Spotfire® Deployment Kit,https://docs.tibco.com/products/tibco-spotfire-deployment-kit,44,,0,,44,https://docs.tibco.com/pub/sfire_deploy/tibco-spotfire-deployment-kit-10-2-0_documentation.zip | https://docs.tibco.com/pub/sfire_deploy/tibco-spotfire-deployment-kit-10-1-0_documentation.zip | https://docs.tibco.com/pub/sfire_deploy/tibco-spotfire-deployment-kit-10-0-0_documentation.zip | https://docs.tibco.com/pub/sfire_deploy/tibco-spotfire-deployment-kit-7-14-0_documentation.zip | https://docs.tibco.com/pub/sfire_deploy/tibco-spotfire-deployment-kit-7-13-0_documentation.zip | https://docs.tibco.com/pub/sfire_deploy/tibco-spotfire-deployment-kit-7-12-0_documentation.zip | https://docs.tibco.com/pub/sfire_deploy/tibco-spotfire-deployment-kit-7-11-1_documentation.zip | https://docs.tibco.com/pub/sfire_deploy/tibco-spotfire-deployment-kit-7-11-0_documentation.zip | https://docs.tibco.com/pub/sfire_deploy/tibco-spotfire-deployment-kit-7-10-2_documentation.zip | https://docs.tibco.com/pub/sfire_deploy/tibco-spotfire-deployment-kit-7-10-1_documentation.zip | https://docs.tibco.com/pub/sfire_deploy/tibco-spotfire-deployment-kit-7-10-0_documentation.zip | https://docs.tibco.com/pub/sfire_deploy/tibco-spotfire-deployment-kit-7-9-2_documentation.zip | https://docs.tibco.com/pub/sfire_deploy/tibco-spotfire-deployment-kit-7-9-1_documentation.zip | https://docs.tibco.com/pub/sfire_deploy/tibco-spotfire-deployment-kit-7-9-0_documentation.zip | https://docs.tibco.com/pub/sfire_deploy/tibco-spotfire-deployment-kit-7-8-1_documentation.zip | https://docs.tibco.com/pub/sfire_deploy/tibco-spotfire-deployment-kit-7-8-0_documentation.zip | https://docs.tibco.com/pub/sfire_deploy/tibco-spotfire-deployment-kit-7-7-1_documentation.zip | https://docs.tibco.com/pub/spotfire_deployment_kit/tibco-spotfire-deployment-kit-7-7-0_documentation.zip | https://docs.tibco.com/pub/sfire_deploy/tibco-spotfire-deployment-kit-7-6-1_documentation.zip | https://docs.tibco.com/pub/spotfire_deployment_kit/tibco-spotfire-deployment-kit-7-6-0_documentation.zip | https://docs.tibco.com/pub/sfire_deploy/tibco-spotfire-deployment-kit-7-5-1_documentation.zip | https://docs.tibco.com/pub/sfire_deploy/tibco-spotfire-deployment-kit-7-0-2_documentation.zip | https://docs.tibco.com/pub/sfire_deploy/tibco-spotfire-deployment-kit-6-5-4_documentation.zip | https://docs.tibco.com/pub/spotfire_deployment_kit/tibco-spotfire-deployment-kit-6-5-0_documentation.zip | https://docs.tibco.com/pub/spotfire_deployment_kit/tibco-spotfire-deployment-kit-6-0-1_documentation.zip | https://docs.tibco.com/pub/spotfire_deployment_kit/tibco-spotfire-deployment-kit-5-5-1_documentation.zip | https://docs.tibco.com/pub/spotfire_deployment_kit/tibco-spotfire-deployment-kit-5-0-2_documentation.zip | https://docs.tibco.com/pub/spotfire_deployment_kit/tibco-spotfire-deployment-kit-5-0-0_documentation.zip | https://docs.tibco.com/pub/spotfire_deployment_kit/tibco-spotfire-deployment-kit-4-5-2_documentation.zip | https://docs.tibco.com/pub/spotfire_deployment_kit/tibco-spotfire-deployment-kit-4-5-0_documentation.zip | https://docs.tibco.com/pub/spotfire_deployment_kit/tibco-spotfire-deployment-kit-4-0-4_documentation.zip | https://docs.tibco.com/pub/spotfire_deployment_kit/tibco-spotfire-deployment-kit-4-0-2_documentation.zip | https://docs.tibco.com/pub/spotfire_deployment_kit/tibco-spotfire-deployment-kit-4-0-1_documentation.zip | https://docs.tibco.com/pub/spotfire_deployment_kit/tibco-spotfire-deployment-kit-4-0-0_documentation.zip | https://docs.tibco.com/pub/spotfire_deployment_kit/tibco-spotfire-deployment-kit-3-3-2_documentation.zip | https://docs.tibco.com/pub/spotfire_deployment_kit/tibco-spotfire-deployment-kit-3-3-1_documentation.zip | https://docs.tibco.com/pub/spotfire_deployment_kit/tibco-spotfire-deployment-kit-3-3-0_documentation.zip | https://docs.tibco.com/pub/spotfire_deployment_kit/tibco-spotfire-deployment-kit-3-2-2_documentation.zip | https://docs.tibco.com/pub/spotfire_deployment_kit/tibco-spotfire-deployment-kit-3-2-1_documentation.zip | https://docs.tibco.com/pub/spotfire_deployment_kit/tibco-spotfire-deployment-kit-3-2-0_documentation.zip | https://docs.tibco.com/pub/spotfire_deployment_kit/tibco-spotfire-deployment-kit-3-1-1_documentation.zip | https://docs.tibco.com/pub/spotfire_deployment_kit/tibco-spotfire-deployment-kit-3-1-0_documentation.zip | https://docs.tibco.com/pub/spotfire_deployment_kit/tibco-spotfire-deployment-kit-3-0-0_documentation.zip | https://docs.tibco.com/pub/spotfire_deployment_kit/tibco-spotfire-deployment-kit-2-2-0_documentation.zip
tibco-spotfire-deployment-kit-for-apple-ios,TIBCO Spotfire® Deployment Kit for Apple iOS,https://docs.tibco.com/products/tibco-spotfire-deployment-kit-for-apple-ios,29,,1,https://docs.tibco.com/products/spotfire-deployment-kit-for-apple-ios-2-14-0,28,https://docs.tibco.com/pub/sf_ipad_deploykit/tibco-spotfire-deployment-kit-for-apple-ios-2-13-0_documentation.zip | https://docs.tibco.com/pub/sf_ipad_deploykit/tibco-spotfire-deployment-kit-for-apple-ios-2-11-3_documentation.zip | https://docs.tibco.com/pub/sf_ipad_deploykit/tibco-spotfire-deployment-kit-for-apple-ios-2-11-2_documentation.zip | https://docs.tibco.com/pub/sf_ipad_deploykit/tibco-spotfire-deployment-kit-for-apple-ios-2-11-0_documentation.zip | https://docs.tibco.com/pub/sf_ipad_deploykit/tibco-spotfire-deployment-kit-for-apple-ios-2-10-1_documentation.zip | https://docs.tibco.com/pub/sf_ipad_deploykit/tibco-spotfire-deployment-kit-for-apple-ios-2-10-0_documentation.zip | https://docs.tibco.com/pub/sf_ipad_deploykit/tibco-spotfire-deployment-kit-for-apple-ios-2-9-3_documentation.zip | https://docs.tibco.com/pub/sf_ipad_deploykit/tibco-spotfire-deployment-kit-for-apple-ios-2-9-2_documentation.zip | https://docs.tibco.com/pub/sf_ipad_deploykit/tibco-spotfire-deployment-kit-for-apple-ios-2-9-1_documentation.zip | https://docs.tibco.com/pub/sf_ipad_deploykit/tibco-spotfire-deployment-kit-for-apple-ios-2-9-0_documentation.zip | https://docs.tibco.com/pub/sf_ipad_deploykit/tibco-spotfire-deployment-kit-for-apple-ios-2-8-0_documentation.zip | https://docs.tibco.com/pub/spotfire_deployment_kit_apple_ipad/tibco-spotfire-deployment-kit-for-apple-ios-2-7-5_documentation.zip | https://docs.tibco.com/pub/spotfire_deployment_kit_apple_ipad/tibco-spotfire-deployment-kit-for-apple-ipad-2-7-4_documentation.zip | https://docs.tibco.com/pub/spotfire_deployment_kit_apple_ipad/tibco-spotfire-deployment-kit-for-apple-ipad-2-7-3_documentation.zip | https://docs.tibco.com/pub/spotfire_deployment_kit_apple_ipad/tibco-spotfire-deployment-kit-for-apple-ipad-2-7-2_documentation.zip | https://docs.tibco.com/pub/spotfire_deployment_kit_apple_ipad/tibco-spotfire-deployment-kit-for-apple-ipad-2-7-1_documentation.zip | https://docs.tibco.com/pub/spotfire_deployment_kit_apple_ipad/tibco-spotfire-deployment-kit-for-apple-ipad-2-7-0_documentation.zip | https://docs.tibco.com/pub/spotfire_deployment_kit_apple_ipad/tibco-spotfire-deployment-kit-for-apple-ipad-2-6-0_documentation.zip | https://docs.tibco.com/pub/spotfire_deployment_kit_apple_ipad/tibco-spotfire-deployment-kit-for-apple-ipad-2-5-5_documentation.zip | https://docs.tibco.com/pub/spotfire_deployment_kit_apple_ipad/tibco-spotfire-deployment-kit-for-apple-ipad-2-5-4_documentation.zip | https://docs.tibco.com/pub/spotfire_deployment_kit_apple_ipad/tibco-spotfire-deployment-kit-for-apple-ipad-2-5-2_documentation.zip | https://docs.tibco.com/pub/spotfire_deployment_kit_apple_ipad/tibco-spotfire-deployment-kit-for-apple-ipad-2-0-9_documentation.zip | https://docs.tibco.com/pub/spotfire_deployment_kit_apple_ipad/tibco-spotfire-deployment-kit-for-apple-ipad-2-0-7_documentation.zip | https://docs.tibco.com/pub/spotfire_deployment_kit_apple_ipad/tibco-spotfire-deployment-kit-for-apple-ipad-2-0-6_documentation.zip | https://docs.tibco.com/pub/spotfire_deployment_kit_apple_ipad/tibco-spotfire-deployment-kit-for-apple-ipad-2-0-5_documentation.zip | https://docs.tibco.com/pub/spotfire_deployment_kit_apple_ipad/tibco-spotfire-deployment-kit-for-apple-ipad-2-0-4_documentation.zip | https://docs.tibco.com/pub/spotfire_deployment_kit_apple_ipad/tibco-spotfire-deployment-kit-for-apple-ipad-2-0-3_documentation.zip | https://docs.tibco.com/pub/spotfire_deployment_kit_apple_ipad/tibco-spotfire-deployment-kit-for-apple-ipad-2-0-2_documentation.zip
tibco-spotfire-developer,TIBCO Spotfire® Developer,https://docs.tibco.com/products/tibco-spotfire-developer,1,,1,https://docs.tibco.com/products/tibco-spotfire-developer,0,
tibco-spotfire-extension-for-openspirit,TIBCO Spotfire® Extension for OpenSpirit®,https://docs.tibco.com/products/tibco-spotfire-extension-for-openspirit,3,,0,,3,https://docs.tibco.com/pub/os-sfext/tibco-spotfire-extension-for-openspirit-1-2-0_documentation.zip | https://docs.tibco.com/pub/openspirit-spotfire-extension/tibco-spotfire-extension-for-openspirit-1-1-0_documentation.zip | https://docs.tibco.com/pub/openspirit-spotfire-extension/tibco-spotfire-extension-for-openspirit-1-0-0_documentation.zip
tibco-spotfire-for-apple-ipad,TIBCO Spotfire® for Apple iPad,https://docs.tibco.com/products/tibco-spotfire-for-apple-ipad,1,,0,,0,
tibco-spotfire-general,TIBCO Spotfire® General,https://docs.tibco.com/products/tibco-spotfire-general,1,,1,https://docs.tibco.com/products/tibco-spotfire-general,0,
tibco-spotfire-lead-discovery,TIBCO Spotfire® Lead Discovery,https://docs.tibco.com/products/tibco-spotfire-lead-discovery,4,,1,https://docs.tibco.com/products/tibco-spotfire-lead-discovery-4-0,3,https://docs.tibco.com/pub/spotfire_lead_discovery/tibco-spotfire-lead-discovery-4-5-0_documentation.zip | https://docs.tibco.com/pub/spotfire_lead_discovery/tibco-spotfire-lead-discovery-4-0-1_documentation.zip | https://docs.tibco.com/pub/spotfire_lead_discovery/tibco-spotfire-lead-discovery-2-1_documentation.zip
tibco-spotfire-metrics-modeler,TIBCO Spotfire® Metrics Modeler,https://docs.tibco.com/products/tibco-spotfire-metrics-modeler,3,,0,,3,https://docs.tibco.com/pub/spotfire_metrics_modeler/tibco-spotfire-metrics-modeler-6-5-1_documentation.zip | https://docs.tibco.com/pub/spotfire_metrics_modeler/tibco-spotfire-metrics-modeler-6-5-0_documentation.zip | https://docs.tibco.com/pub/spotfire_metrics_modeler/tibco-spotfire-metrics-modeler-6-0-0_documentation.zip
tibco-spotfire-metrics-services,TIBCO Spotfire® Metrics Services,https://docs.tibco.com/products/tibco-spotfire-metrics-services,3,,0,,3,https://docs.tibco.com/pub/spotfire_metrics_services/tibco-spotfire-metrics-services-6-5-1_documentation.zip | https://docs.tibco.com/pub/spotfire_metrics_services/tibco-spotfire-metrics-services-6-5-0_documentation.zip | https://docs.tibco.com/pub/spotfire_metrics_services/tibco-spotfire-metrics-services-6-0-0_documentation.zip
tibco-spotfire-network-analytics,TIBCO Spotfire® Network Analytics,https://docs.tibco.com/products/tibco-spotfire-network-analytics,3,,0,,3,https://docs.tibco.com/pub/spot_network_analytics/tibco-spotfire-network-analytics-1-1-2_documentation.zip | https://docs.tibco.com/pub/spotfire_network_analytics/tibco-spotfire-network-analytics-1-1-1_documentation.zip | https://docs.tibco.com/pub/spotfire_network_analytics/tibco-spotfire-network-analytics-1-1_documentation.zip
tibco-spotfire-operations-analytics,TIBCO Spotfire® Operations Analytics,https://docs.tibco.com/products/tibco-spotfire-operations-analytics,1,,0,,1,https://docs.tibco.com/pub/spotfire_operations_analytics/tibco-spotfire-operations-analytics-1-1_documentation.zip
tibco-spotfire-professional,TIBCO Spotfire® Professional,https://docs.tibco.com/products/tibco-spotfire-professional,19,,0,,19,https://docs.tibco.com/pub/spotfire/tibco-spotfire-professional-7-0-2_documentation.zip | https://docs.tibco.com/pub/spotfire/tibco-spotfire-professional-7-0-1_documentation.zip | https://docs.tibco.com/pub/spotfire/tibco-spotfire-professional-7-0-0_documentation.zip | https://docs.tibco.com/pub/spotfire/tibco-spotfire-professional-6-5-4_documentation.zip | https://docs.tibco.com/pub/spotfire/tibco-spotfire-professional-6-5-3_documentation.zip | https://docs.tibco.com/pub/spotfire/tibco-spotfire-professional-6-5-2_documentation.zip | https://docs.tibco.com/pub/spotfire/tibco-spotfire-professional-6-5-1_documentation.zip | https://docs.tibco.com/pub/spotfire/tibco-spotfire-professional-6-5-0_documentation.zip | https://docs.tibco.com/pub/spotfire/tibco-spotfire-professional-6-0-3_documentation.zip | https://docs.tibco.com/pub/spotfire/tibco-spotfire-professional-6-0-2_documentation.zip | https://docs.tibco.com/pub/spotfire/tibco-spotfire-professional-6-0-0_documentation.zip | https://docs.tibco.com/pub/spotfire/tibco-spotfire-5-5-0_documentation.zip | https://docs.tibco.com/pub/spotfire/tibco-spotfire-5-0-1_documentation.zip | https://docs.tibco.com/pub/spotfire/tibco-spotfire-5-0-0_documentation.zip | https://docs.tibco.com/pub/spotfire/tibco-spotfire-4-5-1_documentation.zip | https://docs.tibco.com/pub/spotfire/tibco-spotfire-4-0-3_documentation.zip | https://docs.tibco.com/pub/spotfire/tibco-spotfire-4-0-2_documentation.zip | https://docs.tibco.com/pub/spotfire/tibco-spotfire-4-0-1_documentation.zip | https://docs.tibco.com/pub/spotfire/tibco-spotfire-3-3-3_documentation.zip
tibco-spotfire-qualification,TIBCO Spotfire® Qualification,https://docs.tibco.com/products/tibco-spotfire-qualification,12,,0,,12,https://docs.tibco.com/pub/sfire_qual/tibco-spotfire-qualification-10-2-0_documentation.zip | https://docs.tibco.com/pub/sfire_qual/tibco-spotfire-qualification-10-1-0_documentation.zip | https://docs.tibco.com/pub/sfire_qual/tibco-spotfire-qualification-10-0-0_documentation.zip | https://docs.tibco.com/pub/sfire_qual/tibco-spotfire-qualification-7-14-0_documentation.zip | https://docs.tibco.com/pub/sfire_qual/tibco-spotfire-qualification-7-13-0_documentation.zip | https://docs.tibco.com/pub/sfire_qual/tibco-spotfire-qualification-7-12-0_documentation.zip | https://docs.tibco.com/pub/sfire_qual/tibco-spotfire-qualification-7-11-0_documentation.zip | https://docs.tibco.com/pub/sfire_qual/tibco-spotfire-qualification-7-10-1_documentation.zip | https://docs.tibco.com/pub/sfire_qual/tibco-spotfire-qualification-7-10-0_documentation.zip | https://docs.tibco.com/pub/sfire_qual/tibco-spotfire-qualification-7-9-1_documentation.zip | https://docs.tibco.com/pub/sfire_qual/tibco-spotfire-qualification-7-9-0_documentation.zip | https://docs.tibco.com/pub/sfire_qual/tibco-spotfire-qualification-7-8-0_documentation.zip
tibco-spotfire-s,TIBCO Spotfire® S+,https://docs.tibco.com/products/tibco-spotfire-s,1,,0,,1,https://docs.tibco.com/pub/spotfire_s_plus/tibco-spotfire-s-8-2-0_documentation.zip
tibco-spotfire-web-player,TIBCO Spotfire® Web Player,https://docs.tibco.com/products/tibco-spotfire-web-player,34,,0,,34,https://docs.tibco.com/pub/sfire_webp/tibco-spotfire-web-player-7-0-2_documentation.zip | https://docs.tibco.com/pub/spotfire_web_player/tibco-spotfire-web-player-7-0-1_documentation.zip | https://docs.tibco.com/pub/spotfire_web_player/tibco-spotfire-web-player-7-0-0_documentation.zip | https://docs.tibco.com/pub/sfire_webp/tibco-spotfire-web-player-6-5-4_documentation.zip | https://docs.tibco.com/pub/spotfire_web_player/tibco-spotfire-web-player-6-5-3_documentation.zip | https://docs.tibco.com/pub/spotfire_web_player/tibco-spotfire-web-player-6-5-2_documentation.zip | https://docs.tibco.com/pub/spotfire_web_player/tibco-spotfire-web-player-6-5-1_documentation.zip | https://docs.tibco.com/pub/spotfire_web_player/tibco-spotfire-web-player-6-5-0_documentation.zip | https://docs.tibco.com/pub/spotfire_web_player/tibco-spotfire-web-player-6-0-3_documentation.zip | https://docs.tibco.com/pub/spotfire_web_player/tibco-spotfire-web-player-6-0-1_documentation.zip | https://docs.tibco.com/pub/spotfire_web_player/tibco-spotfire-web-player-6-0-0_documentation.zip | https://docs.tibco.com/pub/spotfire_web_player/tibco-spotfire-web-player-5-5-1_documentation.zip | https://docs.tibco.com/pub/spotfire_web_player/tibco-spotfire-web-player-5-5-0_documentation.zip | https://docs.tibco.com/pub/spotfire_web_player/tibco-spotfire-web-player-5-0-2_documentation.zip | https://docs.tibco.com/pub/spotfire_web_player/tibco-spotfire-web-player-5-0-1_documentation.zip | https://docs.tibco.com/pub/spotfire_web_player/tibco-spotfire-web-player-5-0-0_documentation.zip | https://docs.tibco.com/pub/spotfire_web_player/tibco-spotfire-web-player-4-5-2_documentation.zip | https://docs.tibco.com/pub/spotfire_web_player/tibco-spotfire-web-player-4-5-1_documentation.zip | https://docs.tibco.com/pub/spotfire_web_player/tibco-spotfire-web-player-4-5-0_documentation.zip | https://docs.tibco.com/pub/spotfire_web_player/tibco-spotfire-web-player-4-0-4_documentation.zip | https://docs.tibco.com/pub/spotfire_web_player/tibco-spotfire-web-player-4-0-3_documentation.zip | https://docs.tibco.com/pub/spotfire_web_player/tibco-spotfire-web-player-4-0-2_documentation.zip | https://docs.tibco.com/pub/spotfire_web_player/tibco-spotfire-web-player-4-0-1_documentation.zip | https://docs.tibco.com/pub/spotfire_web_player/tibco-spotfire-web-player-4-0-0_documentation.zip | https://docs.tibco.com/pub/spotfire_web_player/tibco-spotfire-web-player-3-3-3_documentation.zip | https://docs.tibco.com/pub/spotfire_web_player/tibco-spotfire-web-player-3-3-2_documentation.zip | https://docs.tibco.com/pub/spotfire_web_player/tibco-spotfire-web-player-3-3-0_documentation.zip | https://docs.tibco.com/pub/spotfire_web_player/tibco-spotfire-web-player-3-2-2_documentation.zip | https://docs.tibco.com/pub/spotfire_web_player/tibco-spotfire-web-player-3-2-1_documentation.zip | https://docs.tibco.com/pub/spotfire_web_player/tibco-spotfire-web-player-3-2-0_documentation.zip | https://docs.tibco.com/pub/spotfire_web_player/tibco-spotfire-web-player-3-1-1_documentation.zip | https://docs.tibco.com/pub/spotfire_web_player/tibco-spotfire-web-player-3-1-0_documentation.zip | https://docs.tibco.com/pub/spotfire_web_player/tibco-spotfire-web-player-3-0-0_documentation.zip | https://docs.tibco.com/pub/spotfire_web_player/tibco-spotfire-web-player-2-2-0_documentation.zip
tibco-statistica-document-management-system,TIBCO Statistica® Document Management System,https://docs.tibco.com/products/tibco-statistica-document-management-system,5,,0,,5,https://docs.tibco.com/pub/stat-dms/tibco-statistica-document-management-system-13-6-0_documentation.zip | https://docs.tibco.com/pub/stat-dms/tibco-statistica-document-management-system-13-5-0_documentation.zip | https://docs.tibco.com/pub/stat-dms/tibco-statistica-document-management-system-13-4-0_documentation.zip | https://docs.tibco.com/pub/stat-dms/tibco-statistica-document-management-system-13-3-1_documentation.zip | https://docs.tibco.com/pub/stat-dms/tibco-statistica-document-management-system-13-3-0_documentation.zip
tibco-statistica-language-packs,TIBCO Statistica® Language Packs,https://docs.tibco.com/products/tibco-statistica-language-packs,3,,3,https://docs.tibco.com/products/tibco-statistica-language-packs-14-1-0 | https://docs.tibco.com/products/tibco-statistica-language-packs-13-5-0 | https://docs.tibco.com/products/tibco-statistica-language-packs-14-0-0,0,
tibco-streambase,TIBCO StreamBase®,https://docs.tibco.com/products/tibco-streambase,21,,0,,21,https://docs.tibco.com/pub/sb-cep/tibco-streambase-10-3-0_documentation.zip | https://docs.tibco.com/pub/sb-cep/tibco-streambase-10-2-1_documentation.zip | https://docs.tibco.com/pub/sb-cep/tibco-streambase-10-2-0_documentation.zip | https://docs.tibco.com/pub/sb-cep/tibco-streambase-7-7-8_documentation.zip | https://docs.tibco.com/pub/sb-cep/tibco-streambase-7-7-7_documentation.zip | https://docs.tibco.com/pub/sb-cep/tibco-streambase-7-7-6_documentation.zip | https://docs.tibco.com/pub/sb-cep/tibco-streambase-7-7-5_documentation.zip | https://docs.tibco.com/pub/sb-cep/tibco-streambase-7-7-4_documentation.zip | https://docs.tibco.com/pub/sb-cep/tibco-streambase-7-7-3_documentation.zip | https://docs.tibco.com/pub/sb-cep/tibco-streambase-7-7-2_documentation.zip | https://docs.tibco.com/pub/sb-cep/tibco-streambase-7-7-1_documentation.zip | https://docs.tibco.com/pub/sb-cep/tibco-streambase-7-7-0_documentation.zip | https://docs.tibco.com/pub/sb-cep/tibco-streambase-7-6-8_documentation.zip | https://docs.tibco.com/pub/sb-cep/tibco-streambase-7-6-7_documentation.zip | https://docs.tibco.com/pub/streambase_cep/tibco-streambase-7-6-6_documentation.zip | https://docs.tibco.com/pub/streambase_cep/tibco-streambase-7-6-5_documentation.zip | https://docs.tibco.com/pub/streambase_cep/tibco-streambase-7-6-4_documentation.zip | https://docs.tibco.com/pub/streambase_cep/tibco-streambase-7-6-3_documentation.zip | https://docs.tibco.com/pub/streambase_cep/tibco-streambase-7-6-2_documentation.zip | https://docs.tibco.com/pub/streambase_cep/tibco-streambase-7-6-1_documentation.zip | https://docs.tibco.com/pub/streambase_cep/tibco-streambase-7-6-0_documentation.zip
tibco-streambase-adapter-for-apache-flume,TIBCO StreamBase® Adapter for Apache Flume,https://docs.tibco.com/products/tibco-streambase-adapter-for-apache-flume,2,,0,,2,https://docs.tibco.com/emp/sb-ad-flume/tibco-streambase-adapter-for-apache-flume-7-6-8_documentation.zip | https://docs.tibco.com/emp/sb-ad-flume/tibco-streambase-adapter-for-apache-flume-7-6-7_documentation.zip
tibco-streambase-add-in-for-microsoft-excel,TIBCO StreamBase® Add-in for Microsoft Excel,https://docs.tibco.com/products/tibco-streambase-add-in-for-microsoft-excel,5,,0,,5,https://docs.tibco.com/pub/sb-addin-exc/tibco-streambase-add-in-for-microsoft-excel-2-7-0_documentation.zip | https://docs.tibco.com/pub/sb-addin-exc/tibco-streambase-add-in-for-microsoft-excel-2-6-0_documentation.zip | https://docs.tibco.com/pub/sb-addin-exc/tibco-streambase-add-in-for-microsoft-excel-2-5-1_documentation.zip | https://docs.tibco.com/pub/sb-addin-exc/tibco-streambase-add-in-for-microsoft-excel-2-4-0_documentation.zip | https://docs.tibco.com/pub/sb-addin-exc/tibco-streambase-add-in-for-microsoft-excel-2-3-0_documentation.zip
tibco-streambase-cep-connectivity-package,TIBCO StreamBase® CEP Connectivity Package,https://docs.tibco.com/products/tibco-streambase-cep-connectivity-package,8,,0,,8,https://docs.tibco.com/pub/sb-cep-conn/tibco-streambase-cep-connectivity-package-7-7-5_documentation.zip | https://docs.tibco.com/pub/sb-cep-conn/tibco-streambase-cep-connectivity-package-7-7-4_documentation.zip | https://docs.tibco.com/pub/sb-cep-conn/tibco-streambase-cep-connectivity-package-7-7-3_documentation.zip | https://docs.tibco.com/pub/sb-cep-conn/tibco-streambase-cep-connectivity-package-7-7-2_documentation.zip | https://docs.tibco.com/pub/sb-cep-conn/tibco-streambase-cep-connectivity-package-7-7-1_documentation.zip | https://docs.tibco.com/pub/sb-cep-conn/tibco-streambase-cep-connectivity-package-7-7-0_documentation.zip | https://docs.tibco.com/pub/sb-cep-conn/tibco-streambase-cep-connectivity-package-7-6-8_documentation.zip | https://docs.tibco.com/pub/sb-cep-conn/tibco-streambase-cep-connectivity-package-7-6-7_documentation.zip
tibco-streambase-high-performance-fix-engine,TIBCO StreamBase® High-Performance FIX Engine,https://docs.tibco.com/products/tibco-streambase-high-performance-fix-engine,36,,10,https://docs.tibco.com/products/tibco-streambase-high-performance-fix-engine-11-0-1 | https://docs.tibco.com/products/tibco-streambase-high-performance-fix-engine-10-6-4 | https://docs.tibco.com/products/spotfire-streambase-high-performance-fix-engine-11-1-0 | https://docs.tibco.com/products/spotfire-streambase-high-performance-fix-engine-10-6-5 | https://docs.tibco.com/products/spotfire-streambase-high-performance-fix-engine-10-6-6 | https://docs.tibco.com/products/spotfire-streambase-high-performance-fix-engine-11-1-1 | https://docs.tibco.com/products/tibco-streambase-high-performance-fix-engine-11-2-0 | https://docs.tibco.com/products/tibco-streambase-high-performance-fix-engine-11-2-1 | https://docs.tibco.com/products/tibco-streambase-high-performance-fix-engine-11-1-2 | https://docs.tibco.com/products/tibco-streambase-high-performance-fix-engine-11-1-3,26,https://docs.tibco.com/pub/sb-hp-fix/tibco-streambase-high-performance-fix-engine-11-0-0_documentation.zip | https://docs.tibco.com/pub/sb-hp-fix/tibco-streambase-high-performance-fix-engine-10-6-3_documentation.zip | https://docs.tibco.com/pub/sb-hp-fix/tibco-streambase-high-performance-fix-engine-10-6-2_documentation.zip | https://docs.tibco.com/pub/sb-hp-fix/tibco-streambase-high-performance-fix-engine-10-6-1_documentation.zip | https://docs.tibco.com/pub/sb-hp-fix/tibco-streambase-high-performance-fix-engine-10-6-0_documentation.zip | https://docs.tibco.com/pub/sb-hp-fix/tibco-streambase-high-performance-fix-engine-10-5-0_documentation.zip | https://docs.tibco.com/pub/sb-hp-fix/tibco-streambase-high-performance-fix-engine-10-4-5_documentation.zip | https://docs.tibco.com/pub/sb-hp-fix/tibco-streambase-high-performance-fix-engine-10-4-4_documentation.zip | https://docs.tibco.com/pub/sb-hp-fix/tibco-streambase-high-performance-fix-engine-10-4-3_documentation.zip | https://docs.tibco.com/pub/sb-hp-fix/tibco-streambase-high-performance-fix-engine-10-4-2_documentation.zip | https://docs.tibco.com/pub/sb-hp-fix/tibco-streambase-high-performance-fix-engine-10-4-1_documentation.zip | https://docs.tibco.com/pub/sb-hp-fix/tibco-streambase-high-performance-fix-engine-10-4-0_documentation.zip | https://docs.tibco.com/pub/sb-hp-fix/tibco-streambase-high-performance-fix-engine-10-3-0_documentation.zip | https://docs.tibco.com/pub/sb-hp-fix/tibco-streambase-high-performance-fix-engine-10-2-1_documentation.zip | https://docs.tibco.com/pub/sb-hp-fix/tibco-streambase-high-performance-fix-engine-10-2-0_documentation.zip | https://docs.tibco.com/pub/sb-hp-fix/tibco-streambase-high-performance-fix-engine-7-7-8_documentation.zip | https://docs.tibco.com/pub/sb-hp-fix/tibco-streambase-high-performance-fix-engine-7-7-7_documentation.zip | https://docs.tibco.com/pub/sb-hp-fix/tibco-streambase-high-performance-fix-engine-7-7-6_documentation.zip | https://docs.tibco.com/pub/sb-hp-fix/tibco-streambase-high-performance-fix-engine-7-7-5_documentation.zip | https://docs.tibco.com/pub/sb-hp-fix/tibco-streambase-high-performance-fix-engine-7-7-4_documentation.zip | https://docs.tibco.com/pub/sb-hp-fix/tibco-streambase-high-performance-fix-engine-7-7-3_documentation.zip | https://docs.tibco.com/pub/sb-hp-fix/tibco-streambase-high-performance-fix-engine-7-7-2_documentation.zip | https://docs.tibco.com/pub/sb-hp-fix/tibco-streambase-high-performance-fix-engine-7-7-1_documentation.zip | https://docs.tibco.com/pub/sb-hp-fix/tibco-streambase-high-performance-fix-engine-7-7-0_documentation.zip | https://docs.tibco.com/pub/sb-hp-fix/tibco-streambase-high-performance-fix-engine-7-6-8_documentation.zip | https://docs.tibco.com/pub/sb-hp-fix/tibco-streambase-high-performance-fix-engine-7-6-7_documentation.zip
tibco-streambase-standard-edition,TIBCO StreamBase® Standard Edition,https://docs.tibco.com/products/tibco-streambase-standard-edition,1,,0,,1,https://docs.tibco.com/pub/sb-cep-std/tibco-streambase-standard-edition-7-7-4_documentation.zip
tibco-substation-es,TIBCO Substation ES™,https://docs.tibco.com/products/tibco-substation-es,12,,0,,12,https://docs.tibco.com/pub/substation/tibco-substation-es-2-14-0_documentation.zip | https://docs.tibco.com/pub/substation/tibco-substation-es-2-13-0_documentation.zip | https://docs.tibco.com/pub/substation/tibco-substation-es-2-12-1_documentation.zip | https://docs.tibco.com/pub/substation/tibco-substation-es-2-12-0_documentation.zip | https://docs.tibco.com/pub/substation/tibco-substation-es-2-11-1_documentation.zip | https://docs.tibco.com/pub/substation/tibco-substation-es-2-11-0_documentation.zip | https://docs.tibco.com/pub/substation/tibco-substation-es-2-10-0_documentation.zip | https://docs.tibco.com/pub/substation/tibco-substation-es-2-9-0_documentation.zip | https://docs.tibco.com/pub/substation_es/tibco-substation-es-2-8-1_documentation.zip | https://docs.tibco.com/pub/substation_es/tibco-substation-es-2-8-0_documentation.zip | https://docs.tibco.com/pub/substation_es/tibco-substation-es-2-7-0_documentation.zip | https://docs.tibco.com/pub/substation_es/tibco-substation-es-2-6-0_documentation.zip
tibco-transaction-interface-for-cics,TIBCO Transaction Interface™ for CICS,https://docs.tibco.com/products/tibco-transaction-interface-for-cics,8,,0,,8,https://docs.tibco.com/pub/substation-cics/tibco-transaction-interface-for-cics-2-14-0_documentation.zip | https://docs.tibco.com/pub/substation-cics/tibco-transaction-interface-for-cics-2-13-0_documentation.zip | https://docs.tibco.com/pub/substation-cics/tibco-transaction-interface-for-cics-2-12-1_documentation.zip | https://docs.tibco.com/pub/substation-cics/tibco-transaction-interface-for-cics-2-12-0_documentation.zip | https://docs.tibco.com/pub/substation-cics/tibco-transaction-interface-for-cics-2-11-1_documentation.zip | https://docs.tibco.com/pub/substation-cics/tibco-transaction-interface-for-cics-2-11-0_documentation.zip | https://docs.tibco.com/pub/substation-cics/tibco-transaction-interface-for-cics-2-10-0_documentation.zip | https://docs.tibco.com/pub/transaction-interface-for-cics/tibco-transaction-interface-for-cics-2-9-0_documentation.zip
tibco-transaction-interface-for-ims,TIBCO Transaction Interface™ for IMS,https://docs.tibco.com/products/tibco-transaction-interface-for-ims,6,,6,https://docs.tibco.com/products/tibco-transaction-interface-for-ims-2-14-0 | https://docs.tibco.com/products/tibco-transaction-interface-for-ims-2-9-0 | https://docs.tibco.com/products/tibco-transaction-interface-for-ims-2-10-0 | https://docs.tibco.com/products/tibco-transaction-interface-for-ims-2-11-0 | https://docs.tibco.com/products/tibco-transaction-interface-for-ims-2-12-0 | https://docs.tibco.com/products/tibco-transaction-interface-for-ims-2-13-0,0,
tibco-transaction-interface-for-red,TIBCO Transaction Interface™ for RED,https://docs.tibco.com/products/tibco-transaction-interface-for-red,8,,0,,8,https://docs.tibco.com/emp/substation-red/tibco-transaction-interface-for-red-2-14-0_documentation.zip | https://docs.tibco.com/emp/substation-red/tibco-transaction-interface-for-red-2-13-0_documentation.zip | https://docs.tibco.com/emp/substation-red/tibco-transaction-interface-for-red-2-12-1_documentation.zip | https://docs.tibco.com/emp/substation-red/tibco-transaction-interface-for-red-2-12-0_documentation.zip | https://docs.tibco.com/emp/substation-red/tibco-transaction-interface-for-red-2-11-1_documentation.zip | https://docs.tibco.com/emp/substation-red/tibco-transaction-interface-for-red-2-11-0_documentation.zip | https://docs.tibco.com/emp/substation-red/tibco-transaction-interface-for-red-2-0-0_documentation.zip | https://docs.tibco.com/emp/substation-red/tibco-transaction-interface-for-red-1-0-0_documentation.zip
tibco-activation-service,TIBCO® Activation Service,https://docs.tibco.com/products/tibco-activation-service,2,,2,https://docs.tibco.com/products/tibco-activation-service-1-1-0 | https://docs.tibco.com/products/tibco-activation-service-1-0-0,0,
tibco-adapter-for-files-ibm-i,TIBCO® Adapter for Files (IBM i),https://docs.tibco.com/products/tibco-adapter-for-files-ibm-i,3,,0,,3,https://docs.tibco.com/pub/fa/tibco-adapter-for-files-ibm-i-5-0-1_documentation.zip | https://docs.tibco.com/pub/fa/tibco-adapter-for-files-ibm-i-5-0-0_documentation.zip | https://docs.tibco.com/pub/adapter-for-files-ibm-i/tibco-adapter-for-files-ibm-i-4-7_documentation.zip
tibco-adapter-migration,TIBCO® Adapter Migration,https://docs.tibco.com/products/tibco-adapter-migration,3,,3,https://docs.tibco.com/products/tibco-adapter-migration-1-8-1 | https://docs.tibco.com/products/tibco-adapter-migration-1-7-0 | https://docs.tibco.com/products/tibco-adapter-migration-1-8-0,0,
tibco-adapter-sdk,TIBCO® Adapter SDK,https://docs.tibco.com/products/tibco-adapter-sdk,2,,1,https://docs.tibco.com/products/tibco-adapter-sdk-5-8-0,1,https://docs.tibco.com/pub/adapter_sdk/tibco-adapter-sdk-5-7-0_documentation.zip
tibco-analytics,TIBCO® Analytics,https://docs.tibco.com/products/tibco-analytics,30,,0,,30,https://docs.tibco.com/pub/sfire-analyst-suite/tibco-analytics-10-6-1_documentation.zip | https://docs.tibco.com/pub/sfire-analyst-suite/tibco-analytics-10-6-0_documentation.zip | https://docs.tibco.com/pub/sfire-analyst-suite/tibco-analytics-10-5-0_documentation.zip | https://docs.tibco.com/pub/sfire-analyst-suite/tibco-analytics-10-4-0_documentation.zip | https://docs.tibco.com/pub/sfire-analyst-suite/tibco-analytics-10-3-4_documentation.zip | https://docs.tibco.com/pub/sfire-analyst-suite/tibco-analytics-10-3-3_documentation.zip | https://docs.tibco.com/pub/sfire-analyst-suite/tibco-analytics-10-3-2_documentation.zip | https://docs.tibco.com/pub/sfire-analyst-suite/tibco-analytics-10-3-1_documentation.zip | https://docs.tibco.com/pub/sfire-analyst-suite/tibco-analytics-10-3-0_documentation.zip | https://docs.tibco.com/pub/sfire-analyst-suite/tibco-analytics-10-2-1_documentation.zip | https://docs.tibco.com/pub/sfire-analyst-suite/tibco-analytics-10-2-0_documentation.zip | https://docs.tibco.com/pub/sfire-analyst-suite/tibco-analytics-10-1-0_documentation.zip | https://docs.tibco.com/pub/sfire-analyst-suite/tibco-analytics-10-0-1_documentation.zip | https://docs.tibco.com/pub/sfire-analyst-suite/tibco-analytics-10-0-0_documentation.zip | https://docs.tibco.com/pub/sfire-analyst-suite/tibco-analytics-7-14-1_documentation.zip | https://docs.tibco.com/pub/sfire-analyst-suite/tibco-analytics-7-14-0_documentation.zip | https://docs.tibco.com/pub/sfire-analyst-suite/tibco-analytics-7-13-0_documentation.zip | https://docs.tibco.com/pub/sfire-analyst-suite/tibco-analytics-7-12-0_documentation.zip | https://docs.tibco.com/pub/sfire-analyst-suite/tibco-analytics-7-11-7_documentation.zip | https://docs.tibco.com/pub/sfire-analyst-suite/tibco-analytics-7-11-6_documentation.zip | https://docs.tibco.com/pub/sfire-analyst-suite/tibco-analytics-7-11-5_documentation.zip | https://docs.tibco.com/pub/sfire-analyst-suite/tibco-analytics-7-11-4_documentation.zip | https://docs.tibco.com/pub/sfire-analyst-suite/tibco-analytics-7-11-3_documentation.zip | https://docs.tibco.com/pub/sfire-analyst-suite/tibco-analytics-7-11-2_documentation.zip | https://docs.tibco.com/pub/sfire-analyst-suite/tibco-analytics-7-11-1_documentation.zip | https://docs.tibco.com/pub/sfire-analyst-suite/tibco-analytics-7-11-0_documentation.zip | https://docs.tibco.com/pub/sfire-analyst-suite/tibco-analytics-7-10-1_documentation.zip | https://docs.tibco.com/pub/sfire-analyst-suite/tibco-analytics-7-10-0_documentation.zip | https://docs.tibco.com/pub/sfire-analyst-suite/tibco-analytics-7-9-0_documentation.zip | https://docs.tibco.com/pub/sfire-analyst-suite/tibco-analytics-7-8-1_documentation.zip
tibco-analytics-business-author-add-on,TIBCO® Analytics - Business Author Add-on,https://docs.tibco.com/products/tibco-analytics-business-author-add-on,29,,0,,29,https://docs.tibco.com/pub/sfire-bauthor-suite/tibco-analytics-business-author-add-on-10-6-1_documentation.zip | https://docs.tibco.com/pub/sfire-bauthor-suite/tibco-analytics-business-author-add-on-10-6-0_documentation.zip | https://docs.tibco.com/pub/sfire-bauthor-suite/tibco-analytics-business-author-add-on-10-5-0_documentation.zip | https://docs.tibco.com/pub/sfire-bauthor-suite/tibco-analytics-business-author-add-on-10-4-0_documentation.zip | https://docs.tibco.com/pub/sfire-bauthor-suite/tibco-analytics-business-author-add-on-10-3-4_documentation.zip | https://docs.tibco.com/pub/sfire-bauthor-suite/tibco-analytics-business-author-add-on-10-3-3_documentation.zip | https://docs.tibco.com/pub/sfire-bauthor-suite/tibco-analytics-business-author-add-on-10-3-2_documentation.zip | https://docs.tibco.com/pub/sfire-bauthor-suite/tibco-analytics-business-author-add-on-10-3-1_documentation.zip | https://docs.tibco.com/pub/sfire-bauthor-suite/tibco-analytics-business-author-add-on-10-3-0_documentation.zip | https://docs.tibco.com/pub/sfire-bauthor-suite/tibco-analytics-business-author-add-on-10-2-1_documentation.zip | https://docs.tibco.com/pub/sfire-bauthor-suite/tibco-analytics-business-author-add-on-10-2-0_documentation.zip | https://docs.tibco.com/pub/sfire-bauthor-suite/tibco-analytics-business-author-add-on-10-1-0_documentation.zip | https://docs.tibco.com/pub/sfire-bauthor-suite/tibco-analytics-business-author-add-on-10-0-1_documentation.zip | https://docs.tibco.com/pub/sfire-bauthor-suite/tibco-analytics-business-author-add-on-10-0-0_documentation.zip | https://docs.tibco.com/pub/sfire-bauthor-suite/tibco-analytics-business-author-add-on-7-14-1_documentation.zip | https://docs.tibco.com/pub/sfire-bauthor-suite/tibco-analytics-business-author-add-on-7-14-0_documentation.zip | https://docs.tibco.com/pub/sfire-bauthor-suite/tibco-analytics-business-author-add-on-7-13-0_documentation.zip | https://docs.tibco.com/pub/sfire-bauthor-suite/tibco-analytics---business-author-add-on-7-12-0_documentation.zip | https://docs.tibco.com/pub/sfire-bauthor-suite/tibco-analytics-business-author-add-on-7-11-7_documentation.zip | https://docs.tibco.com/pub/sfire-bauthor-suite/tibco-analytics-business-author-add-on-7-11-6_documentation.zip | https://docs.tibco.com/pub/sfire-bauthor-suite/tibco-analytics-business-author-add-on-7-11-5_documentation.zip | https://docs.tibco.com/pub/sfire-bauthor-suite/tibco-analytics-business-author-add-on-7-11-4_documentation.zip | https://docs.tibco.com/pub/sfire-bauthor-suite/tibco-analytics-business-author-add-on-7-11-3_documentation.zip | https://docs.tibco.com/pub/sfire-bauthor-suite/tibco-analytics-business-author-add-on-7-11-2_documentation.zip | https://docs.tibco.com/pub/sfire-bauthor-suite/tibco-analytics-business-author-add-on-7-11-1_documentation.zip | https://docs.tibco.com/pub/sfire-bauthor-suite/tibco-analytics-business-author-add-on-7-11-0_documentation.zip | https://docs.tibco.com/pub/sfire-bauthor-suite/tibco-analytics-business-author-add-on-7-10-0_documentation.zip | https://docs.tibco.com/pub/sfire-bauthor-suite/tibco-analytics-business-author-add-on-7-9-0_documentation.zip | https://docs.tibco.com/pub/sfire-bauthor-suite/tibco-analytics---business-author-add-on-7-8-1_documentation.zip
tibco-analytics-consumer-add-on,TIBCO® Analytics - Consumer Add-on,https://docs.tibco.com/products/tibco-analytics-consumer-add-on,29,,0,,29,https://docs.tibco.com/pub/sfire-consumer-suite/tibco-analytics-consumer-add-on-10-6-1_documentation.zip | https://docs.tibco.com/pub/sfire-consumer-suite/tibco-analytics-consumer-add-on-10-6-0_documentation.zip | https://docs.tibco.com/pub/sfire-consumer-suite/tibco-analytics-consumer-add-on-10-5-0_documentation.zip | https://docs.tibco.com/pub/sfire-consumer-suite/tibco-analytics-consumer-add-on-10-4-0_documentation.zip | https://docs.tibco.com/pub/sfire-consumer-suite/tibco-analytics-consumer-add-on-10-3-4_documentation.zip | https://docs.tibco.com/pub/sfire-consumer-suite/tibco-analytics-consumer-add-on-10-3-3_documentation.zip | https://docs.tibco.com/pub/sfire-consumer-suite/tibco-analytics-consumer-add-on-10-3-2_documentation.zip | https://docs.tibco.com/pub/sfire-consumer-suite/tibco-analytics-consumer-add-on-10-3-1_documentation.zip | https://docs.tibco.com/pub/sfire-consumer-suite/tibco-analytics-consumer-add-on-10-3-0_documentation.zip | https://docs.tibco.com/pub/sfire-consumer-suite/tibco-analytics-consumer-add-on-10-2-1_documentation.zip | https://docs.tibco.com/pub/sfire-consumer-suite/tibco-analytics-consumer-add-on-10-2-0_documentation.zip | https://docs.tibco.com/pub/sfire-consumer-suite/tibco-analytics-consumer-add-on-10-1-0_documentation.zip | https://docs.tibco.com/pub/sfire-consumer-suite/tibco-analytics-consumer-add-on-10-0-1_documentation.zip | https://docs.tibco.com/pub/sfire-consumer-suite/tibco-analytics-consumer-add-on-10-0-0_documentation.zip | https://docs.tibco.com/pub/sfire-consumer-suite/tibco-analytics-consumer-add-on-7-14-1_documentation.zip | https://docs.tibco.com/pub/sfire-consumer-suite/tibco-analytics-consumer-add-on-7-14-0_documentation.zip | https://docs.tibco.com/pub/sfire-consumer-suite/tibco-analytics-consumer-add-on-7-13-0_documentation.zip | https://docs.tibco.com/pub/sfire-consumer-suite/tibco-analytics---consumer-add-on-7-12-0_documentation.zip | https://docs.tibco.com/pub/sfire-consumer-suite/tibco-analytics-consumer-add-on-7-11-7_documentation.zip | https://docs.tibco.com/pub/sfire-consumer-suite/tibco-analytics-consumer-add-on-7-11-6_documentation.zip | https://docs.tibco.com/pub/sfire-consumer-suite/tibco-analytics-consumer-add-on-7-11-5_documentation.zip | https://docs.tibco.com/pub/sfire-consumer-suite/tibco-analytics-consumer-add-on-7-11-4_documentation.zip | https://docs.tibco.com/pub/sfire-consumer-suite/tibco-analytics-consumer-add-on-7-11-3_documentation.zip | https://docs.tibco.com/pub/sfire-consumer-suite/tibco-analytics-consumer-add-on-7-11-2_documentation.zip | https://docs.tibco.com/pub/sfire-consumer-suite/tibco-analytics-consumer-add-on-7-11-1_documentation.zip | https://docs.tibco.com/pub/sfire-consumer-suite/tibco-analytics-consumer-add-on-7-11-0_documentation.zip | https://docs.tibco.com/pub/sfire-consumer-suite/tibco-analytics-consumer-add-on-7-10-0_documentation.zip | https://docs.tibco.com/pub/sfire-consumer-suite/tibco-analytics---consumer-add-on-7-9-0_documentation.zip | https://docs.tibco.com/pub/sfire-consumer-suite/tibco-analytics---consumer-add-on-7-8-1_documentation.zip
tibco-api-exchange-gateway,TIBCO® API Exchange Gateway,https://docs.tibco.com/products/tibco-api-exchange-gateway,13,,13,https://docs.tibco.com/products/tibco-api-exchange-gateway-2-5-1 | https://docs.tibco.com/products/tibco-api-exchange-gateway-2-0-0 | https://docs.tibco.com/products/tibco-api-exchange-gateway-2-1-0 | https://docs.tibco.com/products/tibco-api-exchange-gateway-2-1-1 | https://docs.tibco.com/products/tibco-api-exchange-gateway-2-2-0 | https://docs.tibco.com/products/tibco-api-exchange-gateway-2-2-1 | https://docs.tibco.com/products/tibco-api-exchange-gateway-2-3-0 | https://docs.tibco.com/products/tibco-api-exchange-gateway-2-3-1 | https://docs.tibco.com/products/tibco-api-exchange-gateway-2-3-2 | https://docs.tibco.com/products/tibco-api-exchange-gateway-2-3-3 | https://docs.tibco.com/products/tibco-api-exchange-gateway-2-4-0 | https://docs.tibco.com/products/tibco-api-exchange-gateway-2-4-1 | https://docs.tibco.com/products/tibco-api-exchange-gateway-2-5-0,0,
tibco-api-exchange-gateway-distribution-for-tibco-silver-fabric,TIBCO® API Exchange Gateway Distribution for TIBCO Silver® Fabric,https://docs.tibco.com/products/tibco-api-exchange-gateway-distribution-for-tibco-silver-fabric,1,,0,,1,https://docs.tibco.com/emp/axsf/tibco-api-exchange-gateway-distribution-for-tibco-silver-fabric-2-3-3_documentation.zip
tibco-api-exchange-manager,TIBCO® API Exchange Manager,https://docs.tibco.com/products/tibco-api-exchange-manager,8,,4,https://docs.tibco.com/products/tibco-api-exchange-manager-2-3-0 | https://docs.tibco.com/products/tibco-api-exchange-manager-2-3-1 | https://docs.tibco.com/products/tibco-api-exchange-manager-2-3-2 | https://docs.tibco.com/products/tibco-api-exchange-manager-2-3-3,4,https://docs.tibco.com/pub/api-exchange-manager/tibco-api-exchange-2-2-1_documentation.zip | https://docs.tibco.com/pub/api-exchange-manager/tibco-api-exchange-2-2-0_documentation.zip | https://docs.tibco.com/pub/api-exchange-manager/tibco-api-exchange-2-1-1_documentation.zip | https://docs.tibco.com/pub/api-exchange-manager/tibco-api-exchange-2-1-0_documentation.zip
tibco-application-integration-b2b,TIBCO® Application Integration B2B,https://docs.tibco.com/products/tibco-application-integration-b2b,4,,4,https://docs.tibco.com/products/tibco-application-integration-b2b-1-3-0 | https://docs.tibco.com/products/tibco-application-integration-b2b-1-0-0 | https://docs.tibco.com/products/tibco-application-integration-b2b-1-1-0 | https://docs.tibco.com/products/tibco-application-integration-b2b-1-2-0,0,
tibco-auditsafe,TIBCO® AuditSafe,https://docs.tibco.com/products/tibco-auditsafe,6,,3,https://docs.tibco.com/products/tibco-auditsafe-1-2-0 | https://docs.tibco.com/products/tibco-auditsafe-1-3-0 | https://docs.tibco.com/products/tibco-auditsafe-1-4-0,3,https://docs.tibco.com/pub/auditsafe/tibco-auditsafe-1-1-1_documentation.zip | https://docs.tibco.com/pub/auditsafe/tibco-auditsafe-1-1-0_documentation.zip | https://docs.tibco.com/pub/auditsafe/tibco-auditsafe-1-0-0_documentation.zip
tibco-bpm-enterprise,TIBCO® BPM Enterprise,https://docs.tibco.com/products/tibco-bpm-enterprise,16,,8,https://docs.tibco.com/products/tibco-bpm-enterprise-5-4-0 | https://docs.tibco.com/products/tibco-bpm-enterprise-4-3-3 | https://docs.tibco.com/products/tibco-bpm-enterprise-5-5-0 | https://docs.tibco.com/products/tibco-bpm-enterprise-5-6-0 | https://docs.tibco.com/products/tibco-bpm-enterprise-4-3-4 | https://docs.tibco.com/products/tibco-bpm-enterprise-5-6-1 | https://docs.tibco.com/products/tibco-bpm-enterprise-4-3-5 | https://docs.tibco.com/products/tibco-bpm-enterprise-5-7-0,8,https://docs.tibco.com/pub/bpme/tibco-bpm-enterprise-5-3-0_documentation.zip | https://docs.tibco.com/pub/bpme/tibco-bpm-enterprise-5-2-2_documentation.zip | https://docs.tibco.com/pub/bpme/tibco-bpm-enterprise-5-2-1_documentation.zip | https://docs.tibco.com/pub/bpme/tibco-bpm-enterprise-5-2-0_documentation.zip | https://docs.tibco.com/pub/bpme/tibco-bpm-enterprise-5-1-0_documentation.zip | https://docs.tibco.com/pub/bpme/tibco-bpm-enterprise-5-0-0_documentation.zip | https://docs.tibco.com/pub/amx-bpm/tibco-bpm-enterprise-4-3-2_documentation.zip | https://docs.tibco.com/pub/amx-bpm/tibco-bpm-enterprise-4-3-1_documentation.zip
tibco-bpm-suite,TIBCO® BPM Suite,https://docs.tibco.com/products/tibco-bpm-suite,6,,4,https://docs.tibco.com/products/tibco-bpm-suite-4-2-0 | https://docs.tibco.com/products/tibco-bpm-suite-4-3-0 | https://docs.tibco.com/products/tibco-bpm-suite-4-3-1 | https://docs.tibco.com/products/tibco-bpm-suite-4-3-2,2,https://docs.tibco.com/pub/bpm-suite/tibco-bpm-suite-4-1-0_documentation.zip | https://docs.tibco.com/pub/bpm-suite/tibco-bpm-suite-4-0-0_documentation.zip
tibco-clarity,TIBCO® Clarity,https://docs.tibco.com/products/tibco-clarity,14,,1,https://docs.tibco.com/products/tibco-clarity-2-3-0,13,https://docs.tibco.com/pub/clarity-dt/tibco-clarity-3-0-0_documentation.zip | https://docs.tibco.com/pub/clarity-dt/tibco-clarity-2-4-0_documentation.zip | https://docs.tibco.com/pub/clarity/tibco-clarity-2-2-0_documentation.zip | https://docs.tibco.com/pub/clarity-dt/tibco-clarity-2-1-0_documentation.zip | https://docs.tibco.com/pub/clarity/tibco-clarity-2-0-1_documentation.zip | https://docs.tibco.com/pub/clarity/tibco-clarity-2-0-0_documentation.zip | https://docs.tibco.com/pub/clarity/tibco-clarity-1-3-2_documentation.zip | https://docs.tibco.com/pub/clarity/tibco-clarity-1-3-1_documentation.zip | https://docs.tibco.com/pub/clarity/tibco-clarity-1-3-0_documentation.zip | https://docs.tibco.com/pub/clarity/tibco-clarity-1-2-0_documentation.zip | https://docs.tibco.com/pub/clarity/tibco-clarity-1-1-0_documentation.zip | https://docs.tibco.com/pub/clarity/tibco-clarity-1-0-1_documentation.zip | https://docs.tibco.com/pub/clarity/tibco-clarity-1-0-0_documentation.zip
tibco-clarity-cloud-edition,TIBCO® Clarity - Cloud Edition,https://docs.tibco.com/products/tibco-clarity-cloud-edition,2,,0,,2,https://docs.tibco.com/pub/clarity/tibco-cloud-clarity-3-1-0_documentation.zip | https://docs.tibco.com/pub/clarity/tibco-clarity---cloud-edition-3-0-1_documentation.zip
tibco-clarity-enterprise-edition,TIBCO® Clarity - Enterprise Edition,https://docs.tibco.com/products/tibco-clarity-enterprise-edition,4,,0,,4,https://docs.tibco.com/pub/clarity-dt/tibco-clarity-enterprise-edition-3-2-1_documentation.zip | https://docs.tibco.com/pub/clarity-dt/tibco-clarity-enterprise-edition-3-2-0_documentation.zip | https://docs.tibco.com/pub/clarity-dt/tibco-clarity-enterprise-edition-3-1-0_documentation.zip | https://docs.tibco.com/pub/clarity-dt/tibco-clarity-enterprise-edition-3-0-1_documentation.zip
tibco-cloud-integration-ipaas,TIBCO® Cloud Integration (iPaaS),https://docs.tibco.com/products/tibco-cloud-integration-ipaas,1,,1,https://docs.tibco.com/products/tibco-cloud-integration-ipaas,0,
tibco-cloud-mdm,TIBCO® Cloud MDM,https://docs.tibco.com/products/tibco-cloud-mdm,4,,0,,4,https://docs.tibco.com/pub/mdm-cloud/tibco-cloud-mdm-2-0-1_documentation.zip | https://docs.tibco.com/pub/mdm-cloud/tibco-cloud-mdm-2-0-0_documentation.zip | https://docs.tibco.com/pub/mdm-cloud/tibco-cloud-mdm-1-1-0_documentation.zip | https://docs.tibco.com/pub/mdm-cloud/tibco-cloud-mdm-1-0-0_documentation.zip
tibco-control-plane,TIBCO® Control Plane,https://docs.tibco.com/products/tibco-control-plane,16,,16,https://docs.tibco.com/products/tibco-control-plane-1-17-0 | https://docs.tibco.com/products/tibco-control-plane-1-3-0 | https://docs.tibco.com/products/tibco-control-plane-1-4-0 | https://docs.tibco.com/products/tibco-control-plane-1-5-0 | https://docs.tibco.com/products/tibco-control-plane-1-5-1 | https://docs.tibco.com/products/tibco-control-plane-1-6-0 | https://docs.tibco.com/products/tibco-control-plane-1-7-0 | https://docs.tibco.com/products/tibco-control-plane-1-8-0 | https://docs.tibco.com/products/tibco-control-plane-1-9-0 | https://docs.tibco.com/products/tibco-control-plane-1-10-0 | https://docs.tibco.com/products/tibco-control-plane-1-11-0 | https://docs.tibco.com/products/tibco-control-plane-1-12-0 | https://docs.tibco.com/products/tibco-control-plane-1-13-0 | https://docs.tibco.com/products/tibco-control-plane-1-14-0 | https://docs.tibco.com/products/tibco-control-plane-1-15-0 | https://docs.tibco.com/products/tibco-control-plane-1-16-0,0,
tibco-credit-union-adms-application-webfocus-add-on,TIBCO® Credit Union - ADMS Application - WebFOCUS® Add-on,https://docs.tibco.com/products/tibco-credit-union-adms-application-webfocus-add-on,1,,0,,1,https://docs.tibco.com/emp/cu-adms/tibco-credit-union-adms-application-webfocus-add-on-2-2-0_documentation.zip
tibco-credit-union-cloud-adms-application-webfocus-add-on,TIBCO® Credit Union Cloud - ADMS Application - WebFOCUS® Add-on,https://docs.tibco.com/products/tibco-credit-union-cloud-adms-application-webfocus-add-on,1,,0,,0,
tibco-data-science-package-for-notebooks,TIBCO® Data Science - Package for Notebooks,https://docs.tibco.com/products/tibco-data-science-package-for-notebooks,2,,0,,2,https://docs.tibco.com/pub/sfire-dscpn/tibco-data-science-package-for-notebooks-6-6-1_documentation.zip | https://docs.tibco.com/pub/sfire-dscpn/tibco-data-science-package-for-notebooks-6-6-0_documentation.zip
tibco-data-science-team-studio,TIBCO® Data Science - Team Studio,https://docs.tibco.com/products/tibco-data-science-team-studio,8,,4,https://docs.tibco.com/products/tibco-data-science-team-studio-6-5-0 | https://docs.tibco.com/products/tibco-data-science-team-studio-7-0-0 | https://docs.tibco.com/products/tibco-data-science-team-studio-7-1-0 | https://docs.tibco.com/products/tibco-data-science-team-studio-7-0-1,2,https://docs.tibco.com/pub/sfire-dsc/tibco-data-science-team-studio-6-6-0_documentation.zip | https://docs.tibco.com/pub/sfire-dsc/tibco-spotfire-data-science-6-4-1_documentation.zip
tibco-data-science-for-tibco-spotfire-analyst,TIBCO® Data Science for TIBCO Spotfire® Analyst,https://docs.tibco.com/products/tibco-data-science-for-tibco-spotfire-analyst,6,,1,https://docs.tibco.com/products/tibco-data-science-for-tibco-spotfire-analyst-14-1-0,5,https://docs.tibco.com/pub/stat-ext/tibco-data-science-for-tibco-spotfire-analyst-14-0-1_documentation.zip | https://docs.tibco.com/pub/stat-ext/tibco-data-science-for-tibco-spotfire-analyst-14-0-0_documentation.zip | https://docs.tibco.com/pub/stat-ext/tibco-data-science-for-tibco-spotfire-analyst-13-6-0_documentation.zip | https://docs.tibco.com/pub/stat-ext/tibco-statistica-extension-for-tibco-spotfire-13-5-0_documentation.zip | https://docs.tibco.com/pub/stat-ext/tibco-statistica-extension-for-tibco-spotfire-13-4-0_documentation.zip
tibco-data-science-service-for-tibco-spotfire,TIBCO® Data Science Service for TIBCO Spotfire®,https://docs.tibco.com/products/tibco-data-science-service-for-tibco-spotfire,5,,1,https://docs.tibco.com/products/tibco-data-science-service-for-tibco-spotfire-14-1-0,4,https://docs.tibco.com/pub/stat-sts/tibco-data-science-service-for-tibco-spotfire-14-0-2_documentation.zip | https://docs.tibco.com/pub/stat-sts/tibco-data-science-service-for-tibco-spotfire-14-0-1_documentation.zip | https://docs.tibco.com/pub/stat-sts/tibco-data-science-service-for-tibco-spotfire-14-0-0_documentation.zip | https://docs.tibco.com/pub/stat-sts/tibco-data-science-service-for-tibco-spotfire-13-6-0_documentation.zip
tibco-data-virtualization,TIBCO® Data Virtualization,https://docs.tibco.com/products/tibco-data-virtualization,26,,3,https://docs.tibco.com/products/tibco-data-virtualization-8-8-0 | https://docs.tibco.com/products/tibco-data-virtualization-8-8-1 | https://docs.tibco.com/products/spotfire-data-virtualization-8-9-0,23,https://docs.tibco.com/pub/tdv/tibco-data-virtualization-8-7-0_documentation.zip | https://docs.tibco.com/pub/tdv/tibco-data-virtualization-8-6-1_documentation.zip | https://docs.tibco.com/pub/tdv/tibco-data-virtualization-8-6-0_documentation.zip | https://docs.tibco.com/pub/tdv/tibco-data-virtualization-8-5-6_documentation.zip | https://docs.tibco.com/pub/tdv/tibco-data-virtualization-8-5-5_documentation.zip | https://docs.tibco.com/pub/tdv/tibco-data-virtualization-8-5-4_documentation.zip | https://docs.tibco.com/pub/tdv/tibco-data-virtualization-8-5-3_documentation.zip | https://docs.tibco.com/pub/tdv/tibco-data-virtualization-8-5-2_documentation.zip | https://docs.tibco.com/pub/tdv/tibco-data-virtualization-8-5-1_documentation.zip | https://docs.tibco.com/pub/tdv/tibco-data-virtualization-8-5-0_documentation.zip | https://docs.tibco.com/pub/tdv/tibco-data-virtualization-8-4-3_documentation.zip | https://docs.tibco.com/pub/tdv/tibco-data-virtualization-8-4-1_documentation.zip | https://docs.tibco.com/pub/tdv/tibco-data-virtualization-8-4-0_documentation.zip | https://docs.tibco.com/pub/tdv/tibco-data-virtualization-8-3-1_documentation.zip | https://docs.tibco.com/pub/tdv/tibco-data-virtualization-8-3-0_documentation.zip | https://docs.tibco.com/pub/tdv/tibco-data-virtualization-8-2-0_documentation.zip | https://docs.tibco.com/pub/tdv/tibco-data-virtualization-8-1-1_documentation.zip | https://docs.tibco.com/pub/tdv/tibco-data-virtualization-server-8-1-0_documentation.zip | https://docs.tibco.com/pub/tdv/tibco-data-virtualization-server-8-0-0_documentation.zip | https://docs.tibco.com/pub/tdv/tibco-data-virtualization-7-0-9_documentation.zip | https://docs.tibco.com/pub/tdv/tibco-data-virtualization-server-7-0-8_documentation.zip | https://docs.tibco.com/pub/tdv/tibco-data-virtualization-server-7-0-7_documentation.zip | https://docs.tibco.com/pub/tdv/tibco-data-virtualization-server-7-0-6_documentation.zip
tibco-database-drivers-supplement,TIBCO® Database Drivers Supplement,https://docs.tibco.com/products/tibco-database-drivers-supplement,6,,0,,3,https://docs.tibco.com/emp/dbdrivers/tibco-database-drivers-supplement-2-0-4_documentation.zip | https://docs.tibco.com/emp/database-drivers-supplement/tibco-database-drivers-supplement-2-0-1_documentation.zip | https://docs.tibco.com/emp/database-drivers-supplement/tibco-database-drivers-supplement-2-0-0_documentation.zip
tibco-dq-service-provider-dqs-add-on,TIBCO® DQ Service Provider - DQS Add-on,https://docs.tibco.com/products/tibco-dq-service-provider-dqs-add-on,1,,0,,1,https://docs.tibco.com/pub/tdqsp/tibco-dq-service-provider-dqs-add-on-5-0-0_documentation.zip
tibco-ems-client-for-ibm-i,TIBCO® EMS Client for IBM i,https://docs.tibco.com/products/tibco-ems-client-for-ibm-i,12,,0,,12,https://docs.tibco.com/pub/emsi5os/tibco-ems-client-for-ibm-i-8-6-0_documentation.zip | https://docs.tibco.com/pub/emsi5os/tibco-ems-client-for-ibm-i-8-5-1_documentation.zip | https://docs.tibco.com/pub/emsi5os/tibco-ems-client-for-ibm-i-8-5-0_documentation.zip | https://docs.tibco.com/pub/emsi5os/tibco-ems-client-for-ibm-i-8-4-0_documentation.zip | https://docs.tibco.com/pub/emsi5os/tibco-ems-client-for-ibm-i-8-3-0_documentation.zip | https://docs.tibco.com/pub/ems_client_for_ibm_i/tibco-ems-client-for-ibm-i-8-2-0_documentation.zip | https://docs.tibco.com/pub/ems_client_for_ibm_i/tibco-ems-client-for-ibm-i-8-0-0_documentation.zip | https://docs.tibco.com/pub/ems_client_for_ibm_i/tibco-ems-client-for-ibm-i-7-0-0_documentation.zip | https://docs.tibco.com/pub/ems_client_for_ibm_i/tibco-ems-client-for-ibm-i-6-1-0_documentation.zip | https://docs.tibco.com/pub/ems_client_for_ibm_i/tibco-ems-client-for-ibm-i-6-0-1_documentation.zip | https://docs.tibco.com/pub/ems_client_for_ibm_i/tibco-ems-client-for-ibm-i-6-0-0_documentation.zip | https://docs.tibco.com/pub/ems_client_for_ibm_i/tibco-ems-client-for-ibm-i-5-1-5_documentation.zip
tibco-ems-client-for-z-os-cics,TIBCO® EMS Client for z/OS (CICS),https://docs.tibco.com/products/tibco-ems-client-for-z-os-cics,9,,0,,9,https://docs.tibco.com/pub/ems_zos_cics/tibco-ems-client-for-z-os-cics-8-5-1_documentation.zip | https://docs.tibco.com/pub/ems_zos_cics/tibco-ems-client-for-z-os-cics-8-5-0_documentation.zip | https://docs.tibco.com/pub/ems_zos_cics/tibco-ems-client-for-z-os-cics-8-4-0_documentation.zip | https://docs.tibco.com/pub/ems_client_for_zos_cics/tibco-ems-client-for-z-os-cics-8-2-0_documentation.zip | https://docs.tibco.com/pub/ems_client_for_zos_cics/tibco-ems-client-for-z-os-cics-8-0-0_documentation.zip | https://docs.tibco.com/pub/ems_client_for_zos_cics/tibco-ems-client-for-z-os-cics-6-1-0_documentation.zip | https://docs.tibco.com/pub/ems_client_for_zos_cics/tibco-ems-client-for-z-os-cics-6-0-1_documentation.zip | https://docs.tibco.com/pub/ems_client_for_zos_cics/tibco-ems-client-for-z-os-cics-5-1-5_documentation.zip | https://docs.tibco.com/pub/ems_client_for_zos_cics/tibco-ems-client-for-z-os-cics-5-1-0_documentation.zip
tibco-ems-client-for-z-os-mvs,TIBCO® EMS Client for z/OS (MVS),https://docs.tibco.com/products/tibco-ems-client-for-z-os-mvs,11,,0,,10,https://docs.tibco.com/pub/ems_zos_mvs/tibco-ems-client-for-z-os-mvs-8-6-0_documentation.zip | https://docs.tibco.com/pub/ems_zos_mvs/tibco-ems-client-for-z-os-mvs-8-5-0_documentation.zip | https://docs.tibco.com/pub/ems_zos_mvs/tibco-ems-client-for-z-os-mvs-8-4-0_documentation.zip | https://docs.tibco.com/pub/ems_zos_mvs/tibco-ems-client-for-z-os-mvs-8-3-0_documentation.zip | https://docs.tibco.com/pub/ems_client_for_zos_mvs/tibco-ems-client-for-z-os-mvs-8-2-0_documentation.zip | https://docs.tibco.com/pub/ems_client_for_zos_mvs/tibco-ems-client-for-z-os-mvs-8-0-0_documentation.zip | https://docs.tibco.com/pub/ems_client_for_zos_mvs/tibco-ems-client-for-z-os-mvs-7-0-0_documentation.zip | https://docs.tibco.com/pub/ems_client_for_zos_mvs/tibco-ems-client-for-z-os-mvs-6-1-0_documentation.zip | https://docs.tibco.com/pub/ems_client_for_zos_mvs/tibco-ems-client-for-z-os-mvs-6-0-1_documentation.zip | https://docs.tibco.com/pub/ems_client_for_zos_mvs/tibco-ems-client-for-z-os-mvs-6-0-0_documentation.zip
tibco-ems-transport-channel-for-wcf,TIBCO® EMS Transport Channel for WCF,https://docs.tibco.com/products/tibco-ems-transport-channel-for-wcf,3,,0,,3,https://docs.tibco.com/pub/ems_transport_channel_for_wcf/tibco-ems-transport-channel-for-wcf-2-0-0_documentation.zip | https://docs.tibco.com/pub/ems_transport_channel_for_wcf/tibco-ems-transport-channel-for-wcf-1-2-0_documentation.zip | https://docs.tibco.com/pub/ems_transport_channel_for_wcf/tibco-ems-transport-channel-for-wcf-1-0-0_documentation.zip
tibco-enterprise-administrator,TIBCO® Enterprise Administrator,https://docs.tibco.com/products/tibco-enterprise-administrator,11,,2,https://docs.tibco.com/products/tibco-enterprise-administrator-2-4-2 | https://docs.tibco.com/products/tibco-enterprise-administrator-2-4-3,9,https://docs.tibco.com/pub/tea/tibco-enterprise-administrator-2-4-1_documentation.zip | https://docs.tibco.com/pub/tea/tibco-enterprise-administrator-2-4-0_documentation.zip | https://docs.tibco.com/pub/tea/tibco-enterprise-administrator-2-3-0_documentation.zip | https://docs.tibco.com/pub/tea/tibco-enterprise-administrator-2-2-0_documentation.zip | https://docs.tibco.com/pub/tea/tibco-enterprise-administrator-2-1-0_documentation.zip | https://docs.tibco.com/pub/tea/tibco-enterprise-administrator-2-0-0_documentation.zip | https://docs.tibco.com/pub/enterprise-administrator/tibco-enterprise-administrator-1-2-0_documentation.zip | https://docs.tibco.com/pub/enterprise-administrator/tibco-enterprise-administrator-1-1-0_documentation.zip | https://docs.tibco.com/pub/enterprise-administrator/tibco-enterprise-administrator-1-0-0_documentation.zip
tibco-enterprise-administrator-sdk,TIBCO® Enterprise Administrator SDK,https://docs.tibco.com/products/tibco-enterprise-administrator-sdk,7,,0,,7,https://docs.tibco.com/pub/tea-sdk/tibco-enterprise-administrator-sdk-2-2-0_documentation.zip | https://docs.tibco.com/pub/tea-sdk/tibco-enterprise-administrator-sdk-2-1-0_documentation.zip | https://docs.tibco.com/pub/enterprise-administrator-SDK/tibco-enterprise-administrator-sdk-2-0-0_documentation.zip | https://docs.tibco.com/pub/enterprise-administrator-SDK/tibco-enterprise-administrator-sdk-1-3-0_documentation.zip | https://docs.tibco.com/pub/enterprise-administrator-SDK/tibco-enterprise-administrator-sdk-1-2-0_documentation.zip | https://docs.tibco.com/pub/enterprise-administrator-SDK/tibco-enterprise-administrator-sdk-1-1-0_documentation.zip | https://docs.tibco.com/pub/enterprise-administrator-SDK/tibco-enterprise-administrator-sdk-1-0-0_documentation.zip
tibco-enterprise-foresight,TIBCO® Enterprise Foresight®,https://docs.tibco.com/products/tibco-enterprise-foresight,2,,2,https://docs.tibco.com/products/tibco-enterprise-foresight-1-1-0 | https://docs.tibco.com/products/tibco-enterprise-foresight-1-0-0,0,
tibco-enterprise-foresight-healthcare-add-on,TIBCO® Enterprise Foresight® Healthcare Add-on,https://docs.tibco.com/products/tibco-enterprise-foresight-healthcare-add-on,2,,2,https://docs.tibco.com/products/tibco-enterprise-foresight-healthcare-add-on-1-1-0 | https://docs.tibco.com/products/tibco-enterprise-foresight-healthcare-add-on-1-0-0,0,
tibco-enterprise-fulfillment-orchestration-suite,TIBCO® Enterprise Fulfillment Orchestration Suite,https://docs.tibco.com/products/tibco-enterprise-fulfillment-orchestration-suite,1,,1,https://docs.tibco.com/products/tibco-enterprise-fulfillment-orchestration-suite-1-1-0,0,
tibco-enterprise-mdm,TIBCO® Enterprise MDM,https://docs.tibco.com/products/tibco-enterprise-mdm,1,,1,https://docs.tibco.com/products/tibco-enterprise-mdm-1-0-0,0,
tibco-enterprise-streaming,TIBCO® Enterprise Streaming,https://docs.tibco.com/products/tibco-enterprise-streaming,4,,4,https://docs.tibco.com/products/tibco-enterprise-streaming-11-2-1 | https://docs.tibco.com/products/tibco-enterprise-streaming-11-2-0 | https://docs.tibco.com/products/tibco-enterprise-streaming-11-1-2 | https://docs.tibco.com/products/tibco-enterprise-streaming-11-1-3,0,
tibco-enterprise-streaming-high-performance-fix-engine,TIBCO® Enterprise Streaming - High-Performance FIX Engine,https://docs.tibco.com/products/tibco-enterprise-streaming-high-performance-fix-engine,4,,4,https://docs.tibco.com/products/tibco-enterprise-streaming-high-performance-fix-engine-11-2-1 | https://docs.tibco.com/products/tibco-enterprise-streaming-high-performance-fix-engine-11-2-0 | https://docs.tibco.com/products/tibco-enterprise-streaming-high-performance-fix-engine-11-1-2 | https://docs.tibco.com/products/tibco-enterprise-streaming-high-performance-fix-engine-11-1-3,0,
tibco-event-processing,TIBCO® Event Processing,https://docs.tibco.com/products/tibco-event-processing,2,,0,,2,https://docs.tibco.com/pub/ep-suite/tibco-event-processing-1-1-0_documentation.zip | https://docs.tibco.com/pub/ep-suite/tibco-event-processing-1-0-0_documentation.zip
tibco-fulfillment-orchestration-suite,TIBCO® Fulfillment Orchestration Suite,https://docs.tibco.com/products/tibco-fulfillment-orchestration-suite,1,,1,https://docs.tibco.com/products/tibco-fulfillment-orchestration-suite-1-0-0,0,
tibco-fulfillment-provisioning,TIBCO® Fulfillment Provisioning,https://docs.tibco.com/products/tibco-fulfillment-provisioning,6,,1,https://docs.tibco.com/products/tibco-fulfillment-provisioning-3-10-0,5,https://docs.tibco.com/pub/fp/tibco-fulfillment-provisioning-3-9-0_documentation.zip | https://docs.tibco.com/pub/fp/tibco-fulfillment-provisioning-3-8-1_documentation.zip | https://docs.tibco.com/pub/kpsa/tibco-fulfillment-provisioning-3-8_documentation.zip | https://docs.tibco.com/pub/kpsa/tibco-kpsa-3-7_documentation.zip | https://docs.tibco.com/pub/kpsa/tibco-kpsa-3-6_documentation.zip
tibco-fulfillment-provisioning-client-adapter-for-bscs,TIBCO® Fulfillment Provisioning Client Adapter for BSCS,https://docs.tibco.com/products/tibco-fulfillment-provisioning-client-adapter-for-bscs,2,,2,https://docs.tibco.com/products/tibco-fulfillment-provisioning-client-adapter-for-bscs-3-10-0 | https://docs.tibco.com/products/tibco-fulfillment-provisioning-client-adapter-for-bscs-3-9-1,0,
tibco-fulfillment-provisioning-client-adapter-for-files,TIBCO® Fulfillment Provisioning Client Adapter for Files,https://docs.tibco.com/products/tibco-fulfillment-provisioning-client-adapter-for-files,2,,2,https://docs.tibco.com/products/tibco-fulfillment-provisioning-client-adapter-for-files-3-9-0 | https://docs.tibco.com/products/tibco-fulfillment-provisioning-client-adapter-for-files-3-8-1,0,
tibco-fulfillment-provisioning-client-adapter-for-http,TIBCO® Fulfillment Provisioning Client Adapter for HTTP,https://docs.tibco.com/products/tibco-fulfillment-provisioning-client-adapter-for-http,2,,2,https://docs.tibco.com/products/tibco-fulfillment-provisioning-client-adapter-for-http-3-9-0 | https://docs.tibco.com/products/tibco-fulfillment-provisioning-client-adapter-for-http-3-8-1,0,
tibco-fulfillment-provisioning-load-balancer,TIBCO® Fulfillment Provisioning Load Balancer,https://docs.tibco.com/products/tibco-fulfillment-provisioning-load-balancer,4,,4,https://docs.tibco.com/products/tibco-fulfillment-provisioning-load-balancer-3-10-0 | https://docs.tibco.com/products/tibco-kpsa-load-balancer-3-7 | https://docs.tibco.com/products/tibco-fulfillment-provisioning-load-balancer-3-9 | https://docs.tibco.com/products/tibco-fulfillment-provisioning-load-balancer-3-9-1,0,
tibco-fulfillment-provisioning-session-layer-for-files,TIBCO® Fulfillment Provisioning Session Layer for Files,https://docs.tibco.com/products/tibco-fulfillment-provisioning-session-layer-for-files,2,,2,https://docs.tibco.com/products/tibco-fulfillment-provisioning-session-layer-for-files-3-10-0 | https://docs.tibco.com/products/tibco-fulfillment-provisioning-session-layer-for-files-3-9-1,0,
tibco-fulfillment-provisioning-session-layer-for-ftp,TIBCO® Fulfillment Provisioning Session Layer for FTP,https://docs.tibco.com/products/tibco-fulfillment-provisioning-session-layer-for-ftp,2,,2,https://docs.tibco.com/products/tibco-fulfillment-provisioning-session-layer-for-ftp-3-9-0 | https://docs.tibco.com/products/tibco-fulfillment-provisioning-session-layer-for-ftp-3-8-1,0,
tibco-fulfillment-provisioning-session-layer-for-http,TIBCO® Fulfillment Provisioning Session Layer for HTTP,https://docs.tibco.com/products/tibco-fulfillment-provisioning-session-layer-for-http,2,,2,https://docs.tibco.com/products/tibco-fulfillment-provisioning-session-layer-for-http-3-9-0 | https://docs.tibco.com/products/tibco-fulfillment-provisioning-session-layer-for-http-3-8-1,0,
tibco-fulfillment-provisioning-session-layer-for-ldap,TIBCO® Fulfillment Provisioning Session Layer for LDAP,https://docs.tibco.com/products/tibco-fulfillment-provisioning-session-layer-for-ldap,2,,2,https://docs.tibco.com/products/tibco-fulfillment-provisioning-session-layer-for-ldap-3-11-0 | https://docs.tibco.com/products/tibco-fulfillment-provisioning-session-layer-for-ldap-3-10-0,0,
tibco-fulfillment-provisioning-session-layer-for-odbc,TIBCO® Fulfillment Provisioning Session Layer for ODBC,https://docs.tibco.com/products/tibco-fulfillment-provisioning-session-layer-for-odbc,2,,2,https://docs.tibco.com/products/tibco-fulfillment-provisioning-session-layer-for-odbc-3-9-0 | https://docs.tibco.com/products/tibco-fulfillment-provisioning-session-layer-for-odbc-3-8-1,0,
tibco-fulfillment-provisioning-session-layer-for-pad,TIBCO® Fulfillment Provisioning Session Layer for PAD,https://docs.tibco.com/products/tibco-fulfillment-provisioning-session-layer-for-pad,2,,2,https://docs.tibco.com/products/tibco-fulfillment-provisioning-session-layer-for-pad-3-9-0 | https://docs.tibco.com/products/tibco-fulfillment-provisioning-session-layer-for-pad-3-8-1,0,
tibco-fulfillment-provisioning-session-layer-for-radius,TIBCO® Fulfillment Provisioning Session Layer for RADIUS,https://docs.tibco.com/products/tibco-fulfillment-provisioning-session-layer-for-radius,2,,2,https://docs.tibco.com/products/tibco-fulfillment-provisioning-session-layer-for-radius-3-9-0 | https://docs.tibco.com/products/tibco-fulfillment-provisioning-session-layer-for-radius-3-8-1,0,
tibco-fulfillment-provisioning-session-layer-for-smpp,TIBCO® Fulfillment Provisioning Session Layer for SMPP,https://docs.tibco.com/products/tibco-fulfillment-provisioning-session-layer-for-smpp,2,,2,https://docs.tibco.com/products/tibco-fulfillment-provisioning-session-layer-for-smpp-3-9-0 | https://docs.tibco.com/products/tibco-fulfillment-provisioning-session-layer-for-smpp-3-8-1,0,
tibco-fulfillment-provisioning-session-layer-for-snmp,TIBCO® Fulfillment Provisioning Session Layer for SNMP,https://docs.tibco.com/products/tibco-fulfillment-provisioning-session-layer-for-snmp,2,,2,https://docs.tibco.com/products/tibco-fulfillment-provisioning-session-layer-for-snmp-3-9-0 | https://docs.tibco.com/products/tibco-fulfillment-provisioning-session-layer-for-snmp-3-8-1,0,
tibco-fulfillment-provisioning-session-layer-for-ssh,TIBCO® Fulfillment Provisioning Session Layer for SSH,https://docs.tibco.com/products/tibco-fulfillment-provisioning-session-layer-for-ssh,2,,2,https://docs.tibco.com/products/tibco-fulfillment-provisioning-session-layer-for-ssh-3-9-0 | https://docs.tibco.com/products/tibco-fulfillment-provisioning-session-layer-for-ssh-3-8-1,0,
tibco-fulfillment-provisioning-session-layer-for-telnet,TIBCO® Fulfillment Provisioning Session Layer for TELNET,https://docs.tibco.com/products/tibco-fulfillment-provisioning-session-layer-for-telnet,2,,2,https://docs.tibco.com/products/tibco-fulfillment-provisioning-session-layer-for-telnet-3-9-0 | https://docs.tibco.com/products/tibco-fulfillment-provisioning-session-layer-for-telnet-3-8-1,0,
tibco-fulfillment-provisioning-session-layer-for-tftp,TIBCO® Fulfillment Provisioning Session Layer for TFTP,https://docs.tibco.com/products/tibco-fulfillment-provisioning-session-layer-for-tftp,2,,2,https://docs.tibco.com/products/tibco-fulfillment-provisioning-session-layer-for-tftp-3-9-0 | https://docs.tibco.com/products/tibco-fulfillment-provisioning-session-layer-for-tftp-3-8-1,0,
tibco-fulfillment-studio,TIBCO® Fulfillment Studio,https://docs.tibco.com/products/tibco-fulfillment-studio,1,,1,https://docs.tibco.com/products/tibco-fulfillment-studio-1-0,0,
tibco-fulfillment-subscriber-inventory,TIBCO® Fulfillment Subscriber Inventory,https://docs.tibco.com/products/tibco-fulfillment-subscriber-inventory,3,,0,,3,https://docs.tibco.com/pub/fsi/tibco-fulfillment-subscriber-inventory-2-0-0_documentation.zip | https://docs.tibco.com/pub/fsi/tibco-fulfillment-subscriber-inventory-1-0-1_documentation.zip | https://docs.tibco.com/pub/fsi/tibco-fulfillment-subscriber-inventory-1-0-0_documentation.zip
tibco-gemini-powered-by-apache-cassandra,TIBCO® Gemini - Powered by Apache Cassandra®,https://docs.tibco.com/products/tibco-gemini-powered-by-apache-cassandra,5,,5,https://docs.tibco.com/products/tibco-gemini-powered-by-apache-cassandra-5-0-2 | https://docs.tibco.com/products/tibco-gemini-powered-by-apache-cassandra-4-1-5 | https://docs.tibco.com/products/tibco-gemini-powered-by-apache-cassandra-5-0-0 | https://docs.tibco.com/products/tibco-gemini-powered-by-apache-cassandra-4-1-7 | https://docs.tibco.com/products/tibco-gemini-powered-by-apache-cassandra-5-0-1,0,
tibco-general-interface-enterprise-edition,TIBCO® General Interface - Enterprise Edition,https://docs.tibco.com/products/tibco-general-interface-enterprise-edition,3,,3,https://docs.tibco.com/products/tibco-general-interface-enterprise-edition-3-9-2 | https://docs.tibco.com/products/tibco-general-interface-enterprise-edition-3-9-0 | https://docs.tibco.com/products/tibco-general-interface-enterprise-edition-3-9-1,0,
tibco-graph-database-community-edition,TIBCO® Graph Database - Community Edition,https://docs.tibco.com/products/tibco-graph-database-community-edition,2,,0,,2,https://docs.tibco.com/pub/tgdb-ce/tibco-graph-database-community-edition-3-1-0_documentation.zip | https://docs.tibco.com/pub/tgdb-ce/tibco-graph-database-community-edition-1-1-0_documentation.zip
tibco-graph-database-enterprise-edition,TIBCO® Graph Database - Enterprise Edition,https://docs.tibco.com/products/tibco-graph-database-enterprise-edition,8,,0,,8,https://docs.tibco.com/pub/tgdb/tibco-graph-database-enterprise-edition-3-1-0_documentation.zip | https://docs.tibco.com/pub/tgdb/tibco-graph-database-enterprise-edition-3-0-0_documentation.zip | https://docs.tibco.com/pub/tgdb/tibco-graph-database-enterprise-edition-2-0-2_documentation.zip | https://docs.tibco.com/pub/tgdb/tibco-graph-database-enterprise-edition-2-0-1_documentation.zip | https://docs.tibco.com/pub/tgdb/tibco-graph-database-enterprise-edition-2-0-0_documentation.zip | https://docs.tibco.com/pub/tgdb/tibco-graph-database-enterprise-edition-1-1-1_documentation.zip | https://docs.tibco.com/pub/tgdb/tibco-graph-database-enterprise-edition-1-1-0_documentation.zip | https://docs.tibco.com/pub/tgdb/tibco-graph-database-enterprise-edition-1-0-0_documentation.zip
tibco-graphical-rendezvous,TIBCO® Graphical Rendezvous®,https://docs.tibco.com/products/tibco-graphical-rendezvous,1,,1,https://docs.tibco.com/products/tibco-graphical-rendezvous-1-1-0,0,
tibco-grid-analytics,TIBCO® Grid Analytics,https://docs.tibco.com/products/tibco-grid-analytics,1,,0,,0,
tibco-health-essentials-cloud,TIBCO® Health Essentials Cloud,https://docs.tibco.com/products/tibco-health-essentials-cloud,1,,1,https://docs.tibco.com/products/tibco-health-essentials-cloud,0,
tibco-hybrid-integration,TIBCO® Hybrid Integration,https://docs.tibco.com/products/tibco-hybrid-integration,36,,11,https://docs.tibco.com/products/tibco-hybrid-integration-3-4-0 | https://docs.tibco.com/products/tibco-hybrid-integration-3-5-0 | https://docs.tibco.com/products/tibco-hybrid-integration-3-6-0 | https://docs.tibco.com/products/tibco-hybrid-integration-3-7-0 | https://docs.tibco.com/products/tibco-hybrid-integration-3-8-0 | https://docs.tibco.com/products/tibco-hybrid-integration-3-9-0 | https://docs.tibco.com/products/tibco-hybrid-integration-3-10-0 | https://docs.tibco.com/products/tibco-hybrid-integration-3-11-0 | https://docs.tibco.com/products/tibco-hybrid-integration-3-12-0 | https://docs.tibco.com/products/tibco-hybrid-integration-3-13-0 | https://docs.tibco.com/products/tibco-hybrid-integration-3-14-0,25,https://docs.tibco.com/pub/ai-suite/3.3.0/tibco-hybrid-integration-3-3-0_documentation.zip | https://docs.tibco.com/pub/ai-suite/3.2.0/tibco-hybrid-integration-3-2-0_documentation.zip | https://docs.tibco.com/pub/ai-suite/3.1.0/tibco-hybrid-integration-3-1-0_documentation.zip | https://docs.tibco.com/pub/ai-suite/3.0.0/tibco-hybrid-integration-3-0-0_documentation.zip | https://docs.tibco.com/pub/ai-suite/2.9.1/tibco-hybrid-integration-2-9-1_documentation.zip | https://docs.tibco.com/pub/ai-suite/2.9.0/tibco-hybrid-integration-2-9-0_documentation.zip | https://docs.tibco.com/pub/ai-suite/2.8.0/tibco-hybrid-integration-2-8-0_documentation.zip | https://docs.tibco.com/pub/ai-suite/2.7.0/tibco-hybrid-integration-2-7-0_documentation.zip | https://docs.tibco.com/pub/ai-suite/2.6.1/tibco-hybrid-integration-2-6-1_documentation.zip | https://docs.tibco.com/pub/ai-suite/2.6.0/tibco-hybrid-integration-2-6-0_documentation.zip | https://docs.tibco.com/pub/ai-suite/2.5.0/tibco-hybrid-integration-2-5-0_documentation.zip | https://docs.tibco.com/pub/ai-suite/2.3.0/tibco-hybrid-integration-2-3-0_documentation.zip | https://docs.tibco.com/pub/ai-suite/2.2.0/tibco-hybrid-integration-2-2-0_documentation.zip | https://docs.tibco.com/pub/ai-suite/2.1.1/tibco-hybrid-integration-2-1-1_documentation.zip | https://docs.tibco.com/pub/ai-suite/2.1.0/tibco-hybrid-integration-2-1-0_documentation.zip | https://docs.tibco.com/pub/ai-suite/2.0.0/tibco-hybrid-integration-2-0-0_documentation.zip | https://docs.tibco.com/pub/ai-suite/1.8.0/tibco-hybrid-integration-1-8-0_documentation.zip | https://docs.tibco.com/pub/ai-suite/1.7.0/tibco-hybrid-integration-1-7-0_documentation.zip | https://docs.tibco.com/pub/ai-suite/1.6.0/tibco-hybrid-integration-1-6-0_documentation.zip | https://docs.tibco.com/pub/ai-suite/1.5.0/tibco-hybrid-integration-1-5-0_documentation.zip | https://docs.tibco.com/pub/ai-suite/1.4.0/tibco-hybrid-integration-1-4-0_documentation.zip | https://docs.tibco.com/pub/ai-suite/1.3.0/tibco-hybrid-integration-1-3-0_documentation.zip | https://docs.tibco.com/pub/ai-suite/1.2.0/tibco-hybrid-integration-1-2-0_documentation.zip | https://docs.tibco.com/pub/ai-suite/1.1.0/tibco-hybrid-integration-1-1-0_documentation.zip | https://docs.tibco.com/pub/ai-suite/1.0.0/tibco-hybrid-integration-1-0-0_documentation.zip
tibco-hybrid-integration-connectivity-add-on,TIBCO® Hybrid Integration Connectivity Add-on,https://docs.tibco.com/products/tibco-hybrid-integration-connectivity-add-on,31,,31,https://docs.tibco.com/products/tibco-hybrid-integration-connectivity-add-on-3-11-0 | https://docs.tibco.com/products/tibco-hybrid-integration-connectivity-add-on-1-0-0 | https://docs.tibco.com/products/tibco-hybrid-integration-connectivity-add-on-1-1-0 | https://docs.tibco.com/products/tibco-hybrid-integration-connectivity-add-on-1-2-0 | https://docs.tibco.com/products/tibco-hybrid-integration-connectivity-add-on-1-3-0 | https://docs.tibco.com/products/tibco-hybrid-integration-connectivity-add-on-1-4-0 | https://docs.tibco.com/products/tibco-hybrid-integration-connectivity-add-on-1-5-0 | https://docs.tibco.com/products/tibco-hybrid-integration-connectivity-add-on-1-7-0 | https://docs.tibco.com/products/tibco-hybrid-integration-connectivity-add-on-1-8-0 | https://docs.tibco.com/products/tibco-hybrid-integration-connectivity-add-on-2-0-0 | https://docs.tibco.com/products/tibco-hybrid-integration-connectivity-add-on-2-1-0 | https://docs.tibco.com/products/tibco-hybrid-integration-connectivity-add-on-2-2-0 | https://docs.tibco.com/products/tibco-hybrid-integration-connectivity-add-on-2-3-0 | https://docs.tibco.com/products/tibco-hybrid-integration-connectivity-add-on-2-4-0 | https://docs.tibco.com/products/tibco-hybrid-integration-connectivity-add-on-2-5-0 | https://docs.tibco.com/products/tibco-hybrid-integration-connectivity-add-on-2-5-1 | https://docs.tibco.com/products/tibco-hybrid-integration-connectivity-add-on-2-6-0 | https://docs.tibco.com/products/tibco-hybrid-integration-connectivity-add-on-2-6-1 | https://docs.tibco.com/products/tibco-hybrid-integration-connectivity-add-on-2-7-0 | https://docs.tibco.com/products/tibco-hybrid-integration-connectivity-add-on-2-9-0 | https://docs.tibco.com/products/tibco-hybrid-integration-connectivity-add-on-2-9-1 | https://docs.tibco.com/products/tibco-hybrid-integration-connectivity-add-on-3-0-0 | https://docs.tibco.com/products/tibco-hybrid-integration-connectivity-add-on-3-1-0 | https://docs.tibco.com/products/tibco-hybrid-integration-connectivity-add-on-3-2-0 | https://docs.tibco.com/products/tibco-hybrid-integration-connectivity-add-on-3-3-0 | https://docs.tibco.com/products/tibco-hybrid-integration-connectivity-add-on-3-5-0 | https://docs.tibco.com/products/tibco-hybrid-integration-connectivity-add-on-3-5-1 | https://docs.tibco.com/products/tibco-hybrid-integration-connectivity-add-on-3-6-0 | https://docs.tibco.com/products/tibco-hybrid-integration-connectivity-add-on-3-7-0 | https://docs.tibco.com/products/tibco-hybrid-integration-connectivity-add-on-3-8-0 | https://docs.tibco.com/products/tibco-hybrid-integration-connectivity-add-on-3-9-0,0,
tibco-integration,TIBCO® Integration,https://docs.tibco.com/products/tibco-integration,38,,14,https://docs.tibco.com/products/tibco-integration-3-4-0 | https://docs.tibco.com/products/tibco-integration-3-5-0 | https://docs.tibco.com/products/tibco-integration-3-6-0 | https://docs.tibco.com/products/tibco-integration-3-7-0 | https://docs.tibco.com/products/tibco-integration-3-8-0 | https://docs.tibco.com/products/tibco-integration-3-9-0 | https://docs.tibco.com/products/tibco-integration-3-10-0 | https://docs.tibco.com/products/tibco-integration-3-10-1 | https://docs.tibco.com/products/tibco-integration-3-11-0 | https://docs.tibco.com/products/tibco-integration-3-12-0 | https://docs.tibco.com/products/tibco-integration-3-13-0 | https://docs.tibco.com/products/tibco-integration-3-14-0 | https://docs.tibco.com/products/tibco-integration-3-15-0 | https://docs.tibco.com/products/tibco-integration-3-16-0,24,https://docs.tibco.com/pub/tibco-int/3.3.0/tibco-integration-3-3-0_documentation.zip | https://docs.tibco.com/pub/tibco-int/3.2.0/tibco-integration-3-2-0_documentation.zip | https://docs.tibco.com/pub/tibco-int/3.1.0/tibco-integration-3-1-0_documentation.zip | https://docs.tibco.com/pub/tibco-int/3.0.0/tibco-integration-3-0-0_documentation.zip | https://docs.tibco.com/pub/tibco-int/2.9.1/tibco-integration-2-9-1_documentation.zip | https://docs.tibco.com/pub/tibco-int/2.9.0/tibco-integration-2-9-0_documentation.zip | https://docs.tibco.com/pub/tibco-int/2.8.0/tibco-integration-2-8-0_documentation.zip | https://docs.tibco.com/pub/tibco-int/2.7.0/tibco-integration-2-7-0_documentation.zip | https://docs.tibco.com/pub/tibco-int/2.6.1/tibco-integration-2-6-1_documentation.zip | https://docs.tibco.com/pub/tibco-int/2.6.0/tibco-integration-2-6-0_documentation.zip | https://docs.tibco.com/pub/tibco-int/2.5.0/tibco-integration-2-5-0_documentation.zip | https://docs.tibco.com/pub/tibco-int/2.4.0/tibco-integration-2-4-0_documentation.zip | https://docs.tibco.com/pub/tibco-int/tibco-integration-2-3-0_documentation.zip | https://docs.tibco.com/pub/tibco-int/tibco-integration-2-2-0_documentation.zip | https://docs.tibco.com/pub/tibco-int/tibco-integration-2-1-1_documentation.zip | https://docs.tibco.com/pub/tibco-int/tibco-integration-2-1-0_documentation.zip | https://docs.tibco.com/pub/tibco-int/tibco-integration-2-0-0_documentation.zip | https://docs.tibco.com/pub/tibco-int/tibco-integration-1-7-0_documentation.zip | https://docs.tibco.com/pub/tibco-int/tibco-integration-1-6-0_documentation.zip | https://docs.tibco.com/pub/tibco-int/tibco-integration-1-5-0_documentation.zip | https://docs.tibco.com/pub/tibco-int/tibco-integration-1-4-0_documentation.zip | https://docs.tibco.com/pub/tibco-int/tibco-integration-1-3-0_documentation.zip | https://docs.tibco.com/pub/tibco-int/tibco-integration-1-2-0_documentation.zip | https://docs.tibco.com/pub/tibco-int/tibco-integration-1-1-0_documentation.zip
tibco-integration-connectivity-add-on,TIBCO® Integration - Connectivity Add-on,https://docs.tibco.com/products/tibco-integration-connectivity-add-on,32,,32,https://docs.tibco.com/products/tibco-integration-connectivity-add-on-3-10-1 | https://docs.tibco.com/products/tibco-integration-connectivity-add-on-1-0-0 | https://docs.tibco.com/products/tibco-integration-connectivity-add-on-1-1-0 | https://docs.tibco.com/products/tibco-integration-connectivity-add-on-1-2-0 | https://docs.tibco.com/products/tibco-integration-connectivity-add-on-1-6-0 | https://docs.tibco.com/products/tibco-integration-connectivity-add-on-1-7-0 | https://docs.tibco.com/products/tibco-integration-connectivity-add-on-2-0-0 | https://docs.tibco.com/products/tibco-integration-connectivity-add-on-2-1-0 | https://docs.tibco.com/products/tibco-integration-connectivity-add-on-2-1-1 | https://docs.tibco.com/products/tibco-integration-connectivity-add-on-2-2-0 | https://docs.tibco.com/products/tibco-integration-connectivity-add-on-2-3-0 | https://docs.tibco.com/products/tibco-integration-connectivity-add-on-2-4-0 | https://docs.tibco.com/products/tibco-integration-connectivity-add-on-2-5-0 | https://docs.tibco.com/products/tibco-integration-connectivity-add-on-2-5-1 | https://docs.tibco.com/products/tibco-integration-connectivity-add-on-2-5-2 | https://docs.tibco.com/products/tibco-integration-connectivity-add-on-2-6-0 | https://docs.tibco.com/products/tibco-integration-connectivity-add-on-2-6-1 | https://docs.tibco.com/products/tibco-integration-connectivity-add-on-2-7-0 | https://docs.tibco.com/products/tibco-integration-connectivity-add-on-2-9-0 | https://docs.tibco.com/products/tibco-integration-connectivity-add-on-2-9-1 | https://docs.tibco.com/products/tibco-integration-connectivity-add-on-3-0-0 | https://docs.tibco.com/products/tibco-integration-connectivity-add-on-3-1-0 | https://docs.tibco.com/products/tibco-integration-connectivity-add-on-3-2-0 | https://docs.tibco.com/products/tibco-integration-connectivity-add-on-3-3-0 | https://docs.tibco.com/products/tibco-integration-connectivity-add-on-3-4-0 | https://docs.tibco.com/products/tibco-integration-connectivity-add-on-3-4-1 | https://docs.tibco.com/products/tibco-integration-connectivity-add-on-3-5-0 | https://docs.tibco.com/products/tibco-integration-connectivity-add-on-3-6-0 | https://docs.tibco.com/products/tibco-integration-connectivity-add-on-3-7-0 | https://docs.tibco.com/products/tibco-integration-connectivity-add-on-3-8-0 | https://docs.tibco.com/products/tibco-integration-connectivity-add-on-3-9-0 | https://docs.tibco.com/products/tibco-integration-connectivity-add-on-3-10-0,0,
tibco-integration-connectivity-for-tibco-platform,TIBCO® Integration Connectivity for TIBCO® Platform,https://docs.tibco.com/products/tibco-integration-connectivity-for-tibco-platform,4,,4,https://docs.tibco.com/products/tibco-integration-connectivity-for-tibco-platform-1-3-0 | https://docs.tibco.com/products/tibco-integration-connectivity-for-tibco-platform-1-0-0 | https://docs.tibco.com/products/tibco-integration-connectivity-for-tibco-platform-1-1-0 | https://docs.tibco.com/products/tibco-integration-connectivity-for-tibco-platform-1-2-0,0,
tibco-integration-for-tibco-platform,TIBCO® Integration for TIBCO® Platform,https://docs.tibco.com/products/tibco-integration-for-tibco-platform,7,,7,https://docs.tibco.com/products/tibco-integration-for-tibco-platform-1-6-0 | https://docs.tibco.com/products/tibco-integration-for-tibco-platform-1-0-0 | https://docs.tibco.com/products/tibco-integration-for-tibco-platform-1-1-0 | https://docs.tibco.com/products/tibco-integration-for-tibco-platform-1-2-0 | https://docs.tibco.com/products/tibco-integration-for-tibco-platform-1-3-0 | https://docs.tibco.com/products/tibco-integration-for-tibco-platform-1-4-0 | https://docs.tibco.com/products/tibco-integration-for-tibco-platform-1-5-0,0,
tibco-it-operations-analytics,TIBCO® IT Operations Analytics,https://docs.tibco.com/products/tibco-it-operations-analytics,3,,0,,3,https://docs.tibco.com/pub/it-oa-suite/tibco-it-operations-analytics-3-0-0_documentation.zip | https://docs.tibco.com/pub/it-oa-suite/tibco-it-operations-analytics-2-0-0_documentation.zip | https://docs.tibco.com/pub/it-oa-suite/tibco-it-operations-analytics-1-0-0_documentation.zip
tibco-live-datamart,TIBCO® Live Datamart,https://docs.tibco.com/products/tibco-live-datamart,22,,0,,21,https://docs.tibco.com/pub/sb-lv/tibco-live-datamart-10-3-0_documentation.zip | https://docs.tibco.com/pub/sb-lv/tibco-live-datamart-10-2-1_documentation.zip | https://docs.tibco.com/pub/sb-lv/tibco-live-datamart-10-2-0_documentation.zip | https://docs.tibco.com/pub/sb-lv/tibco-live-datamart-2-2-8_documentation.zip | https://docs.tibco.com/pub/sb-lv/tibco-live-datamart-2-2-7_documentation.zip | https://docs.tibco.com/pub/sb-lv/tibco-live-datamart-2-2-6_documentation.zip | https://docs.tibco.com/pub/sb-lv/tibco-live-datamart-2-2-5_documentation.zip | https://docs.tibco.com/pub/sb-lv/tibco-live-datamart-2-2-4_documentation.zip | https://docs.tibco.com/pub/sb-lv/tibco-live-datamart-2-2-3_documentation.zip | https://docs.tibco.com/pub/sb-lv/tibco-live-datamart-2-2-2_documentation.zip | https://docs.tibco.com/pub/sb-lv/tibco-live-datamart-2-2-1_documentation.zip | https://docs.tibco.com/pub/sb-lv/tibco-live-datamart-2-2-0_documentation.zip | https://docs.tibco.com/pub/sb-lv/tibco-live-datamart-2-1-8_documentation.zip | https://docs.tibco.com/pub/sb-lv/tibco-live-datamart-2-1-7_documentation.zip | https://docs.tibco.com/pub/sb-lv/tibco-live-datamart-2-1-6_documentation.zip | https://docs.tibco.com/pub/sb-lv/tibco-live-datamart-2-1-5_documentation.zip | https://docs.tibco.com/pub/sb-lv/tibco-live-datamart-2-1-4_documentation.zip | https://docs.tibco.com/pub/sb-lv/tibco-live-datamart-2-1-3_documentation.zip | https://docs.tibco.com/pub/sb-lv/tibco-live-datamart-2-1-2_documentation.zip | https://docs.tibco.com/pub/sb-lv/tibco-live-datamart-2-1-1_documentation.zip | https://docs.tibco.com/pub/sb-lv/tibco-live-datamart-2-1-0_documentation.zip
tibco-live-datamart-standard-edition,TIBCO® Live Datamart Standard Edition,https://docs.tibco.com/products/tibco-live-datamart-standard-edition,3,,0,,3,https://docs.tibco.com/pub/sb-lv-std/tibco-live-datamart-standard-edition-2-2-8_documentation.zip | https://docs.tibco.com/pub/sb-lv-std/tibco-live-datamart-standard-edition-2-2-7_documentation.zip | https://docs.tibco.com/pub/sb-lv-std/tibco-live-datamart-standard-edition-2-2-6_documentation.zip
tibco-live-visualization,TIBCO® Live Visualization,https://docs.tibco.com/products/tibco-live-visualization,2,,0,,2,https://docs.tibco.com/emp/lv-suite/tibco-live-visualization-1-1-0_documentation.zip | https://docs.tibco.com/emp/lv-suite/tibco-live-visualization-1-0-0_documentation.zip
tibco-mainframe-red,TIBCO® Mainframe RED,https://docs.tibco.com/products/tibco-mainframe-red,11,,1,https://docs.tibco.com/products/tibco-mainframe-red-3-1-0,10,https://docs.tibco.com/pub/mfred/tibco-mainframe-red-2-5-1_documentation.zip | https://docs.tibco.com/pub/mfred/tibco-mainframe-red-2-5-0_documentation.zip | https://docs.tibco.com/pub/mfred/tibco-mainframe-red-2-4-0_documentation.zip | https://docs.tibco.com/pub/mfred/tibco-mainframe-red-2-3-1_documentation.zip | https://docs.tibco.com/pub/mainframe_red/tibco-mainframe-red-2-3-0_documentation.zip | https://docs.tibco.com/pub/mainframe_red/tibco-mainframe-red-2-2-0_documentation.zip | https://docs.tibco.com/pub/mainframe_red/tibco-mainframe-red-2-1-0_documentation.zip | https://docs.tibco.com/pub/mainframe_red/tibco-mainframe-red-2-0-0_documentation.zip | https://docs.tibco.com/pub/mainframe_red/tibco-mainframe-red-1-1-0_documentation.zip | https://docs.tibco.com/pub/mainframe_red/tibco-mainframe-red-1-0-0_documentation.zip
tibco-mainframe-tcp-library,TIBCO® Mainframe TCP Library,https://docs.tibco.com/products/tibco-mainframe-tcp-library,3,,3,https://docs.tibco.com/products/tibco-mainframe-tcp-library-3-0-0 | https://docs.tibco.com/products/tibco-mainframe-tcp-library-2-1-0 | https://docs.tibco.com/products/tibco-mainframe-tcp-library-2-5-0,0,
tibco-mainframe-webui,TIBCO® Mainframe WebUI,https://docs.tibco.com/products/tibco-mainframe-webui,8,,8,https://docs.tibco.com/products/tibco-mainframe-webui-3-0-0 | https://docs.tibco.com/products/tibco-mainframe-webui-1-0-0 | https://docs.tibco.com/products/tibco-mainframe-webui-1-1-0 | https://docs.tibco.com/products/tibco-mainframe-webui-2-0-0 | https://docs.tibco.com/products/tibco-mainframe-webui-2-1-0 | https://docs.tibco.com/products/tibco-mainframe-webui-2-2-0 | https://docs.tibco.com/products/tibco-mainframe-webui-2-4-0 | https://docs.tibco.com/products/tibco-mainframe-webui-2-5-0,0,
tibco-managed-file-transfer-command-center,TIBCO® Managed File Transfer Command Center,https://docs.tibco.com/products/tibco-managed-file-transfer-command-center,35,,7,https://docs.tibco.com/products/tibco-managed-file-transfer-command-center-8-5-0 | https://docs.tibco.com/products/tibco-managed-file-transfer-command-center-8-5-1 | https://docs.tibco.com/products/tibco-managed-file-transfer-command-center-8-4-3 | https://docs.tibco.com/products/tibco-managed-file-transfer-command-center-8-4-4 | https://docs.tibco.com/products/tibco-managed-file-transfer-command-center-8-5-2 | https://docs.tibco.com/products/tibco-managed-file-transfer-command-center-8-6-0 | https://docs.tibco.com/products/tibco-managed-file-transfer-command-center-8-7-0,28,https://docs.tibco.com/pub/mftcc/tibco-managed-file-transfer-command-center-8-4-2_documentation.zip | https://docs.tibco.com/pub/mftcc/tibco-managed-file-transfer-command-center-8-4-1_documentation.zip | https://docs.tibco.com/pub/mftcc/tibco-managed-file-transfer-command-center-8-4-0_documentation.zip | https://docs.tibco.com/pub/mftcc/tibco-managed-file-transfer-command-center-8-3-2_documentation.zip | https://docs.tibco.com/pub/mftcc/tibco-managed-file-transfer-command-center-8-3-1_documentation.zip | https://docs.tibco.com/pub/mftcc/tibco-managed-file-transfer-command-center-8-3-0_documentation.zip | https://docs.tibco.com/pub/mftcc/tibco-managed-file-transfer-command-center-8-2-2_documentation.zip | https://docs.tibco.com/pub/mftcc/tibco-managed-file-transfer-command-center-8-2-1_documentation.zip | https://docs.tibco.com/pub/mftcc/tibco-managed-file-transfer-command-center-8-2-0_documentation.zip | https://docs.tibco.com/pub/mftcc/tibco-managed-file-transfer-command-center-8-1-1_documentation.zip | https://docs.tibco.com/pub/mftcc/tibco-managed-file-transfer-command-center-8-1-0_documentation.zip | https://docs.tibco.com/pub/mftcc/tibco-managed-file-transfer-command-center-8-0-3_documentation.zip | https://docs.tibco.com/pub/mftcc/tibco-managed-file-transfer-command-center-8-0-2_documentation.zip | https://docs.tibco.com/pub/managed-file-transfer-command-center/tibco-managed-file-transfer-command-center-8-0-1_documentation.zip | https://docs.tibco.com/pub/managed-file-transfer-command-center/tibco-managed-file-transfer-command-center-8-0-0_documentation.zip | https://docs.tibco.com/pub/mftcc/tibco-managed-file-transfer-command-center-7-3-3_documentation.zip | https://docs.tibco.com/pub/mftcc/tibco-managed-file-transfer-command-center-7-3-2_documentation.zip | https://docs.tibco.com/pub/managed-file-transfer-command-center/tibco-managed-file-transfer-command-center-7-3-1_documentation.zip | https://docs.tibco.com/pub/managed-file-transfer-command-center/tibco-managed-file-transfer-command-center-7-3-0_documentation.zip | https://docs.tibco.com/pub/managed-file-transfer-command-center/tibco-managed-file-transfer-command-center-7-2-6_documentation.zip | https://docs.tibco.com/pub/managed-file-transfer-command-center/tibco-managed-file-transfer-command-center-7-2-5_documentation.zip | https://docs.tibco.com/pub/managed-file-transfer-command-center/tibco-managed-file-transfer-command-center-7-2-4_documentation.zip | https://docs.tibco.com/pub/managed-file-transfer-command-center/tibco-managed-file-transfer-command-center-7-2-3_documentation.zip | https://docs.tibco.com/pub/managed-file-transfer-command-center/tibco-managed-file-transfer-command-center-7-2-2_documentation.zip | https://docs.tibco.com/pub/managed-file-transfer-command-center/tibco-managed-file-transfer-command-center-7-2-1_documentation.zip | https://docs.tibco.com/pub/managed-file-transfer-command-center/tibco-managed-file-transfer-command-center-7-2-0_documentation.zip | https://docs.tibco.com/pub/managed-file-transfer-command-center/tibco-managed-file-transfer-command-center-7-1-1_documentation.zip | https://docs.tibco.com/pub/managed-file-transfer-command-center/tibco-managed-file-transfer-command-center-7-0-1_documentation.zip
tibco-managed-file-transfer-internet-server,TIBCO® Managed File Transfer Internet Server,https://docs.tibco.com/products/tibco-managed-file-transfer-internet-server,35,,7,https://docs.tibco.com/products/tibco-managed-file-transfer-internet-server-8-5-0 | https://docs.tibco.com/products/tibco-managed-file-transfer-internet-server-8-5-1 | https://docs.tibco.com/products/tibco-managed-file-transfer-internet-server-8-4-3 | https://docs.tibco.com/products/tibco-managed-file-transfer-internet-server-8-4-4 | https://docs.tibco.com/products/tibco-managed-file-transfer-internet-server-8-5-2 | https://docs.tibco.com/products/tibco-managed-file-transfer-internet-server-8-6-0 | https://docs.tibco.com/products/tibco-managed-file-transfer-internet-server-8-7-0,28,https://docs.tibco.com/pub/mftis/tibco-managed-file-transfer-internet-server-8-4-2_documentation.zip | https://docs.tibco.com/pub/mftis/tibco-managed-file-transfer-internet-server-8-4-1_documentation.zip | https://docs.tibco.com/pub/mftis/tibco-managed-file-transfer-internet-server-8-4-0_documentation.zip | https://docs.tibco.com/pub/mftis/tibco-managed-file-transfer-internet-server-8-3-2_documentation.zip | https://docs.tibco.com/pub/mftis/tibco-managed-file-transfer-internet-server-8-3-1_documentation.zip | https://docs.tibco.com/pub/mftis/tibco-managed-file-transfer-internet-server-8-3-0_documentation.zip | https://docs.tibco.com/pub/mftis/tibco-managed-file-transfer-internet-server-8-2-2_documentation.zip | https://docs.tibco.com/pub/mftis/tibco-managed-file-transfer-internet-server-8-2-1_documentation.zip | https://docs.tibco.com/pub/mftis/tibco-managed-file-transfer-internet-server-8-2-0_documentation.zip | https://docs.tibco.com/pub/mftis/tibco-managed-file-transfer-internet-server-8-1-1_documentation.zip | https://docs.tibco.com/pub/mftis/tibco-managed-file-transfer-internet-server-8-1-0_documentation.zip | https://docs.tibco.com/pub/mftis/tibco-managed-file-transfer-internet-server-8-0-3_documentation.zip | https://docs.tibco.com/pub/mftis/tibco-managed-file-transfer-internet-server-8-0-2_documentation.zip | https://docs.tibco.com/pub/managed-file-transfer-internet-server/tibco-managed-file-transfer-internet-server-8-0-1_documentation.zip | https://docs.tibco.com/pub/managed-file-transfer-internet-server/tibco-managed-file-transfer-internet-server-8-0-0_documentation.zip | https://docs.tibco.com/pub/mftis/tibco-managed-file-transfer-internet-server-7-3-3_documentation.zip | https://docs.tibco.com/pub/mftis/tibco-managed-file-transfer-internet-server-7-3-2_documentation.zip | https://docs.tibco.com/pub/managed-file-transfer-internet-server/tibco-managed-file-transfer-internet-server-7-3-1_documentation.zip | https://docs.tibco.com/pub/managed-file-transfer-internet-server/tibco-managed-file-transfer-internet-server-7-3-0_documentation.zip | https://docs.tibco.com/pub/managed-file-transfer-internet-server/tibco-managed-file-transfer-internet-server-7-2-6_documentation.zip | https://docs.tibco.com/pub/managed-file-transfer-internet-server/tibco-managed-file-transfer-internet-server-7-2-5_documentation.zip | https://docs.tibco.com/pub/managed-file-transfer-internet-server/tibco-managed-file-transfer-internet-server-7-2-4_documentation.zip | https://docs.tibco.com/pub/managed-file-transfer-internet-server/tibco-managed-file-transfer-internet-server-7-2-3_documentation.zip | https://docs.tibco.com/pub/managed-file-transfer-internet-server/tibco-managed-file-transfer-internet-server-7-2-2_documentation.zip | https://docs.tibco.com/pub/managed-file-transfer-internet-server/tibco-managed-file-transfer-internet-server-7-2-1_documentation.zip | https://docs.tibco.com/pub/managed-file-transfer-internet-server/tibco-managed-file-transfer-internet-server-7-2-0_documentation.zip | https://docs.tibco.com/pub/managed-file-transfer-internet-server/tibco-managed-file-transfer-internet-server-7-1-1_documentation.zip | https://docs.tibco.com/pub/managed-file-transfer-internet-server/tibco-managed-file-transfer-internet-server-7-0-1_documentation.zip
tibco-managed-file-transfer-internet-server-with-rocketstream-accelerator,TIBCO® Managed File Transfer Internet Server with RocketStream® Accelerator,https://docs.tibco.com/products/tibco-managed-file-transfer-internet-server-with-rocketstream-accelerator,5,,1,https://docs.tibco.com/products/tibco-managed-file-transfer-internet-server-with-rocketstream-accelerator-7-2-6,4,https://docs.tibco.com/pub/managed-file-transfer-internet-server-rocketstream/tibco-managed-file-transfer-internet-server-with-rocketstream-accelerator-7-2-5_documentation.zip | https://docs.tibco.com/pub/managed-file-transfer-internet-server-rocketstream/tibco-managed-file-transfer-internet-server-with-rocketstream-accelerator-7-2-4_documentation.zip | https://docs.tibco.com/pub/managed-file-transfer-internet-server-rocketstream/tibco-managed-file-transfer-internet-server-with-rocketstream-accelerator-7-2-3_documentation.zip | https://docs.tibco.com/pub/managed-file-transfer-internet-server-rocketstream/tibco-managed-file-transfer-internet-server-with-rocketstream-accelerator-7-2-2_documentation.zip
tibco-managed-file-transfer-platform-server-agent,TIBCO® Managed File Transfer Platform Server Agent,https://docs.tibco.com/products/tibco-managed-file-transfer-platform-server-agent,2,,2,https://docs.tibco.com/products/tibco-managed-file-transfer-platform-server-agent-7-1-0 | https://docs.tibco.com/products/tibco-managed-file-transfer-platform-server-agent-7-0-0,0,
tibco-managed-file-transfer-platform-server-for-ibm-i,TIBCO® Managed File Transfer Platform Server for IBM i,https://docs.tibco.com/products/tibco-managed-file-transfer-platform-server-for-ibm-i,2,,0,,2,https://docs.tibco.com/pub/mftps-ibmi/tibco-managed-file-transfer-platform-server-for-ibm-i-8-0-0_documentation.zip | https://docs.tibco.com/pub/managed-file-transfer-platform-server-for-ibm-i/tibco-managed-file-transfer-platform-server-for-ibm-i-7-1-0_documentation.zip
tibco-managed-file-transfer-platform-server-for-unix,TIBCO® Managed File Transfer Platform Server for UNIX,https://docs.tibco.com/products/tibco-managed-file-transfer-platform-server-for-unix,9,,4,https://docs.tibco.com/products/tibco-managed-file-transfer-platform-server-for-unix-8-1-1 | https://docs.tibco.com/products/tibco-managed-file-transfer-platform-server-for-unix-8-1-2 | https://docs.tibco.com/products/tibco-managed-file-transfer-platform-server-for-unix-8-0-2 | https://docs.tibco.com/products/tibco-managed-file-transfer-platform-server-for-unix-8-2-0,5,https://docs.tibco.com/pub/mftps-unix/tibco-managed-file-transfer-platform-server-for-unix-8-1-0_documentation.zip | https://docs.tibco.com/pub/mftps-unix/tibco-managed-file-transfer-platform-server-for-unix-8-0-1_documentation.zip | https://docs.tibco.com/pub/mftps-unix/tibco-managed-file-transfer-platform-server-for-unix-8-0-0_documentation.zip | https://docs.tibco.com/pub/managed-file-transfer-platform-server-for-unix/tibco-managed-file-transfer-platform-server-for-unix-7-2-0_documentation.zip | https://docs.tibco.com/pub/managed-file-transfer-platform-server-for-unix/tibco-managed-file-transfer-platform-server-for-unix-7-1_documentation.zip
tibco-managed-file-transfer-platform-server-for-windows,TIBCO® Managed File Transfer Platform Server for Windows,https://docs.tibco.com/products/tibco-managed-file-transfer-platform-server-for-windows,7,,2,https://docs.tibco.com/products/tibco-managed-file-transfer-platform-server-for-windows-8-1-0 | https://docs.tibco.com/products/tibco-managed-file-transfer-platform-server-for-windows-8-2-0,5,https://docs.tibco.com/pub/mftps-win/tibco-managed-file-transfer-platform-server-for-windows-8-0-1_documentation.zip | https://docs.tibco.com/pub/mftps-win/tibco-managed-file-transfer-platform-server-for-windows-8-0-0_documentation.zip | https://docs.tibco.com/pub/managed-file-transfer-platform-server-for-windows/tibco-managed-file-transfer-platform-server-for-windows-7-2-0_documentation.zip | https://docs.tibco.com/pub/managed-file-transfer-platform-server-for-windows/tibco-managed-file-transfer-platform-server-for-windows-7-1-1_documentation.zip | https://docs.tibco.com/pub/managed-file-transfer-platform-server-for-windows/tibco-managed-file-transfer-platform-server-for-windows-7-1-0_documentation.zip
tibco-managed-file-transfer-platform-server-for-windows-with-rocketstream-accelerator,TIBCO® Managed File Transfer Platform Server for Windows with RocketStream Accelerator,https://docs.tibco.com/products/tibco-managed-file-transfer-platform-server-for-windows-with-rocketstream-accelerator,2,,2,https://docs.tibco.com/products/tibco-managed-file-transfer-platform-server-for-windows-with-rocketstream-accelerator-7-1-1 | https://docs.tibco.com/products/tibco-managed-file-transfer-platform-server-for-windows-with-rocketstream-accelerator-7-1-0,0,
tibco-managed-file-transfer-platform-server-for-z-linux,TIBCO® Managed File Transfer Platform Server for z/Linux,https://docs.tibco.com/products/tibco-managed-file-transfer-platform-server-for-z-linux,7,,7,https://docs.tibco.com/products/tibco-managed-file-transfer-platform-server-for-z-linux-8-1-2 | https://docs.tibco.com/products/tibco-managed-file-transfer-platform-server-for-z-linux-7-1-0 | https://docs.tibco.com/products/tibco-managed-file-transfer-platform-server-for-z-linux-7-2-0 | https://docs.tibco.com/products/tibco-managed-file-transfer-platform-server-for-z-linux-8-0-0 | https://docs.tibco.com/products/tibco-managed-file-transfer-platform-server-for-z-linux-8-1-0 | https://docs.tibco.com/products/tibco-managed-file-transfer-platform-server-for-z-linux-8-1-1 | https://docs.tibco.com/products/tibco-managed-file-transfer-platform-server-for-z-linux-8-0-1,0,
tibco-managed-file-transfer-platform-server-for-z-os,TIBCO® Managed File Transfer Platform Server for z/OS,https://docs.tibco.com/products/tibco-managed-file-transfer-platform-server-for-z-os,4,,0,,4,https://docs.tibco.com/pub/mftps-zos/tibco-managed-file-transfer-platform-server-for-z-os-8-1-0_documentation.zip | https://docs.tibco.com/pub/mftps-zos/tibco-managed-file-transfer-platform-server-for-z-os-8-0-0_documentation.zip | https://docs.tibco.com/pub/managed-file-transfer-platform-server-for-zos/tibco-managed-file-transfer-platform-server-for-z-os-7-2-0_documentation.zip | https://docs.tibco.com/pub/managed-file-transfer-platform-server-for-zos/tibco-managed-file-transfer-platform-server-for-z-os-7-1-0_documentation.zip
tibco-mdm-administration-agent,TIBCO® MDM Administration Agent,https://docs.tibco.com/products/tibco-mdm-administration-agent,1,,0,,1,https://docs.tibco.com/pub/mdm-agent/tibco-mdm-administration-agent-1-0-0_documentation.zip
tibco-mdm-for-retail,TIBCO® MDM for Retail,https://docs.tibco.com/products/tibco-mdm-for-retail,3,,0,,3,https://docs.tibco.com/pub/mdm-retail-suite/tibco-mdm-for-retail-1-2-0_documentation.zip | https://docs.tibco.com/pub/mdm-retail-suite/tibco-mdm-for-retail-1-1-0_documentation.zip | https://docs.tibco.com/pub/mdm-retail-suite/tibco-mdm-for-retail-1-0-0_documentation.zip
tibco-mdm-studio,TIBCO® MDM Studio,https://docs.tibco.com/products/tibco-mdm-studio,14,,3,https://docs.tibco.com/products/ibi-mdm-studio-6-0-0 | https://docs.tibco.com/products/ibi-mdm-studio-6-1-0 | https://docs.tibco.com/products/tibco-mdm-studio-6-1-1,11,https://docs.tibco.com/pub/bstudio-mdm/tibco-mdm-studio-5-3-0_documentation.zip | https://docs.tibco.com/pub/bstudio-mdm/tibco-mdm-studio-5-2-0_documentation.zip | https://docs.tibco.com/pub/bstudio-mdm/tibco-mdm-studio-5-1-0_documentation.zip | https://docs.tibco.com/pub/bstudio-mdm/tibco-mdm-studio-5-0-0_documentation.zip | https://docs.tibco.com/pub/bstudio-mdm/tibco-mdm-studio-4-1-0_documentation.zip | https://docs.tibco.com/pub/bstudio-mdm/tibco-mdm-studio-4-0-1_documentation.zip | https://docs.tibco.com/pub/collaborative_information_manager_studio/tibco-mdm-studio-3-3-0_documentation.zip | https://docs.tibco.com/pub/collaborative_information_manager_studio/tibco-mdm-studio-3-2-0_documentation.zip | https://docs.tibco.com/pub/collaborative_information_manager_studio/tibco-collaborative-information-manager-studio-3-1_documentation.zip | https://docs.tibco.com/pub/collaborative_information_manager_studio/tibco-collaborative-information-manager-studio-3-0_documentation.zip | https://docs.tibco.com/pub/collaborative_information_manager_studio/tibco-collaborative-information-manager-studio-2-0_documentation.zip
tibco-messaging,TIBCO® Messaging,https://docs.tibco.com/products/tibco-messaging,28,,7,https://docs.tibco.com/products/tibco-messaging-1-21-0 | https://docs.tibco.com/products/tibco-messaging-1-22-0 | https://docs.tibco.com/products/tibco-messaging-1-23-0 | https://docs.tibco.com/products/tibco-messaging-1-24-0 | https://docs.tibco.com/products/tibco-messaging-1-25-0 | https://docs.tibco.com/products/tibco-messaging-1-26-0 | https://docs.tibco.com/products/tibco-messaging-1-27-0,21,https://docs.tibco.com/pub/messaging-suite/tibco-messaging-1-20-0_documentation.zip | https://docs.tibco.com/pub/messaging-suite/tibco-messaging-1-19-0_documentation.zip | https://docs.tibco.com/pub/messaging-suite/tibco-messaging-1-18-0_documentation.zip | https://docs.tibco.com/pub/messaging-suite/tibco-messaging-1-17-0_documentation.zip | https://docs.tibco.com/pub/messaging-suite/tibco-messaging-1-16-0_documentation.zip | https://docs.tibco.com/pub/messaging-suite/tibco-messaging-1-15-0_documentation.zip | https://docs.tibco.com/pub/messaging-suite/tibco-messaging-1-14-0_documentation.zip | https://docs.tibco.com/pub/messaging-suite/tibco-messaging-1-13-0_documentation.zip | https://docs.tibco.com/pub/messaging-suite/tibco-messaging-1-12-0_documentation.zip | https://docs.tibco.com/pub/messaging-suite/tibco-messaging-1-11-0_documentation.zip | https://docs.tibco.com/pub/messaging-suite/tibco-messaging-1-10-0_documentation.zip | https://docs.tibco.com/pub/messaging-suite/tibco-messaging-1-9-0_documentation.zip | https://docs.tibco.com/pub/messaging-suite/tibco-messaging-1-8-0_documentation.zip | https://docs.tibco.com/pub/messaging-suite/tibco-messaging-1-7-0_documentation.zip | https://docs.tibco.com/pub/messaging-suite/tibco-messaging-1-6-0_documentation.zip | https://docs.tibco.com/pub/messaging-suite/tibco-messaging-1-5-0_documentation.zip | https://docs.tibco.com/pub/messaging-suite/tibco-messaging-1-4-0_documentation.zip | https://docs.tibco.com/pub/messaging-suite/tibco-messaging-1-3-0_documentation.zip | https://docs.tibco.com/pub/messaging-suite/tibco-messaging-1-2-0_documentation.zip | https://docs.tibco.com/pub/messaging-suite/tibco-messaging-1-1-0_documentation.zip | https://docs.tibco.com/pub/messaging-suite/tibco-messaging-1-0-0_documentation.zip
tibco-messaging-bridge-for-apache-kafka-community-edition,TIBCO® Messaging - Bridge for Apache Kafka - Community Edition,https://docs.tibco.com/products/tibco-messaging-bridge-for-apache-kafka-community-edition,6,,6,https://docs.tibco.com/products/tibco-messaging-bridge-for-apache-kafka-community-edition-2-4-0 | https://docs.tibco.com/products/tibco-messaging-apache-kafka-distribution-tibco-ftl-bridge-community-edition-2-0-0 | https://docs.tibco.com/products/tibco-messaging-apache-kafka-distribution-tibco-ftl-bridge-community-edition-2-1-0 | https://docs.tibco.com/products/tibco-messaging-bridge-for-apache-kafka-community-edition-2-2-0 | https://docs.tibco.com/products/tibco-messaging-bridge-for-apache-kafka-community-edition-2-3-0 | https://docs.tibco.com/products/tibco-messaging-bridge-for-apache-kafka-community-edition-2-3-1,0,
tibco-messaging-bridge-for-apache-kafka-enterprise-edition,TIBCO® Messaging - Bridge for Apache Kafka - Enterprise Edition,https://docs.tibco.com/products/tibco-messaging-bridge-for-apache-kafka-enterprise-edition,7,,6,https://docs.tibco.com/products/tibco-messaging-apache-kafka-distribution-tibco-ftl-bridge-enterprise-edition-1-0-0 | https://docs.tibco.com/products/tibco-messaging-apache-kafka-distribution-tibco-ftl-bridge-enterprise-edition-2-0-0 | https://docs.tibco.com/products/tibco-messaging-apache-kafka-distribution-tibco-ftl-bridge-enterprise-edition-2-1-0 | https://docs.tibco.com/products/tibco-messaging-bridge-for-apache-kafka-enterprise-edition-2-3-0 | https://docs.tibco.com/products/tibco-messaging-bridge-for-apache-kafka-enterprise-edition-2-3-1 | https://docs.tibco.com/products/tibco-messaging-bridge-for-apache-kafka-enterprise-edition-2-4-0,1,https://docs.tibco.com/pub/msg-akd-bridge/tibco-messaging-bridge-for-apache-kafka-enterprise-edition-2-2-0_documentation.zip
tibco-messaging-bridge-for-apache-pulsar-community-edition,TIBCO® Messaging - Bridge for Apache Pulsar - Community Edition,https://docs.tibco.com/products/tibco-messaging-bridge-for-apache-pulsar-community-edition,1,,1,https://docs.tibco.com/products/tibco-messaging-bridge-for-apache-pulsar-community-edition-1-0-0,0,
tibco-messaging-bridge-for-apache-pulsar-enterprise-edition,TIBCO® Messaging - Bridge for Apache Pulsar - Enterprise Edition,https://docs.tibco.com/products/tibco-messaging-bridge-for-apache-pulsar-enterprise-edition,1,,1,https://docs.tibco.com/products/tibco-messaging-bridge-for-apache-pulsar-enterprise-edition-1-0-0,0,
tibco-messaging-eclipse-mosquitto-distribution-bridge-enterprise-edition,TIBCO® Messaging - Eclipse Mosquitto Distribution - Bridge - Enterprise Edition,https://docs.tibco.com/products/tibco-messaging-eclipse-mosquitto-distribution-bridge-enterprise-edition,5,,0,,5,https://docs.tibco.com/pub/msg-emd-bridge/tibco-messaging-eclipse-mosquitto-distribution-bridge-enterprise-edition-2-0-7_documentation.zip | https://docs.tibco.com/pub/msg-emd-bridge/tibco-messaging-eclipse-mosquitto-distribution-bridge-enterprise-edition-1-3-0_documentation.zip | https://docs.tibco.com/pub/msg-emd-bridge/tibco-messaging-eclipse-mosquitto-distribution-bridge-enterprise-edition-1-2-0_documentation.zip | https://docs.tibco.com/pub/msg-emd-bridge/tibco-messaging-eclipse-mosquitto-distribution-bridge-enterprise-edition-1-1-0_documentation.zip | https://docs.tibco.com/pub/msg-emd-bridge/tibco-messaging-eclipse-mosquitto-distribution-bridge-enterprise-edition-1-0-0_documentation.zip
tibco-messaging-eclipse-mosquitto-distribution-core-enterprise-edition,TIBCO® Messaging - Eclipse Mosquitto Distribution - Core - Enterprise Edition,https://docs.tibco.com/products/tibco-messaging-eclipse-mosquitto-distribution-core-enterprise-edition,5,,0,,5,https://docs.tibco.com/pub/msg-emd-core/tibco-messaging-eclipse-mosquitto-distribution-core-enterprise-edition-2-0-7_documentation.zip | https://docs.tibco.com/pub/msg-emd-core/tibco-messaging-eclipse-mosquitto-distribution-core-enterprise-edition-1-3-0_documentation.zip | https://docs.tibco.com/pub/msg-emd-core/tibco-messaging-eclipse-mosquitto-distribution-core-enterprise-edition-1-2-0_documentation.zip | https://docs.tibco.com/pub/msg-emd-core/tibco-messaging-eclipse-mosquitto-distribution-core-enterprise-edition-1-1-0_documentation.zip | https://docs.tibco.com/pub/msg-emd-core/tibco-messaging-eclipse-mosquitto-distribution-core-enterprise-edition-1-0-0_documentation.zip
tibco-messaging-enterprise-edition,TIBCO® Messaging - Enterprise Edition,https://docs.tibco.com/products/tibco-messaging-enterprise-edition,7,,2,https://docs.tibco.com/products/tibco-messaging-enterprise-edition-3-3-0 | https://docs.tibco.com/products/tibco-messaging-enterprise-edition-3-4-0,5,https://docs.tibco.com/pub/messaging/tibco-messaging-enterprise-edition-3-2-0_documentation.zip | https://docs.tibco.com/pub/messaging/tibco-messaging-enterprise-edition-3-1-0_documentation.zip | https://docs.tibco.com/pub/messaging/tibco-messaging-enterprise-edition-3-0-0_documentation.zip | https://docs.tibco.com/pub/messaging/tibco-messaging-enterprise-edition-2-0-0_documentation.zip | https://docs.tibco.com/pub/messaging/1.0.0/tibco-messaging-enterprise-edition-1-0-0_documentation.zip
tibco-messaging-schema-repository-for-apache-kafka-community-edition,TIBCO® Messaging - Schema Repository for Apache Kafka - Community Edition,https://docs.tibco.com/products/tibco-messaging-schema-repository-for-apache-kafka-community-edition,8,,8,https://docs.tibco.com/products/tibco-messaging-schema-repository-for-apache-kafka-community-edition-1-6-0 | https://docs.tibco.com/products/tibco-messaging-apache-kafka-distribution-schema-repository-community-edition-1-0-0 | https://docs.tibco.com/products/tibco-messaging-apache-kafka-distribution-schema-repository-community-edition-1-0-1 | https://docs.tibco.com/products/tibco-messaging-schema-repository-for-apache-kafka-community-edition-1-1-0 | https://docs.tibco.com/products/tibco-messaging-schema-repository-for-apache-kafka-community-edition-1-2-0 | https://docs.tibco.com/products/tibco-messaging-schema-repository-for-apache-kafka-community-edition-1-3-0 | https://docs.tibco.com/products/tibco-messaging-schema-repository-for-apache-kafka-community-edition-1-4-0 | https://docs.tibco.com/products/tibco-messaging-schema-repository-for-apache-kafka-community-edition-1-5-0,0,
tibco-messaging-schema-repository-for-apache-kafka-enterprise-edition,TIBCO® Messaging - Schema Repository for Apache Kafka - Enterprise Edition,https://docs.tibco.com/products/tibco-messaging-schema-repository-for-apache-kafka-enterprise-edition,10,,4,https://docs.tibco.com/products/tibco-messaging-schema-repository-for-apache-kafka-enterprise-edition-1-5-0 | https://docs.tibco.com/products/tibco-messaging-schema-repository-for-apache-kafka-enterprise-edition-1-6-0 | https://docs.tibco.com/products/tibco-messaging-schema-repository-for-apache-kafka-enterprise-edition-2-0-0 | https://docs.tibco.com/products/tibco-messaging-schema-repository-for-apache-kafka-enterprise-edition-2-1-0,6,https://docs.tibco.com/pub/msg-akd-repo/tibco-messaging-schema-repository-for-apache-kafka-enterprise-edition-1-4-0_documentation.zip | https://docs.tibco.com/pub/msg-akd-repo/tibco-messaging-schema-repository-for-apache-kafka-enterprise-edition-1-3-0_documentation.zip | https://docs.tibco.com/pub/msg-akd-repo/tibco-messaging-schema-repository-for-apache-kafka-enterprise-edition-1-2-0_documentation.zip | https://docs.tibco.com/pub/msg-akd-repo/tibco-messaging-schema-repository-for-apache-kafka-enterprise-edition-1-1-0_documentation.zip | https://docs.tibco.com/pub/msg-akd-repo/tibco-messaging-apache-kafka-distribution-schema-repository-enterprise-edition-1-0-1_documentation.zip | https://docs.tibco.com/pub/msg-akd-repo/tibco-messaging-apache-kafka-distribution-schema-repository-enterprise-edition-1-0-0_documentation.zip
tibco-messaging-manager,TIBCO® Messaging Manager,https://docs.tibco.com/products/tibco-messaging-manager,7,,4,https://docs.tibco.com/products/tibco-messaging-manager-1-0-0 | https://docs.tibco.com/products/tibco-messaging-manager-1-1-0 | https://docs.tibco.com/products/tibco-messaging-manager-3-1-1 | https://docs.tibco.com/products/tibco-messaging-manager-4-0-0,3,https://docs.tibco.com/pub/msgmx/tibco-messaging-manager-3-1-0_documentation.zip | https://docs.tibco.com/pub/msgmx/tibco-messaging-manager-3-0-0_documentation.zip | https://docs.tibco.com/pub/msgmx/tibco-messaging-manager-2-0-0_documentation.zip
tibco-messaging-monitor-core,TIBCO® Messaging Monitor Core,https://docs.tibco.com/products/tibco-messaging-monitor-core,3,,3,https://docs.tibco.com/products/tibco-messaging-monitor-core-1-1-0 | https://docs.tibco.com/products/tibco-messaging-monitor-core-1-0-0 | https://docs.tibco.com/products/tibco-messaging-monitor-core-1-0-1,0,
tibco-messaging-monitor-for-apache-kafka,TIBCO® Messaging Monitor for Apache Kafka,https://docs.tibco.com/products/tibco-messaging-monitor-for-apache-kafka,2,,2,https://docs.tibco.com/products/tibco-messaging-monitor-for-apache-kafka-1-1-0 | https://docs.tibco.com/products/tibco-messaging-monitor-for-apache-kafka-1-0-0,0,
tibco-messaging-monitor-for-apache-pulsar,TIBCO® Messaging Monitor for Apache Pulsar,https://docs.tibco.com/products/tibco-messaging-monitor-for-apache-pulsar,2,,2,https://docs.tibco.com/products/tibco-messaging-monitor-for-apache-pulsar-1-1-0 | https://docs.tibco.com/products/tibco-messaging-monitor-for-apache-pulsar-1-0-0,0,
tibco-messaging-monitor-for-tibco-enterprise-message-service,TIBCO® Messaging Monitor for TIBCO Enterprise Message Service™,https://docs.tibco.com/products/tibco-messaging-monitor-for-tibco-enterprise-message-service,2,,2,https://docs.tibco.com/products/tibco-messaging-monitor-for-tibco-enterprise-message-service-1-1-0 | https://docs.tibco.com/products/tibco-messaging-monitor-for-tibco-enterprise-message-service-1-0-0,0,
tibco-messaging-monitor-for-tibco-ftl,TIBCO® Messaging Monitor for TIBCO FTL®,https://docs.tibco.com/products/tibco-messaging-monitor-for-tibco-ftl,1,,1,https://docs.tibco.com/products/tibco-messaging-monitor-for-tibco-ftl-1-0-0,0,
tibco-modelops,TIBCO® ModelOps,https://docs.tibco.com/products/tibco-modelops,4,,1,https://docs.tibco.com/products/tibco-modelops-1-3-0,3,https://docs.tibco.com/pub/modelops/tibco-modelops-1-2-0_documentation.zip | https://docs.tibco.com/pub/modelops/tibco-modelops-1-1-0_documentation.zip | https://docs.tibco.com/pub/modelops/tibco-modelops-1-0-0_documentation.zip
tibco-monitoring-1-0-0,TIBCO® Monitoring 1.0.0,https://docs.tibco.com/products/tibco-monitoring-1-0-0,1,,1,https://docs.tibco.com/products/tibco-monitoring-1-0-0,0,
tibco-object-service-broker,TIBCO® Object Service Broker,https://docs.tibco.com/products/tibco-object-service-broker,2,,2,https://docs.tibco.com/products/tibco-object-service-broker-6-0-0 | https://docs.tibco.com/products/tibco-object-service-broker-5-2-0,0,
tibco-offer-and-price-engine,TIBCO® Offer and Price Engine,https://docs.tibco.com/products/tibco-offer-and-price-engine,3,,1,https://docs.tibco.com/products/tibco-offer-and-price-engine-6-0-0,2,https://docs.tibco.com/pub/ope/tibco-offer-and-price-engine-5-1-0_documentation.zip | https://docs.tibco.com/pub/ope/tibco-offer-and-price-engine-5-0-0_documentation.zip
tibco-operational-intelligence-hawk-redtail,TIBCO® Operational Intelligence Hawk® RedTail,https://docs.tibco.com/products/tibco-operational-intelligence-hawk-redtail,25,,11,https://docs.tibco.com/products/tibco-hawk-6-2-2 | https://docs.tibco.com/products/tibco-operational-intelligence-hawk-redtail-7-2-1 | https://docs.tibco.com/products/tibco-operational-intelligence-hawk-redtail-7-2-2 | https://docs.tibco.com/products/tibco-hawk-6-2-3 | https://docs.tibco.com/products/tibco-hawk-6-2-4 | https://docs.tibco.com/products/tibco-hawk-6-3-0 | https://docs.tibco.com/products/tibco-operational-intelligence-hawk-redtail-7-3-0 | https://docs.tibco.com/products/tibco-hawk-6-2-5 | https://docs.tibco.com/products/tibco-hawk-6-3-1 | https://docs.tibco.com/products/tibco-operational-intelligence-hawk-redtail-7-4-0 | https://docs.tibco.com/products/tibco-operational-intelligence-hawk-redtail-7-5-0,14,https://docs.tibco.com/pub/oihr/tibco-operational-intelligence-hawk-redtail-7-2-0_documentation.zip | https://docs.tibco.com/pub/oihr/tibco-operational-intelligence-hawk-redtail-7-1-0_documentation.zip | https://docs.tibco.com/pub/oihrce/tibco-operational-intelligence-hawk-redtail-container-edition-7-0-1_documentation.zip | https://docs.tibco.com/pub/oihrce/tibco-operational-intelligence-hawk-redtail-container-edition-7-0-0_documentation.zip | https://docs.tibco.com/pub/hawk/tibco-hawk-6-2-1_documentation.zip | https://docs.tibco.com/pub/hawk/tibco-hawk-6-2-0_documentation.zip | https://docs.tibco.com/pub/hawk/tibco-hawk-6-1-0_documentation.zip | https://docs.tibco.com/pub/hawk/tibco-hawk-6-0-0_documentation.zip | https://docs.tibco.com/pub/hawk/tibco-hawk-5-2-0_documentation.zip | https://docs.tibco.com/pub/hawk/tibco-hawk-5-1-1_documentation.zip | https://docs.tibco.com/pub/hawk/tibco-hawk-5-1-0_documentation.zip | https://docs.tibco.com/pub/hawk/tibco-hawk-5-0-0_documentation.zip | https://docs.tibco.com/pub/hawk/tibco-hawk-4-9-1_documentation.zip | https://docs.tibco.com/pub/hawk/tibco-hawk-4-9-0_documentation.zip
tibco-orchestra-networks,TIBCO® Orchestra Networks,https://docs.tibco.com/products/tibco-orchestra-networks,1,,1,https://docs.tibco.com/products/tibco-orchestra-networks,0,
tibco-order-management,TIBCO® Order Management,https://docs.tibco.com/products/tibco-order-management,16,,4,https://docs.tibco.com/products/tibco-order-management-long-running-5-0-1 | https://docs.tibco.com/products/tibco-order-management-6-0-0 | https://docs.tibco.com/products/tibco-order-management-6-1-0 | https://docs.tibco.com/products/tibco-order-management-6-0-1,12,https://docs.tibco.com/pub/om/tibco-order-management-5-1-0_documentation.zip | https://docs.tibco.com/pub/om-lr/tibco-order-management-5-0-0_documentation.zip | https://docs.tibco.com/pub/fom/tibco-fulfillment-order-management-4-0-2_documentation.zip | https://docs.tibco.com/pub/af/tibco-fulfillment-order-management-4-0-1_documentation.zip | https://docs.tibco.com/pub/af/tibco-fulfillment-order-management-4-0-0_documentation.zip | https://docs.tibco.com/pub/af/tibco-fulfillment-order-management-3-0-2_documentation.zip | https://docs.tibco.com/pub/af/tibco-fulfillment-order-management-3-0-1_documentation.zip | https://docs.tibco.com/pub/af/tibco-fulfillment-order-management-3-0-0_documentation.zip | https://docs.tibco.com/pub/af/tibco-fulfillment-order-management-2-1-2_documentation.zip | https://docs.tibco.com/pub/activefulfillment/tibco-fulfillment-order-management-2-1-1_documentation.zip | https://docs.tibco.com/pub/activefulfillment/tibco-fulfillment-order-management-2-1-0_documentation.zip | https://docs.tibco.com/pub/activefulfillment/tibco-fulfillment-order-management-2-0-1_documentation.zip
tibco-patterns,TIBCO® Patterns,https://docs.tibco.com/products/tibco-patterns,15,,5,https://docs.tibco.com/products/ibi-patterns-search-6-0-0 | https://docs.tibco.com/products/ibi-patterns-search-6-1-0 | https://docs.tibco.com/products/ibi-patterns-search-6-1-1 | https://docs.tibco.com/products/tibco-patterns-6-1-2 | https://docs.tibco.com/products/tibco-patterns-6-2-0,10,https://docs.tibco.com/pub/tps/tibco-patterns-search-5-7-1_documentation.zip | https://docs.tibco.com/pub/tps/tibco-patterns-search-5-7-0_documentation.zip | https://docs.tibco.com/pub/tps/tibco-patterns-search-5-6-0_documentation.zip | https://docs.tibco.com/pub/tps/tibco-patterns-search-5-5-0_documentation.zip | https://docs.tibco.com/pub/tps/tibco-patterns-search-5-4-0_documentation.zip | https://docs.tibco.com/pub/tps/tibco-patterns-search-5-3-0_documentation.zip | https://docs.tibco.com/pub/tps/tibco-patterns-search-5-2-0_documentation.zip | https://docs.tibco.com/pub/tps/tibco-patterns-search-5-1-0_documentation.zip | https://docs.tibco.com/pub/patterns/tibco-patterns-5-0-0_documentation.zip | https://docs.tibco.com/pub/patterns/tibco-patterns-4-5-1_documentation.zip
tibco-platform,TIBCO® Platform,https://docs.tibco.com/products/tibco-platform,2,,2,https://docs.tibco.com/products/tibco-platform-1-1-0 | https://docs.tibco.com/products/tibco-platform-1-0-0,0,
tibco-platform-add-on-for-business-process-management,TIBCO® Platform Add-on for Business Process Management,https://docs.tibco.com/products/tibco-platform-add-on-for-business-process-management,1,,1,https://docs.tibco.com/products/tibco-platform-add-on-for-business-process-management-1-0-0,0,
tibco-platform-add-on-for-event-processing,TIBCO® Platform Add-on for Event Processing,https://docs.tibco.com/products/tibco-platform-add-on-for-event-processing,6,,6,https://docs.tibco.com/products/tibco-platform-add-on-for-event-processing-1-9-0 | https://docs.tibco.com/products/tibco-platform-add-on-for-event-processing-1-0-0 | https://docs.tibco.com/products/tibco-platform-add-on-for-event-processing-1-3-0 | https://docs.tibco.com/products/tibco-platform-add-on-for-event-processing-1-4-0 | https://docs.tibco.com/products/tibco-platform-add-on-for-event-processing-1-7-0 | https://docs.tibco.com/products/tibco-platform-add-on-for-event-processing-1-8-0,0,
tibco-platform-command-line-interface,TIBCO® Platform Command Line Interface,https://docs.tibco.com/products/tibco-platform-command-line-interface,2,,2,https://docs.tibco.com/products/tibco-platform-command-line-interface-1-2-0 | https://docs.tibco.com/products/tibco-platform-command-line-interface-1-1-0,0,
tibco-product-and-service-catalog,TIBCO® Product and Service Catalog,https://docs.tibco.com/products/tibco-product-and-service-catalog,14,,0,,14,https://docs.tibco.com/pub/cim-ac/tibco-product-and-service-catalog-5-1-0_documentation.zip | https://docs.tibco.com/pub/cim-ac/tibco-product-and-service-catalog-5-0-0_documentation.zip | https://docs.tibco.com/pub/cim-ac/tibco-fulfillment-catalog-4-1-0_documentation.zip | https://docs.tibco.com/pub/cim-ac/tibco-fulfillment-catalog-4-0-2_documentation.zip | https://docs.tibco.com/pub/cim-ac/tibco-fulfillment-catalog-4-0-1_documentation.zip | https://docs.tibco.com/pub/cim-ac/tibco-fulfillment-catalog-4-0-0_documentation.zip | https://docs.tibco.com/pub/cim-ac/tibco-fulfillment-catalog-3-1-0_documentation.zip | https://docs.tibco.com/pub/cim-ac/tibco-fulfillment-catalog-3-0-2_documentation.zip | https://docs.tibco.com/pub/cim-ac/tibco-fulfillment-catalog-3-0-1_documentation.zip | https://docs.tibco.com/pub/cim-ac/tibco-fulfillment-catalog-3-0-0_documentation.zip | https://docs.tibco.com/pub/activecatalog/tibco-fulfillment-catalog-2-1-0_documentation.zip | https://docs.tibco.com/pub/activecatalog/tibco-activecatalog-1-2_documentation.zip | https://docs.tibco.com/pub/activecatalog/tibco-activecatalog-1-1_documentation.zip | https://docs.tibco.com/pub/activecatalog/tibco-activecatalog-1-0-0_documentation.zip
tibco-product-and-service-catalog-powered-by-tibco-ebx,TIBCO® Product and Service Catalog powered by TIBCO EBX®,https://docs.tibco.com/products/tibco-product-and-service-catalog-powered-by-tibco-ebx,5,,3,https://docs.tibco.com/products/tibco-product-and-service-catalog-powered-by-tibco-ebx-1-0-0 | https://docs.tibco.com/products/tibco-product-and-service-catalog-powered-by-tibco-ebx-1-1-0 | https://docs.tibco.com/products/tibco-product-and-service-catalog-powered-by-tibco-ebx-2-0-0,2,https://docs.tibco.com/pub/psc-ebx/tibco-product-and-service-catalog-powered-by-tibco-ebx-1-2-1_documentation.zip | https://docs.tibco.com/pub/psc-ebx/tibco-product-and-service-catalog-powered-by-tibco-ebx-1-2-0_documentation.zip
tibco-product-and-service-inventory-2-1-0,TIBCO® Product and Service Inventory 2.1.0,https://docs.tibco.com/products/tibco-product-and-service-inventory-2-1-0,1,,1,https://docs.tibco.com/products/tibco-product-and-service-inventory-2-1-0,0,
tibco-red-enabled-for-ziip,TIBCO® RED Enabled for zIIP,https://docs.tibco.com/products/tibco-red-enabled-for-ziip,7,,1,https://docs.tibco.com/products/tibco-red-enabled-for-ziip-3-1-0,6,https://docs.tibco.com/pub/mfred-ziip/tibco-red-enabled-for-ziip-2-5-0_documentation.zip | https://docs.tibco.com/pub/mfred-ziip/tibco-red-enabled-for-ziip-2-4-0_documentation.zip | https://docs.tibco.com/pub/mfred-ziip/tibco-red-enabled-for-ziip-2-3-0_documentation.zip | https://docs.tibco.com/pub/mfred-ziip/tibco-red-enabled-for-ziip-2-2-0_documentation.zip | https://docs.tibco.com/pub/mfred-ziip/tibco-red-enabled-for-ziip-2-1-0_documentation.zip | https://docs.tibco.com/pub/mfred-ziip/tibco-red-enabled-for-ziip-1-0-0_documentation.zip
tibco-reward,TIBCO® Reward,https://docs.tibco.com/products/tibco-reward,42,,30,https://docs.tibco.com/products/tibco-reward-16-1-0 | https://docs.tibco.com/products/tibco-reward-16-2-0 | https://docs.tibco.com/products/tibco-reward-16-3-0 | https://docs.tibco.com/products/tibco-reward-16-4-0 | https://docs.tibco.com/products/tibco-reward-17-1-0 | https://docs.tibco.com/products/tibco-reward-17-2-0 | https://docs.tibco.com/products/tibco-reward-17-2-2 | https://docs.tibco.com/products/tibco-reward-17-3-0 | https://docs.tibco.com/products/tibco-reward-17-4-0 | https://docs.tibco.com/products/tibco-reward-17-4-1 | https://docs.tibco.com/products/tibco-reward-18-1-0 | https://docs.tibco.com/products/tibco-reward-18-2-0 | https://docs.tibco.com/products/tibco-reward-18-3-0 | https://docs.tibco.com/products/tibco-reward-18-3-1 | https://docs.tibco.com/products/tibco-reward-18-4-0 | https://docs.tibco.com/products/tibco-reward-19-1-0 | https://docs.tibco.com/products/tibco-reward-19-1-1 | https://docs.tibco.com/products/tibco-reward-19-2-0 | https://docs.tibco.com/products/tibco-reward-19-3-0 | https://docs.tibco.com/products/tibco-reward-19-3-1 | https://docs.tibco.com/products/tibco-reward-19-4-0 | https://docs.tibco.com/products/tibco-reward-20-2-0 | https://docs.tibco.com/products/tibco-reward-20-3-0 | https://docs.tibco.com/products/tibco-reward-20-1-0 | https://docs.tibco.com/products/tibco-reward-21-1-0 | https://docs.tibco.com/products/tibco-reward-21-2-0 | https://docs.tibco.com/products/tibco-reward-21-3-0 | https://docs.tibco.com/products/tibco-reward-21-4-0 | https://docs.tibco.com/products/tibco-reward-22-2-0 | https://docs.tibco.com/products/tibco-reward-22-3-0,12,https://docs.tibco.com/pub/loyalty/tibco-reward-17-2-1_documentation.zip | https://docs.tibco.com/pub/loyalty/tibco-reward-15-4-0_documentation.zip | https://docs.tibco.com/pub/loyalty_lab/tibco-reward-15-3-0_documentation.zip | https://docs.tibco.com/pub/loyalty_lab/tibco-reward-15-2-0_documentation.zip | https://docs.tibco.com/pub/loyalty_lab/tibco-loyalty-lab-reward-14-3-0_documentation.zip | https://docs.tibco.com/pub/loyalty_lab/tibco-loyalty-lab-reward-14-2-0_documentation.zip | https://docs.tibco.com/pub/loyalty_lab/tibco-loyalty-lab-reward-14-1-0_documentation.zip | https://docs.tibco.com/pub/loyalty_lab/tibco-loyalty-lab-reward-13-3-0_documentation.zip | https://docs.tibco.com/pub/loyalty_lab/tibco-loyalty-lab-reward-13-2-0_documentation.zip | https://docs.tibco.com/pub/loyalty_lab/tibco-loyalty-lab-reward-13-1-0_documentation.zip | https://docs.tibco.com/pub/loyalty_lab/tibco-loyalty-lab-reward-12-3-0_documentation.zip | https://docs.tibco.com/pub/loyalty_lab/tibco-loyalty-lab-reward-12-2-0_documentation.zip
tibco-rtview,TIBCO® RTView®,https://docs.tibco.com/products/tibco-rtview,11,,11,https://docs.tibco.com/products/tibco-rtview-7-6-0 | https://docs.tibco.com/products/tibco-rtview-5-9-1 | https://docs.tibco.com/products/tibco-rtview-6-0-0 | https://docs.tibco.com/products/tibco-rtview-6-2-1 | https://docs.tibco.com/products/tibco-rtview-6-4-0 | https://docs.tibco.com/products/tibco-rtview-6-5-0 | https://docs.tibco.com/products/tibco-rtview-6-8-0 | https://docs.tibco.com/products/tibco-rtview-6-9-0 | https://docs.tibco.com/products/tibco-rtview-7-0-0 | https://docs.tibco.com/products/tibco-rtview-7-1-0 | https://docs.tibco.com/products/tibco-rtview-7-5-0,0,
tibco-rtview-for-activematrix-businessworks,TIBCO® RTView® for ActiveMatrix BusinessWorks™,https://docs.tibco.com/products/tibco-rtview-for-activematrix-businessworks,10,,0,,6,https://docs.tibco.com/emp/rtview_bwmonitor/tibco-rtview-for-activematrix-businessworks-7-1-1_documentation.zip | https://docs.tibco.com/emp/rtview_bwmonitor/tibco-rtview-for-activematrix-businessworks-7-0-0_documentation.zip | https://docs.tibco.com/emp/rtview_bwmonitor/tibco-rtview-for-activematrix-businessworks-6-7-0_documentation.zip | https://docs.tibco.com/emp/rtview_bwmonitor/tibco-rtview-for-activematrix-businessworks-6-6-1_documentation.zip | https://docs.tibco.com/emp/rtview_bwmonitor/tibco-rtview-for-activematrix-businessworks-6-5-0_documentation.zip | https://docs.tibco.com/emp/rtview_bwmonitor/tibco-rtview-for-activematrix-businessworks-6-4-1_documentation.zip
tibco-rtview-for-tibco-activespaces,TIBCO® RTView® for TIBCO ActiveSpaces®,https://docs.tibco.com/products/tibco-rtview-for-tibco-activespaces,2,,0,,2,https://docs.tibco.com/emp/rtview-as/tibco-rtview-for-tibco-activespaces-7-1-2_documentation.zip | https://docs.tibco.com/emp/rtview-as/tibco-rtview-for-tibco-activespaces-7-1-0_documentation.zip
tibco-rtview-for-tibco-businessevents,TIBCO® RTView® for TIBCO BusinessEvents®,https://docs.tibco.com/products/tibco-rtview-for-tibco-businessevents,4,,0,,4,https://docs.tibco.com/pub/rtview-be/tibco-rtview-for-tibco-businessevents-7-1-1_documentation.zip | https://docs.tibco.com/pub/rtview-be/tibco-rtview-for-tibco-businessevents-7-0-0_documentation.zip | https://docs.tibco.com/pub/rtview-be/tibco-rtview-for-tibco-businessevents-3-5-0_documentation.zip | https://docs.tibco.com/pub/rtview-be/tibco-rtview-for-tibco-businessevents-1-5-3_documentation.zip
tibco-rtview-for-tibco-enterprise-message-service,TIBCO® RTView® for TIBCO Enterprise Message Service™,https://docs.tibco.com/products/tibco-rtview-for-tibco-enterprise-message-service,10,,0,,6,https://docs.tibco.com/emp/rtview_ems/tibco-rtview-for-tibco-enterprise-message-service-6-6-0_documentation.zip | https://docs.tibco.com/emp/rtview_ems/tibco-rtview-for-tibco-enterprise-message-service-6-5-0_documentation.zip | https://docs.tibco.com/emp/rtview_ems/tibco-rtview-ems-monitor-system-6-3-0_documentation.zip | https://docs.tibco.com/emp/rtview-ems-monitor-system/tibco-rtview-ems-monitor-system-6-2-1_documentation.zip | https://docs.tibco.com/emp/rtview-ems-monitor-system/tibco-rtview-ems-monitor-system-6-1-0_documentation.zip | https://docs.tibco.com/emp/rtview-ems-monitor-system/tibco-rtview-ems-monitor-system-6-0-0_documentation.zip
tibco-service-performance-manager,TIBCO® Service Performance Manager,https://docs.tibco.com/products/tibco-service-performance-manager,10,,8,https://docs.tibco.com/products/tibco-activematrix-service-performance-manager-1-3-3 | https://docs.tibco.com/products/tibco-activematrix-service-performance-manager-1-3-0 | https://docs.tibco.com/products/tibco-activematrix-service-performance-manager-1-2-0 | https://docs.tibco.com/products/tibco-activematrix-service-performance-manager-1-1-1 | https://docs.tibco.com/products/tibco-activematrix-service-performance-manager-1-3-2 | https://docs.tibco.com/products/tibco-activematrix-service-performance-manager-1-3-1 | https://docs.tibco.com/products/tibco-activematrix-service-performance-manager-2-0-1 | https://docs.tibco.com/products/tibco-service-performance-manager-2-2-1,2,https://docs.tibco.com/pub/spm/tibco-service-performance-manager-2-3-0_documentation.zip | https://docs.tibco.com/pub/activematrix_service_performance_manager/tibco-service-performance-manager-2-2-0_documentation.zip
tibco-streaming,TIBCO® Streaming,https://docs.tibco.com/products/tibco-streaming,22,,6,https://docs.tibco.com/products/spotfire-streaming-11-1-0 | https://docs.tibco.com/products/spotfire-streaming-11-1-1 | https://docs.tibco.com/products/tibco-streaming-11-2-0 | https://docs.tibco.com/products/tibco-streaming-11-2-1 | https://docs.tibco.com/products/tibco-streaming-11-1-2 | https://docs.tibco.com/products/tibco-streaming-11-1-3,16,https://docs.tibco.com/pub/str/tibco-streaming-11-0-1_documentation.zip | https://docs.tibco.com/pub/str/tibco-streaming-11-0-0_documentation.zip | https://docs.tibco.com/pub/str/tibco-streaming-10-6-6_documentation.zip | https://docs.tibco.com/pub/str/tibco-streaming-10-6-5_documentation.zip | https://docs.tibco.com/pub/str/tibco-streaming-10-6-4_documentation.zip | https://docs.tibco.com/pub/str/tibco-streaming-10-6-3_documentation.zip | https://docs.tibco.com/pub/str/tibco-streaming-10-6-2_documentation.zip | https://docs.tibco.com/pub/str/tibco-streaming-10-6-1_documentation.zip | https://docs.tibco.com/pub/str/tibco-streaming-10-6-0_documentation.zip | https://docs.tibco.com/pub/str/tibco-streaming-10-5-0_documentation.zip | https://docs.tibco.com/pub/str/tibco-streaming-10-4-5_documentation.zip | https://docs.tibco.com/pub/str/tibco-streaming-10-4-4_documentation.zip | https://docs.tibco.com/pub/str/tibco-streaming-10-4-3_documentation.zip | https://docs.tibco.com/pub/str/tibco-streaming-10-4-2_documentation.zip | https://docs.tibco.com/pub/str/tibco-streaming-10-4-1_documentation.zip | https://docs.tibco.com/pub/str/tibco-streaming-10-4-0_documentation.zip
tibco-streaming-for-3gpp,TIBCO® Streaming for 3GPP™,https://docs.tibco.com/products/tibco-streaming-for-3gpp,2,,1,https://docs.tibco.com/products/tibco-streaming-for-3gpp-1-1-0,1,https://docs.tibco.com/pub/str-gpp/tibco-streaming-for-3gpp-1-0-0_documentation.zip
tibco-trading-partner-management-rest-api,TIBCO® Trading Partner Management REST API,https://docs.tibco.com/products/tibco-trading-partner-management-rest-api,3,,1,https://docs.tibco.com/products/tibco-trading-partner-management-rest-api-1-1-0,2,https://docs.tibco.com/pub/tpm-rest/tibco-trading-partner-management-rest-api-1-0-1_documentation.zip | https://docs.tibco.com/pub/tpm-rest/tibco-trading-partner-management-rest-api-1-0-0_documentation.zip
tibco-vault,TIBCO® Vault,https://docs.tibco.com/products/tibco-vault,6,,0,,6,https://docs.tibco.com/pub/vault/tibco-vault-2-0-1_documentation.zip | https://docs.tibco.com/pub/vault/tibco-vault-2-0-0_documentation.zip | https://docs.tibco.com/pub/vault/tibco-vault-1-1-1_documentation.zip | https://docs.tibco.com/pub/vault/tibco-vault-1-1-0_documentation.zip | https://docs.tibco.com/pub/vault/tibco-vault-1-0-1_documentation.zip | https://docs.tibco.com/pub/vault/tibco-vault-1-0-0_documentation.zip
tibco-web-messaging-for-tibco-enterprise-message-service,TIBCO® Web Messaging for TIBCO Enterprise Message Service™,https://docs.tibco.com/products/tibco-web-messaging-for-tibco-enterprise-message-service,16,,0,,16,https://docs.tibco.com/emp/webmsgems/tibco-web-messaging-for-tibco-enterprise-message-service-4-0-9_documentation.zip | https://docs.tibco.com/emp/webmsgems/tibco-web-messaging-for-tibco-enterprise-message-service-4-0-7_documentation.zip | https://docs.tibco.com/emp/webmsgems/tibco-web-messaging-for-tibco-enterprise-message-service-4-0-6_documentation.zip | https://docs.tibco.com/emp/web-messaging-for-tibco-enterprise-message-service/tibco-web-messaging-for-tibco-enterprise-message-service-4-0-5_documentation.zip | https://docs.tibco.com/emp/web-messaging-for-tibco-enterprise-message-service/tibco-web-messaging-for-tibco-enterprise-message-service-4-0-2_documentation.zip | https://docs.tibco.com/emp/web-messaging-for-tibco-enterprise-message-service/tibco-web-messaging-for-tibco-enterprise-message-service-3-5-14_documentation.zip | https://docs.tibco.com/emp/web-messaging-for-tibco-enterprise-message-service/tibco-web-messaging-for-tibco-enterprise-message-service-3-5-13_documentation.zip | https://docs.tibco.com/emp/web-messaging-for-tibco-enterprise-message-service/tibco-web-messaging-for-tibco-enterprise-message-service-3-5-11_documentation.zip | https://docs.tibco.com/emp/web-messaging-for-tibco-enterprise-message-service/tibco-web-messaging-for-tibco-enterprise-message-service-3-5-8_documentation.zip | https://docs.tibco.com/emp/web-messaging-for-tibco-enterprise-message-service/tibco-web-messaging-for-tibco-enterprise-message-service-3-5-3_documentation.zip | https://docs.tibco.com/emp/web-messaging-for-tibco-enterprise-message-service/tibco-web-messaging-for-tibco-enterprise-message-service-3-5-0_documentation.zip | https://docs.tibco.com/emp/web-messaging-for-tibco-enterprise-message-service/tibco-web-messaging-for-tibco-enterprise-message-service-3-3-0_documentation.zip | https://docs.tibco.com/emp/web-messaging-for-tibco-enterprise-message-service/tibco-web-messaging-for-tibco-enterprise-message-service-3-2-5_documentation.zip | https://docs.tibco.com/emp/web-messaging-for-tibco-enterprise-message-service/tibco-web-messaging-for-tibco-enterprise-message-service-3-2-3_documentation.zip | https://docs.tibco.com/emp/web-messaging-for-tibco-enterprise-message-service/tibco-web-messaging-for-tibco-enterprise-message-service-3-1-2_documentation.zip | https://docs.tibco.com/emp/web-messaging-for-tibco-enterprise-message-service/tibco-web-messaging-for-tibco-enterprise-message-service-3-1-1_documentation.zip
